res_idx,res_name,res_class,occupancy
0,MET,hydrophobic,0.0
1,ALA,hydrophobic,0.0
2,SER,polar,0.0
3,GLU,neg_charged,0.0
4,LEU,hydrophobic,0.0
5,THR,polar,0.0
6,PRO,hydrophobic,0.0
7,GLU,neg_charged,0.0
8,GLU,neg_charged,0.0
9,ARG,pos_charged,0.0
10,SER,polar,0.0
11,GLU,neg_charged,0.0
12,LEU,hydrophobic,0.0
13,LYS,pos_charged,0.0
14,ASN,polar,0.0
15,SER,polar,0.0
16,ILE,hydrophobic,0.0
17,ALA,hydrophobic,0.0
18,GLU,neg_charged,0.0
19,PHE,hydrophobic,0.0
20,HIS,pos_charged,0.0
21,THR,polar,0.0
22,TYR,polar,0.0
23,GLN,polar,0.0
24,LEU,hydrophobic,0.0
25,ASP,neg_charged,0.0
26,PRO,hydrophobic,0.0
27,GLY,hydrophobic,0.0
28,SER,polar,0.0
29,CYS,polar,0.0
30,SER,polar,0.0
31,SER,polar,0.0
32,LEU,hydrophobic,0.0
33,HIS,pos_charged,0.0
34,ALA,hydrophobic,0.0
35,GLN,polar,0.0
36,ARG,pos_charged,0.0
37,ILE,hydrophobic,0.0
38,HIS,pos_charged,0.0
39,ALA,hydrophobic,0.0
40,PRO,hydrophobic,0.0
41,PRO,hydrophobic,0.0
42,GLU,neg_charged,0.0
43,LEU,hydrophobic,0.0
44,VAL,hydrophobic,0.0
45,TRP,hydrophobic,0.0
46,SER,polar,0.0
47,ILE,hydrophobic,0.0
48,VAL,hydrophobic,0.45107142857142857
49,ARG,pos_charged,0.0
50,ARG,pos_charged,0.026785714285714284
51,PHE,hydrophobic,0.09964285714285714
52,ASP,neg_charged,0.0
53,LYS,pos_charged,0.0
54,PRO,hydrophobic,0.4344642857142857
55,GLN,polar,0.0
56,THR,polar,0.0
57,TYR,polar,0.9078571428571428
58,VAL,hydrophobic,0.6730357142857143
59,HIS,pos_charged,0.0
60,PHE,hydrophobic,0.9830357142857142
61,ILE,hydrophobic,0.8194642857142858
62,LYS,pos_charged,0.0
63,SER,polar,0.0
64,CYS,polar,0.0
65,SER,polar,0.0
66,VAL,hydrophobic,0.0
67,GLU,neg_charged,0.0
68,GLN,polar,0.0
69,ASN,polar,0.0
70,PHE,hydrophobic,0.0
71,GLU,neg_charged,0.0
72,MET,hydrophobic,0.0
73,ARG,pos_charged,0.0
74,VAL,hydrophobic,0.0
75,GLY,hydrophobic,0.0
76,CYS,polar,0.0
77,THR,polar,0.0
78,ARG,pos_charged,0.8451785714285714
79,ASP,neg_charged,0.0
80,LEU,hydrophobic,0.7133928571428572
81,ILE,hydrophobic,0.0
82,VAL,hydrophobic,0.6658928571428572
83,ILE,hydrophobic,0.0
84,SER,polar,0.0
85,GLY,hydrophobic,0.0
86,LEU,hydrophobic,0.30339285714285713
87,PRO,hydrophobic,0.30660714285714286
88,ALA,hydrophobic,0.8530357142857142
89,ASN,polar,0.13857142857142857
90,THR,polar,0.09964285714285714
91,ALA,hydrophobic,0.7619642857142858
92,THR,polar,0.0
93,GLU,neg_charged,0.7376785714285714
94,ARG,pos_charged,0.0
95,LEU,hydrophobic,0.0
96,ASP,neg_charged,0.0
97,ILE,hydrophobic,0.0
98,LEU,hydrophobic,0.0
99,ASP,neg_charged,0.0
100,ASP,neg_charged,0.0
101,GLU,neg_charged,0.0
102,ARG,pos_charged,0.0
103,ARG,pos_charged,0.0
104,VAL,hydrophobic,0.0
105,THR,polar,0.0014285714285714286
106,GLY,hydrophobic,0.0
107,ALA,hydrophobic,0.0
108,SER,polar,0.0
109,VAL,hydrophobic,0.8039285714285714
110,ILE,hydrophobic,0.0
111,GLY,hydrophobic,0.10482142857142857
112,GLY,hydrophobic,0.017142857142857144
113,GLU,neg_charged,0.0007142857142857143
114,HIS,pos_charged,0.9210714285714285
115,ARG,pos_charged,0.00017857142857142857
116,VAL,hydrophobic,0.7991071428571429
117,THR,polar,0.018035714285714287
118,ASN,polar,0.0
119,GLU,neg_charged,0.8169642857142857
120,LYS,pos_charged,0.00017857142857142857
121,TRP,hydrophobic,0.9917857142857143
122,VAL,hydrophobic,0.0
123,THR,polar,0.2125
124,THR,polar,0.0
125,VAL,hydrophobic,0.0
126,HIS,pos_charged,0.0
127,ARG,pos_charged,0.0
128,PHE,hydrophobic,0.0
129,GLU,neg_charged,0.0
130,LYS,pos_charged,0.0
131,GLU,neg_charged,0.0
132,ASN,polar,0.0
133,ARG,pos_charged,0.0
134,ILE,hydrophobic,0.0
135,TRP,hydrophobic,0.0
136,THR,polar,0.0
137,VAL,hydrophobic,0.0
138,VAL,hydrophobic,0.0
139,LEU,hydrophobic,0.0
140,ARG,pos_charged,0.9583928571428572
141,SER,polar,0.0
142,TYR,polar,0.00125
143,VAL,hydrophobic,0.00035714285714285714
144,VAL,hydrophobic,0.0032142857142857142
145,ASP,neg_charged,0.0
146,MET,hydrophobic,0.0
147,PRO,hydrophobic,0.0
148,GLU,neg_charged,0.0
149,GLY,hydrophobic,0.0
150,ASN,polar,0.0
151,SER,polar,0.0
152,GLU,neg_charged,0.0
153,ASP,neg_charged,0.0
154,ASP,neg_charged,0.0
155,THR,polar,0.0
156,ARG,pos_charged,0.0
157,MET,hydrophobic,0.0
158,LEU,hydrophobic,0.2951785714285714
159,MET,hydrophobic,0.8808928571428571
160,ASP,neg_charged,0.0
161,THR,polar,0.0
162,PHE,hydrophobic,0.9948214285714285
163,PHE,hydrophobic,0.9960714285714286
164,LYS,pos_charged,0.0
165,LEU,hydrophobic,0.0
166,ALA,hydrophobic,0.7016071428571429
167,LEU,hydrophobic,0.0
168,GLN,polar,0.0
169,LYS,pos_charged,0.0
170,LEU,hydrophobic,0.004285714285714286
171,ALA,hydrophobic,0.0
172,THR,polar,0.0
173,VAL,hydrophobic,0.0
174,ALA,hydrophobic,0.0
175,GLU,neg_charged,0.0
176,ALA,hydrophobic,0.0
177,MET,hydrophobic,0.0
178,ALA,hydrophobic,0.0
179,ARG,pos_charged,0.0
180,ASN,polar,0.0
