frame,n_hydrophobic,n_polar,n_pos_charged,n_neg_charged,n_other,n_total,frac_hydrophobic
0,12,0,2,1,0,15,0.8
1,11,1,1,0,0,13,0.8461538461538461
2,11,2,2,0,0,15,0.7333333333333333
3,12,1,2,0,0,15,0.8
4,11,1,2,0,0,14,0.7857142857142857
5,11,1,1,0,0,13,0.8461538461538461
6,11,1,2,0,0,14,0.7857142857142857
7,12,1,1,0,0,14,0.8571428571428571
8,9,1,2,0,0,12,0.75
9,11,1,1,0,0,13,0.8461538461538461
10,12,1,1,0,0,14,0.8571428571428571
11,9,1,2,0,0,12,0.75
12,14,1,2,0,0,17,0.8235294117647058
13,13,1,2,0,0,16,0.8125
14,11,1,2,1,0,15,0.7333333333333333
15,13,1,2,0,0,16,0.8125
16,14,1,2,0,0,17,0.8235294117647058
17,13,1,2,0,0,16,0.8125
18,11,1,2,1,0,15,0.7333333333333333
19,12,1,1,0,0,14,0.8571428571428571
20,13,1,2,0,0,16,0.8125
21,13,1,2,1,0,17,0.7647058823529411
22,10,1,2,0,0,13,0.7692307692307693
23,13,0,3,0,0,16,0.8125
24,16,1,3,1,0,21,0.7619047619047619
25,15,2,3,2,0,22,0.6818181818181818
26,15,2,3,1,0,21,0.7142857142857143
27,15,2,3,1,0,21,0.7142857142857143
28,14,1,3,1,0,19,0.7368421052631579
29,14,2,2,1,0,19,0.7368421052631579
30,16,2,3,1,0,22,0.7272727272727273
31,15,2,3,1,0,21,0.7142857142857143
32,13,2,3,1,0,19,0.6842105263157895
33,13,2,3,2,0,20,0.65
34,14,2,3,1,0,20,0.7
35,16,2,3,1,0,22,0.7272727272727273
36,15,2,3,1,0,21,0.7142857142857143
37,16,2,3,2,0,23,0.6956521739130435
38,16,1,3,2,0,22,0.7272727272727273
39,13,2,3,1,0,19,0.6842105263157895
40,16,1,3,1,0,21,0.7619047619047619
41,13,2,3,0,0,18,0.7222222222222222
42,14,1,3,1,0,19,0.7368421052631579
43,16,2,3,1,0,22,0.7272727272727273
44,12,2,3,1,0,18,0.6666666666666666
45,11,2,3,1,0,17,0.6470588235294118
46,15,1,3,1,0,20,0.75
47,14,1,3,1,0,19,0.7368421052631579
48,15,2,3,1,0,21,0.7142857142857143
49,13,2,3,1,0,19,0.6842105263157895
50,16,2,3,2,0,23,0.6956521739130435
51,15,2,3,1,0,21,0.7142857142857143
52,15,2,3,2,0,22,0.6818181818181818
53,13,1,3,1,0,18,0.7222222222222222
54,12,2,3,1,0,18,0.6666666666666666
55,15,2,3,1,0,21,0.7142857142857143
56,14,1,3,2,0,20,0.7
57,15,2,3,2,0,22,0.6818181818181818
58,13,2,2,1,0,18,0.7222222222222222
59,15,2,3,0,0,20,0.75
60,14,2,3,0,0,19,0.7368421052631579
61,15,0,3,0,0,18,0.8333333333333334
62,14,1,3,1,0,19,0.7368421052631579
63,16,1,3,1,0,21,0.7619047619047619
64,15,2,3,1,0,21,0.7142857142857143
65,14,2,3,0,0,19,0.7368421052631579
66,15,1,3,1,0,20,0.75
67,15,0,3,1,0,19,0.7894736842105263
68,14,1,3,1,0,19,0.7368421052631579
69,12,1,3,1,0,17,0.7058823529411765
70,15,2,3,1,0,21,0.7142857142857143
71,15,2,2,1,0,20,0.75
72,14,2,3,1,0,20,0.7
73,14,2,3,2,0,21,0.6666666666666666
74,13,0,3,1,0,17,0.7647058823529411
75,14,2,3,1,0,20,0.7
76,13,1,2,0,0,16,0.8125
77,13,2,3,1,0,19,0.6842105263157895
78,16,2,3,1,0,22,0.7272727272727273
79,14,1,3,1,0,19,0.7368421052631579
80,14,1,3,2,0,20,0.7
81,14,2,2,0,0,18,0.7777777777777778
82,14,1,3,0,0,18,0.7777777777777778
83,14,1,2,0,0,17,0.8235294117647058
84,15,1,2,0,0,18,0.8333333333333334
85,15,1,3,0,0,19,0.7894736842105263
86,13,1,2,0,0,16,0.8125
87,13,1,1,1,0,16,0.8125
88,16,2,2,0,0,20,0.8
89,14,1,1,0,0,16,0.875
90,14,2,1,0,0,17,0.8235294117647058
91,13,1,0,0,0,14,0.9285714285714286
92,14,1,2,0,0,17,0.8235294117647058
93,13,1,2,0,0,16,0.8125
94,12,1,1,0,0,14,0.8571428571428571
95,14,1,0,0,0,15,0.9333333333333333
96,15,1,1,0,0,17,0.8823529411764706
97,16,2,2,1,0,21,0.7619047619047619
98,13,1,1,1,0,16,0.8125
99,15,0,2,0,0,17,0.8823529411764706
100,13,1,1,0,0,15,0.8666666666666667
101,13,1,1,1,0,16,0.8125
102,14,1,1,0,0,16,0.875
103,13,1,1,0,0,15,0.8666666666666667
104,13,2,1,0,0,16,0.8125
105,14,1,1,0,0,16,0.875
106,12,1,1,0,0,14,0.8571428571428571
107,13,2,2,0,0,17,0.7647058823529411
108,13,2,1,0,0,16,0.8125
109,13,1,1,0,0,15,0.8666666666666667
110,14,1,1,0,0,16,0.875
111,12,1,1,0,0,14,0.8571428571428571
112,13,2,2,0,0,17,0.7647058823529411
113,11,2,2,0,0,15,0.7333333333333333
114,14,2,1,0,0,17,0.8235294117647058
115,15,2,2,0,0,19,0.7894736842105263
116,13,2,0,0,0,15,0.8666666666666667
117,16,2,1,0,0,19,0.8421052631578947
118,13,1,1,0,0,15,0.8666666666666667
119,13,2,0,0,0,15,0.8666666666666667
120,14,2,1,0,0,17,0.8235294117647058
121,14,2,1,0,0,17,0.8235294117647058
122,13,2,0,0,0,15,0.8666666666666667
123,13,2,0,0,0,15,0.8666666666666667
124,14,2,0,0,0,16,0.875
125,11,2,1,0,0,14,0.7857142857142857
126,13,2,0,0,0,15,0.8666666666666667
127,13,2,0,0,0,15,0.8666666666666667
128,12,2,1,0,0,15,0.8
129,14,2,1,0,0,17,0.8235294117647058
130,11,2,1,0,0,14,0.7857142857142857
131,14,2,2,0,0,18,0.7777777777777778
132,14,2,2,0,0,18,0.7777777777777778
133,9,2,1,0,0,12,0.75
134,14,2,2,0,0,18,0.7777777777777778
135,12,2,3,0,0,17,0.7058823529411765
136,11,1,2,0,0,14,0.7857142857142857
137,11,0,3,1,0,15,0.7333333333333333
138,13,1,3,1,0,18,0.7222222222222222
139,14,1,3,0,0,18,0.7777777777777778
140,13,0,3,0,0,16,0.8125
141,14,1,3,0,0,18,0.7777777777777778
142,14,2,3,1,0,20,0.7
143,15,2,3,1,0,21,0.7142857142857143
144,15,2,3,0,0,20,0.75
145,15,2,3,0,0,20,0.75
146,14,2,3,0,0,19,0.7368421052631579
147,16,2,3,1,0,22,0.7272727272727273
148,17,1,3,1,0,22,0.7727272727272727
149,16,1,3,1,0,21,0.7619047619047619
150,16,2,3,1,0,22,0.7272727272727273
151,16,1,3,1,0,21,0.7619047619047619
152,14,1,3,1,0,19,0.7368421052631579
153,16,2,3,1,0,22,0.7272727272727273
154,15,2,3,1,0,21,0.7142857142857143
155,16,2,3,1,0,22,0.7272727272727273
156,14,2,3,1,0,20,0.7
157,15,1,3,0,0,19,0.7894736842105263
158,16,1,3,1,0,21,0.7619047619047619
159,14,2,3,1,0,20,0.7
160,15,1,3,1,0,20,0.75
161,16,1,3,1,0,21,0.7619047619047619
162,16,2,3,1,0,22,0.7272727272727273
163,14,1,3,1,0,19,0.7368421052631579
164,15,0,3,0,0,18,0.8333333333333334
165,14,0,3,1,0,18,0.7777777777777778
166,17,1,3,1,0,22,0.7727272727272727
167,14,1,3,0,0,18,0.7777777777777778
168,15,1,3,0,0,19,0.7894736842105263
169,13,1,3,1,0,18,0.7222222222222222
170,15,1,3,1,0,20,0.75
171,15,1,3,1,0,20,0.75
172,14,1,3,1,0,19,0.7368421052631579
173,13,1,3,1,0,18,0.7222222222222222
174,12,1,2,1,0,16,0.75
175,14,1,3,1,0,19,0.7368421052631579
176,16,1,3,0,0,20,0.8
177,12,2,3,0,0,17,0.7058823529411765
178,15,1,3,1,0,20,0.75
179,15,1,3,0,0,19,0.7894736842105263
180,15,1,3,1,0,20,0.75
181,15,1,4,0,0,20,0.75
182,15,2,4,0,0,21,0.7142857142857143
183,16,1,3,0,0,20,0.8
184,14,2,3,1,0,20,0.7
185,15,1,3,1,0,20,0.75
186,15,1,3,0,0,19,0.7894736842105263
187,16,0,3,1,0,20,0.8
188,16,0,3,1,0,20,0.8
189,14,2,3,0,0,19,0.7368421052631579
190,15,2,4,0,0,21,0.7142857142857143
191,14,2,3,0,0,19,0.7368421052631579
192,13,2,3,0,0,18,0.7222222222222222
193,14,2,3,0,0,19,0.7368421052631579
194,15,1,3,0,0,19,0.7894736842105263
195,14,2,3,0,0,19,0.7368421052631579
196,14,2,3,1,0,20,0.7
197,13,1,3,0,0,17,0.7647058823529411
198,12,2,3,0,0,17,0.7058823529411765
199,14,1,2,0,0,17,0.8235294117647058
200,14,2,2,0,0,18,0.7777777777777778
201,12,2,3,0,0,17,0.7058823529411765
202,15,2,2,0,0,19,0.7894736842105263
203,16,1,3,0,0,20,0.8
204,14,1,2,0,0,17,0.8235294117647058
205,13,3,3,0,0,19,0.6842105263157895
206,13,3,3,0,0,19,0.6842105263157895
207,12,3,3,0,0,18,0.6666666666666666
208,13,2,3,0,0,18,0.7222222222222222
209,14,3,3,0,0,20,0.7
210,14,2,3,0,0,19,0.7368421052631579
211,12,2,3,0,0,17,0.7058823529411765
212,14,2,3,0,0,19,0.7368421052631579
213,13,2,3,0,0,18,0.7222222222222222
214,14,2,2,0,0,18,0.7777777777777778
215,13,2,3,0,0,18,0.7222222222222222
216,12,1,3,0,0,16,0.75
217,13,1,3,0,0,17,0.7647058823529411
218,13,2,3,0,0,18,0.7222222222222222
219,14,3,3,0,0,20,0.7
220,12,2,3,0,0,17,0.7058823529411765
221,13,1,3,0,0,17,0.7647058823529411
222,11,2,2,0,0,15,0.7333333333333333
223,12,1,3,0,0,16,0.75
224,12,3,3,0,0,18,0.6666666666666666
225,13,2,3,0,0,18,0.7222222222222222
226,12,2,3,0,0,17,0.7058823529411765
227,12,2,3,0,0,17,0.7058823529411765
228,10,2,3,0,0,15,0.6666666666666666
229,11,1,1,0,0,13,0.8461538461538461
230,15,1,1,0,0,17,0.8823529411764706
231,11,2,3,0,0,16,0.6875
232,15,1,2,0,0,18,0.8333333333333334
233,13,3,3,0,0,19,0.6842105263157895
234,12,1,3,0,0,16,0.75
235,11,1,3,0,0,15,0.7333333333333333
236,13,1,3,0,0,17,0.7647058823529411
237,15,1,3,0,0,19,0.7894736842105263
238,14,1,3,0,0,18,0.7777777777777778
239,15,2,3,1,0,21,0.7142857142857143
240,15,2,3,1,0,21,0.7142857142857143
241,15,1,3,0,0,19,0.7894736842105263
242,16,2,3,0,0,21,0.7619047619047619
243,14,0,3,0,0,17,0.8235294117647058
244,13,1,3,0,0,17,0.7647058823529411
245,11,2,3,0,0,16,0.6875
246,13,2,3,0,0,18,0.7222222222222222
247,13,2,3,0,0,18,0.7222222222222222
248,14,3,3,0,0,20,0.7
249,13,2,3,0,0,18,0.7222222222222222
250,13,2,3,0,0,18,0.7222222222222222
251,14,2,3,0,0,19,0.7368421052631579
252,13,2,3,0,0,18,0.7222222222222222
253,13,2,3,0,0,18,0.7222222222222222
254,14,3,3,0,0,20,0.7
255,12,3,3,0,0,18,0.6666666666666666
256,13,2,3,0,0,18,0.7222222222222222
257,13,2,3,0,0,18,0.7222222222222222
258,11,2,3,0,0,16,0.6875
259,13,2,3,0,0,18,0.7222222222222222
260,16,2,2,0,0,20,0.8
261,14,1,3,0,0,18,0.7777777777777778
262,13,2,3,0,0,18,0.7222222222222222
263,13,2,3,0,0,18,0.7222222222222222
264,14,2,3,0,0,19,0.7368421052631579
265,14,3,3,0,0,20,0.7
266,14,2,3,0,0,19,0.7368421052631579
267,13,3,3,0,0,19,0.6842105263157895
268,14,2,3,0,0,19,0.7368421052631579
269,13,2,2,0,0,17,0.7647058823529411
270,12,3,3,0,0,18,0.6666666666666666
271,14,1,3,0,0,18,0.7777777777777778
272,14,1,3,0,0,18,0.7777777777777778
273,13,2,3,0,0,18,0.7222222222222222
274,14,2,3,0,0,19,0.7368421052631579
275,14,2,3,0,0,19,0.7368421052631579
276,14,2,3,0,0,19,0.7368421052631579
277,14,0,3,0,0,17,0.8235294117647058
278,14,2,3,0,0,19,0.7368421052631579
279,14,1,4,0,0,19,0.7368421052631579
280,14,1,3,0,0,18,0.7777777777777778
281,15,1,3,0,0,19,0.7894736842105263
282,14,1,4,0,0,19,0.7368421052631579
283,13,1,4,0,0,18,0.7222222222222222
284,14,1,4,0,0,19,0.7368421052631579
285,15,1,3,0,0,19,0.7894736842105263
286,13,1,4,0,0,18,0.7222222222222222
287,13,2,3,0,0,18,0.7222222222222222
288,13,2,3,0,0,18,0.7222222222222222
289,14,2,3,0,0,19,0.7368421052631579
290,12,2,3,0,0,17,0.7058823529411765
291,13,2,3,0,0,18,0.7222222222222222
292,10,1,3,0,0,14,0.7142857142857143
293,12,2,3,0,0,17,0.7058823529411765
294,12,3,3,0,0,18,0.6666666666666666
295,13,3,3,0,0,19,0.6842105263157895
296,12,3,3,0,0,18,0.6666666666666666
297,12,2,3,0,0,17,0.7058823529411765
298,13,3,3,0,0,19,0.6842105263157895
299,14,3,3,0,0,20,0.7
300,13,2,3,0,0,18,0.7222222222222222
301,13,2,3,0,0,18,0.7222222222222222
302,12,1,3,0,0,16,0.75
303,13,3,3,0,0,19,0.6842105263157895
304,13,3,3,0,0,19,0.6842105263157895
305,12,3,3,0,0,18,0.6666666666666666
306,12,3,2,0,0,17,0.7058823529411765
307,15,3,3,0,0,21,0.7142857142857143
308,12,3,3,0,0,18,0.6666666666666666
309,12,2,3,0,0,17,0.7058823529411765
310,13,3,3,0,0,19,0.6842105263157895
311,13,3,3,0,0,19,0.6842105263157895
312,14,2,3,0,0,19,0.7368421052631579
313,13,2,3,0,0,18,0.7222222222222222
314,11,2,3,0,0,16,0.6875
315,12,1,3,0,0,16,0.75
316,16,2,3,0,0,21,0.7619047619047619
317,14,2,3,0,0,19,0.7368421052631579
318,11,2,3,0,0,16,0.6875
319,13,3,3,0,0,19,0.6842105263157895
320,12,3,3,0,0,18,0.6666666666666666
321,13,3,3,0,0,19,0.6842105263157895
322,13,3,3,0,0,19,0.6842105263157895
323,14,3,3,0,0,20,0.7
324,11,2,3,0,0,16,0.6875
325,13,3,3,0,0,19,0.6842105263157895
326,12,3,3,0,0,18,0.6666666666666666
327,11,2,3,0,0,16,0.6875
328,11,2,3,0,0,16,0.6875
329,13,3,3,0,0,19,0.6842105263157895
330,10,3,3,0,0,16,0.625
331,12,2,3,0,0,17,0.7058823529411765
332,12,3,3,0,0,18,0.6666666666666666
333,12,3,3,0,0,18,0.6666666666666666
334,11,2,3,0,0,16,0.6875
335,13,2,3,0,0,18,0.7222222222222222
336,15,3,3,0,0,21,0.7142857142857143
337,13,3,2,0,0,18,0.7222222222222222
338,12,3,1,0,0,16,0.75
339,11,3,3,0,0,17,0.6470588235294118
340,13,3,2,0,0,18,0.7222222222222222
341,12,1,3,0,0,16,0.75
342,13,3,3,0,0,19,0.6842105263157895
343,12,2,3,0,0,17,0.7058823529411765
344,13,2,3,0,0,18,0.7222222222222222
345,11,2,3,0,0,16,0.6875
346,12,2,3,0,0,17,0.7058823529411765
347,14,3,2,0,0,19,0.7368421052631579
348,14,1,4,0,0,19,0.7368421052631579
349,13,2,4,0,0,19,0.6842105263157895
350,12,1,3,0,0,16,0.75
351,14,1,3,0,0,18,0.7777777777777778
352,16,1,3,0,0,20,0.8
353,12,1,4,0,0,17,0.7058823529411765
354,11,1,3,0,0,15,0.7333333333333333
355,13,1,3,0,0,17,0.7647058823529411
356,12,1,4,0,0,17,0.7058823529411765
357,12,2,3,0,0,17,0.7058823529411765
358,11,2,3,0,0,16,0.6875
359,12,3,2,0,0,17,0.7058823529411765
360,11,3,2,0,0,16,0.6875
361,12,1,2,0,0,15,0.8
362,12,1,2,0,0,15,0.8
363,14,1,4,1,0,20,0.7
364,15,1,3,1,0,20,0.75
365,11,1,4,0,0,16,0.6875
366,16,1,4,0,0,21,0.7619047619047619
367,14,2,3,0,0,19,0.7368421052631579
368,12,2,2,0,0,16,0.75
369,13,2,3,0,0,18,0.7222222222222222
370,13,2,2,0,0,17,0.7647058823529411
371,14,2,2,0,0,18,0.7777777777777778
372,13,2,2,0,0,17,0.7647058823529411
373,12,2,2,0,0,16,0.75
374,13,1,3,0,0,17,0.7647058823529411
375,14,1,3,0,0,18,0.7777777777777778
376,14,1,2,0,0,17,0.8235294117647058
377,13,2,2,0,0,17,0.7647058823529411
378,12,1,2,0,0,15,0.8
379,10,3,2,0,0,15,0.6666666666666666
380,12,2,3,0,0,17,0.7058823529411765
381,12,2,3,0,0,17,0.7058823529411765
382,13,2,3,0,0,18,0.7222222222222222
383,13,1,2,0,0,16,0.8125
384,12,2,2,0,0,16,0.75
385,14,2,2,0,0,18,0.7777777777777778
386,12,2,3,0,0,17,0.7058823529411765
387,10,2,2,0,0,14,0.7142857142857143
388,12,2,3,0,0,17,0.7058823529411765
389,12,2,2,0,0,16,0.75
390,11,2,2,0,0,15,0.7333333333333333
391,14,1,4,0,0,19,0.7368421052631579
392,12,1,3,0,0,16,0.75
393,11,2,2,0,0,15,0.7333333333333333
394,14,1,3,0,0,18,0.7777777777777778
395,13,1,3,0,0,17,0.7647058823529411
396,14,2,1,0,0,17,0.8235294117647058
397,13,2,3,0,0,18,0.7222222222222222
398,14,2,3,0,0,19,0.7368421052631579
399,12,2,3,0,0,17,0.7058823529411765
400,11,1,3,0,0,15,0.7333333333333333
401,13,2,3,0,0,18,0.7222222222222222
402,15,1,2,1,0,19,0.7894736842105263
403,14,1,3,0,0,18,0.7777777777777778
404,12,0,2,0,0,14,0.8571428571428571
405,13,2,3,0,0,18,0.7222222222222222
406,14,1,2,0,0,17,0.8235294117647058
407,13,1,2,0,0,16,0.8125
408,13,2,3,0,0,18,0.7222222222222222
409,14,1,2,0,0,17,0.8235294117647058
410,13,2,3,0,0,18,0.7222222222222222
411,13,2,3,0,0,18,0.7222222222222222
412,12,2,2,0,0,16,0.75
413,12,2,2,0,0,16,0.75
414,14,1,2,0,0,17,0.8235294117647058
415,13,1,2,0,0,16,0.8125
416,13,2,2,0,0,17,0.7647058823529411
417,13,1,2,0,0,16,0.8125
418,13,2,3,0,0,18,0.7222222222222222
419,15,2,3,0,0,20,0.75
420,14,2,2,0,0,18,0.7777777777777778
421,14,2,4,0,0,20,0.7
422,13,2,3,0,0,18,0.7222222222222222
423,14,2,3,0,0,19,0.7368421052631579
424,10,2,3,0,0,15,0.6666666666666666
425,12,3,2,0,0,17,0.7058823529411765
426,13,2,3,0,0,18,0.7222222222222222
427,11,2,2,0,0,15,0.7333333333333333
428,12,2,2,0,0,16,0.75
429,12,2,3,0,0,17,0.7058823529411765
430,12,2,2,0,0,16,0.75
431,13,2,2,0,0,17,0.7647058823529411
432,14,1,2,0,0,17,0.8235294117647058
433,13,2,2,0,0,17,0.7647058823529411
434,14,3,3,0,0,20,0.7
435,13,2,2,0,0,17,0.7647058823529411
436,15,3,3,0,0,21,0.7142857142857143
437,15,2,3,0,0,20,0.75
438,15,1,2,0,0,18,0.8333333333333334
439,15,2,4,0,0,21,0.7142857142857143
440,13,2,3,0,0,18,0.7222222222222222
441,14,1,4,0,0,19,0.7368421052631579
442,14,1,4,0,0,19,0.7368421052631579
443,15,1,4,0,0,20,0.75
444,12,1,3,0,0,16,0.75
445,14,2,2,0,0,18,0.7777777777777778
446,14,2,3,0,0,19,0.7368421052631579
447,15,1,3,0,0,19,0.7894736842105263
448,14,2,3,0,0,19,0.7368421052631579
449,13,1,4,0,0,18,0.7222222222222222
450,14,2,3,0,0,19,0.7368421052631579
451,13,2,4,0,0,19,0.6842105263157895
452,14,1,3,0,0,18,0.7777777777777778
453,16,1,3,0,0,20,0.8
454,14,2,3,0,0,19,0.7368421052631579
455,14,1,3,0,0,18,0.7777777777777778
456,14,2,3,0,0,19,0.7368421052631579
457,12,1,3,0,0,16,0.75
458,12,1,3,0,0,16,0.75
459,12,1,3,0,0,16,0.75
460,17,2,4,0,0,23,0.7391304347826086
461,12,1,3,0,0,16,0.75
462,15,1,3,0,0,19,0.7894736842105263
463,13,2,3,0,0,18,0.7222222222222222
464,11,0,3,0,0,14,0.7857142857142857
465,13,1,3,0,0,17,0.7647058823529411
466,13,2,3,0,0,18,0.7222222222222222
467,14,1,3,0,0,18,0.7777777777777778
468,13,2,3,0,0,18,0.7222222222222222
469,14,2,3,0,0,19,0.7368421052631579
470,13,2,3,0,0,18,0.7222222222222222
471,13,1,2,0,0,16,0.8125
472,13,2,3,0,0,18,0.7222222222222222
473,12,2,3,0,0,17,0.7058823529411765
474,12,3,3,0,0,18,0.6666666666666666
475,12,1,3,0,0,16,0.75
476,15,1,3,0,0,19,0.7894736842105263
477,13,1,4,0,0,18,0.7222222222222222
478,12,1,3,0,0,16,0.75
479,12,1,3,0,0,16,0.75
480,13,1,3,0,0,17,0.7647058823529411
481,13,1,3,0,0,17,0.7647058823529411
482,13,1,2,0,0,16,0.8125
483,11,0,2,0,0,13,0.8461538461538461
484,14,0,4,0,0,18,0.7777777777777778
485,13,0,3,0,0,16,0.8125
486,13,1,3,0,0,17,0.7647058823529411
487,14,1,4,0,0,19,0.7368421052631579
488,14,1,3,0,0,18,0.7777777777777778
489,13,1,3,0,0,17,0.7647058823529411
490,14,1,4,0,0,19,0.7368421052631579
491,13,2,3,0,0,18,0.7222222222222222
492,13,2,3,0,0,18,0.7222222222222222
493,15,1,4,0,0,20,0.75
494,13,1,3,0,0,17,0.7647058823529411
495,11,1,2,0,0,14,0.7857142857142857
496,13,1,3,0,0,17,0.7647058823529411
497,13,0,3,1,0,17,0.7647058823529411
498,12,0,2,0,0,14,0.8571428571428571
499,12,1,2,0,0,15,0.8
500,13,1,4,1,0,19,0.6842105263157895
501,14,1,3,0,0,18,0.7777777777777778
502,13,1,4,0,0,18,0.7222222222222222
503,13,1,4,0,0,18,0.7222222222222222
504,12,1,2,0,0,15,0.8
505,13,1,2,0,0,16,0.8125
506,13,1,2,0,0,16,0.8125
507,14,1,2,0,0,17,0.8235294117647058
508,13,1,2,0,0,16,0.8125
509,14,1,2,0,0,17,0.8235294117647058
510,13,1,2,0,0,16,0.8125
511,13,1,2,0,0,16,0.8125
512,14,1,2,0,0,17,0.8235294117647058
513,11,2,3,0,0,16,0.6875
514,12,1,3,0,0,16,0.75
515,12,2,3,0,0,17,0.7058823529411765
516,14,2,2,0,0,18,0.7777777777777778
517,12,2,3,0,0,17,0.7058823529411765
518,12,1,3,0,0,16,0.75
519,13,2,3,0,0,18,0.7222222222222222
520,12,2,2,0,0,16,0.75
521,13,2,2,0,0,17,0.7647058823529411
522,12,1,3,0,0,16,0.75
523,13,1,3,0,0,17,0.7647058823529411
524,13,1,2,0,0,16,0.8125
525,13,1,2,0,0,16,0.8125
526,12,2,2,0,0,16,0.75
527,11,2,3,0,0,16,0.6875
528,11,2,3,0,0,16,0.6875
529,12,2,2,0,0,16,0.75
530,13,1,2,0,0,16,0.8125
531,11,2,2,0,0,15,0.7333333333333333
532,12,1,2,0,0,15,0.8
533,13,2,3,0,0,18,0.7222222222222222
534,13,2,2,0,0,17,0.7647058823529411
535,14,2,2,0,0,18,0.7777777777777778
536,12,1,3,0,0,16,0.75
537,11,2,3,0,0,16,0.6875
538,13,1,2,0,0,16,0.8125
539,13,2,3,0,0,18,0.7222222222222222
540,12,1,2,0,0,15,0.8
541,14,2,3,0,0,19,0.7368421052631579
542,12,1,3,0,0,16,0.75
543,14,2,2,0,0,18,0.7777777777777778
544,12,1,3,0,0,16,0.75
545,14,1,2,0,0,17,0.8235294117647058
546,13,1,3,0,0,17,0.7647058823529411
547,13,2,3,0,0,18,0.7222222222222222
548,12,1,2,0,0,15,0.8
549,14,1,3,0,0,18,0.7777777777777778
550,13,2,3,0,0,18,0.7222222222222222
551,12,1,3,0,0,16,0.75
552,11,2,3,0,0,16,0.6875
553,11,2,3,0,0,16,0.6875
554,13,2,3,0,0,18,0.7222222222222222
555,10,2,2,0,0,14,0.7142857142857143
556,13,1,3,0,0,17,0.7647058823529411
557,15,1,3,0,0,19,0.7894736842105263
558,15,1,3,0,0,19,0.7894736842105263
559,13,1,2,0,0,16,0.8125
560,12,1,2,0,0,15,0.8
561,11,0,1,0,0,12,0.9166666666666666
562,13,0,2,0,0,15,0.8666666666666667
563,14,2,2,0,0,18,0.7777777777777778
564,13,2,2,0,0,17,0.7647058823529411
565,13,1,2,0,0,16,0.8125
566,14,1,4,0,0,19,0.7368421052631579
567,14,1,4,0,0,19,0.7368421052631579
568,15,1,2,0,0,18,0.8333333333333334
569,13,0,2,0,0,15,0.8666666666666667
570,13,1,2,0,0,16,0.8125
571,15,2,2,0,0,19,0.7894736842105263
572,14,2,3,0,0,19,0.7368421052631579
573,14,2,3,0,0,19,0.7368421052631579
574,14,2,3,0,0,19,0.7368421052631579
575,13,2,3,0,0,18,0.7222222222222222
576,12,2,3,0,0,17,0.7058823529411765
577,14,2,3,0,0,19,0.7368421052631579
578,13,2,3,0,0,18,0.7222222222222222
579,12,2,3,0,0,17,0.7058823529411765
580,12,2,2,0,0,16,0.75
581,14,2,3,0,0,19,0.7368421052631579
582,13,2,3,0,0,18,0.7222222222222222
583,12,2,3,0,0,17,0.7058823529411765
584,13,1,3,0,0,17,0.7647058823529411
585,12,2,3,0,0,17,0.7058823529411765
586,13,2,3,0,0,18,0.7222222222222222
587,13,2,3,0,0,18,0.7222222222222222
588,14,0,3,0,0,17,0.8235294117647058
589,9,2,3,0,0,14,0.6428571428571429
590,13,2,2,0,0,17,0.7647058823529411
591,12,1,3,0,0,16,0.75
592,14,1,3,0,0,18,0.7777777777777778
593,12,1,2,0,0,15,0.8
594,11,1,3,0,0,15,0.7333333333333333
595,13,1,3,0,0,17,0.7647058823529411
596,11,2,3,0,0,16,0.6875
597,12,1,3,0,0,16,0.75
598,15,1,3,0,0,19,0.7894736842105263
599,13,1,3,0,0,17,0.7647058823529411
600,11,2,3,0,0,16,0.6875
601,13,2,3,0,0,18,0.7222222222222222
602,15,2,3,0,0,20,0.75
603,13,1,3,0,0,17,0.7647058823529411
604,13,1,2,0,0,16,0.8125
605,12,2,3,0,0,17,0.7058823529411765
606,13,2,3,0,0,18,0.7222222222222222
607,14,2,3,0,0,19,0.7368421052631579
608,13,1,3,0,0,17,0.7647058823529411
609,12,2,3,0,0,17,0.7058823529411765
610,13,1,3,0,0,17,0.7647058823529411
611,14,2,3,0,0,19,0.7368421052631579
612,13,2,3,0,0,18,0.7222222222222222
613,12,2,3,0,0,17,0.7058823529411765
614,13,2,4,0,0,19,0.6842105263157895
615,13,0,4,0,0,17,0.7647058823529411
616,14,1,3,0,0,18,0.7777777777777778
617,13,2,3,0,0,18,0.7222222222222222
618,14,1,4,0,0,19,0.7368421052631579
619,14,1,4,0,0,19,0.7368421052631579
620,15,1,3,0,0,19,0.7894736842105263
621,14,1,3,0,0,18,0.7777777777777778
622,13,1,3,0,0,17,0.7647058823529411
623,12,1,3,0,0,16,0.75
624,12,1,3,0,0,16,0.75
625,13,1,3,0,0,17,0.7647058823529411
626,12,1,3,0,0,16,0.75
627,13,1,4,0,0,18,0.7222222222222222
628,13,1,3,0,0,17,0.7647058823529411
629,14,1,4,1,0,20,0.7
630,14,1,3,0,0,18,0.7777777777777778
631,14,1,3,0,0,18,0.7777777777777778
632,14,1,3,0,0,18,0.7777777777777778
633,14,1,3,0,0,18,0.7777777777777778
634,14,2,3,0,0,19,0.7368421052631579
635,13,3,3,0,0,19,0.6842105263157895
636,15,1,3,0,0,19,0.7894736842105263
637,10,2,3,0,0,15,0.6666666666666666
638,12,1,3,0,0,16,0.75
639,13,2,3,0,0,18,0.7222222222222222
640,13,2,2,0,0,17,0.7647058823529411
641,13,2,3,0,0,18,0.7222222222222222
642,12,2,3,0,0,17,0.7058823529411765
643,14,3,3,0,0,20,0.7
644,13,2,3,0,0,18,0.7222222222222222
645,12,2,3,0,0,17,0.7058823529411765
646,14,2,3,0,0,19,0.7368421052631579
647,13,1,3,0,0,17,0.7647058823529411
648,13,1,2,0,0,16,0.8125
649,11,2,3,0,0,16,0.6875
650,11,2,3,0,0,16,0.6875
651,13,2,3,0,0,18,0.7222222222222222
652,14,1,3,0,0,18,0.7777777777777778
653,12,2,3,0,0,17,0.7058823529411765
654,14,2,3,0,0,19,0.7368421052631579
655,12,2,3,0,0,17,0.7058823529411765
656,12,2,3,0,0,17,0.7058823529411765
657,13,1,3,0,0,17,0.7647058823529411
658,13,1,3,0,0,17,0.7647058823529411
659,13,2,2,0,0,17,0.7647058823529411
660,14,2,4,0,0,20,0.7
661,14,2,4,0,0,20,0.7
662,13,1,4,0,0,18,0.7222222222222222
663,15,1,4,0,0,20,0.75
664,14,1,3,0,0,18,0.7777777777777778
665,16,1,3,0,0,20,0.8
666,13,1,3,0,0,17,0.7647058823529411
667,12,2,3,0,0,17,0.7058823529411765
668,11,2,3,0,0,16,0.6875
669,13,2,3,0,0,18,0.7222222222222222
670,14,1,4,0,0,19,0.7368421052631579
671,14,2,4,0,0,20,0.7
672,13,2,4,0,0,19,0.6842105263157895
673,15,2,4,0,0,21,0.7142857142857143
674,17,2,4,0,0,23,0.7391304347826086
675,14,1,3,0,0,18,0.7777777777777778
676,14,2,4,0,0,20,0.7
677,14,2,4,0,0,20,0.7
678,15,2,4,0,0,21,0.7142857142857143
679,11,0,4,0,0,15,0.7333333333333333
680,13,3,3,0,0,19,0.6842105263157895
681,13,2,3,0,0,18,0.7222222222222222
682,13,2,2,0,0,17,0.7647058823529411
683,12,2,3,0,0,17,0.7058823529411765
684,12,2,3,0,0,17,0.7058823529411765
685,12,1,3,0,0,16,0.75
686,11,2,3,0,0,16,0.6875
687,11,2,3,0,0,16,0.6875
688,12,2,3,0,0,17,0.7058823529411765
689,14,2,3,0,0,19,0.7368421052631579
690,13,2,3,0,0,18,0.7222222222222222
691,12,2,3,0,0,17,0.7058823529411765
692,12,1,3,0,0,16,0.75
693,14,1,3,0,0,18,0.7777777777777778
694,13,2,3,0,0,18,0.7222222222222222
695,13,2,2,0,0,17,0.7647058823529411
696,13,2,3,0,0,18,0.7222222222222222
697,14,1,3,0,0,18,0.7777777777777778
698,12,2,2,0,0,16,0.75
699,12,2,2,0,0,16,0.75
700,12,2,2,0,0,16,0.75
701,12,1,1,0,0,14,0.8571428571428571
702,12,3,2,0,0,17,0.7058823529411765
703,13,2,2,0,0,17,0.7647058823529411
704,12,2,2,0,0,16,0.75
705,12,1,2,0,0,15,0.8
706,13,1,2,0,0,16,0.8125
707,12,2,2,0,0,16,0.75
708,11,2,2,0,0,15,0.7333333333333333
709,12,2,2,0,0,16,0.75
710,11,2,2,0,0,15,0.7333333333333333
711,12,1,2,0,0,15,0.8
712,11,1,2,0,0,14,0.7857142857142857
713,13,1,3,0,0,17,0.7647058823529411
714,13,1,2,0,0,16,0.8125
715,13,2,2,0,0,17,0.7647058823529411
716,15,1,2,0,0,18,0.8333333333333334
717,13,2,3,0,0,18,0.7222222222222222
718,15,2,2,0,0,19,0.7894736842105263
719,15,2,2,0,0,19,0.7894736842105263
720,14,2,2,0,0,18,0.7777777777777778
721,14,2,2,0,0,18,0.7777777777777778
722,14,2,2,0,0,18,0.7777777777777778
723,13,2,2,0,0,17,0.7647058823529411
724,15,2,2,0,0,19,0.7894736842105263
725,14,2,2,0,0,18,0.7777777777777778
726,14,3,3,0,0,20,0.7
727,13,1,3,0,0,17,0.7647058823529411
728,13,2,3,0,0,18,0.7222222222222222
729,14,2,3,0,0,19,0.7368421052631579
730,15,1,3,0,0,19,0.7894736842105263
731,13,3,3,0,0,19,0.6842105263157895
732,13,2,3,0,0,18,0.7222222222222222
733,12,1,3,0,0,16,0.75
734,14,2,3,0,0,19,0.7368421052631579
735,14,2,2,0,0,18,0.7777777777777778
736,15,2,3,0,0,20,0.75
737,14,2,4,0,0,20,0.7
738,13,2,3,0,0,18,0.7222222222222222
739,15,2,4,0,0,21,0.7142857142857143
740,15,2,3,0,0,20,0.75
741,15,2,4,0,0,21,0.7142857142857143
742,13,2,4,0,0,19,0.6842105263157895
743,14,2,4,0,0,20,0.7
744,11,2,4,0,0,17,0.6470588235294118
745,13,2,2,0,0,17,0.7647058823529411
746,14,1,3,0,0,18,0.7777777777777778
747,13,1,4,0,0,18,0.7222222222222222
748,17,1,4,0,0,22,0.7727272727272727
749,14,1,4,0,0,19,0.7368421052631579
750,13,1,3,0,0,17,0.7647058823529411
751,13,2,4,0,0,19,0.6842105263157895
752,13,2,4,0,0,19,0.6842105263157895
753,14,1,3,0,0,18,0.7777777777777778
754,13,2,4,0,0,19,0.6842105263157895
755,13,1,4,0,0,18,0.7222222222222222
756,13,2,4,0,0,19,0.6842105263157895
757,14,2,4,0,0,20,0.7
758,12,2,4,0,0,18,0.6666666666666666
759,13,1,3,0,0,17,0.7647058823529411
760,13,2,4,0,0,19,0.6842105263157895
761,13,2,3,0,0,18,0.7222222222222222
762,13,2,3,0,0,18,0.7222222222222222
763,15,2,4,0,0,21,0.7142857142857143
764,13,2,4,0,0,19,0.6842105263157895
765,13,2,3,0,0,18,0.7222222222222222
766,14,1,3,0,0,18,0.7777777777777778
767,13,2,3,0,0,18,0.7222222222222222
768,13,2,3,0,0,18,0.7222222222222222
769,13,2,3,0,0,18,0.7222222222222222
770,14,1,2,0,0,17,0.8235294117647058
771,13,2,2,0,0,17,0.7647058823529411
772,12,2,3,0,0,17,0.7058823529411765
773,14,2,3,0,0,19,0.7368421052631579
774,15,2,3,0,0,20,0.75
775,13,2,2,0,0,17,0.7647058823529411
776,13,3,4,0,0,20,0.65
777,14,2,3,0,0,19,0.7368421052631579
778,13,1,2,0,0,16,0.8125
779,13,1,3,0,0,17,0.7647058823529411
780,14,1,2,0,0,17,0.8235294117647058
781,13,2,2,0,0,17,0.7647058823529411
782,13,2,2,0,0,17,0.7647058823529411
783,11,2,3,0,0,16,0.6875
784,12,1,2,0,0,15,0.8
785,13,0,2,0,0,15,0.8666666666666667
786,15,1,4,0,0,20,0.75
787,15,1,3,0,0,19,0.7894736842105263
788,14,1,3,0,0,18,0.7777777777777778
789,12,2,3,0,0,17,0.7058823529411765
790,11,2,3,0,0,16,0.6875
791,14,1,3,0,0,18,0.7777777777777778
792,11,1,3,0,0,15,0.7333333333333333
793,13,1,3,0,0,17,0.7647058823529411
794,14,1,3,0,0,18,0.7777777777777778
795,15,1,3,0,0,19,0.7894736842105263
796,14,2,3,0,0,19,0.7368421052631579
797,14,1,3,0,0,18,0.7777777777777778
798,13,1,3,0,0,17,0.7647058823529411
799,12,0,3,0,0,15,0.8
800,13,1,3,0,0,17,0.7647058823529411
801,15,2,3,0,0,20,0.75
802,13,2,3,0,0,18,0.7222222222222222
803,13,1,3,0,0,17,0.7647058823529411
804,13,1,2,0,0,16,0.8125
805,14,2,2,0,0,18,0.7777777777777778
806,14,2,2,0,0,18,0.7777777777777778
807,13,1,2,0,0,16,0.8125
808,15,1,1,0,0,17,0.8823529411764706
809,14,2,2,0,0,18,0.7777777777777778
810,14,2,2,0,0,18,0.7777777777777778
811,14,1,2,0,0,17,0.8235294117647058
812,15,1,2,0,0,18,0.8333333333333334
813,12,1,2,0,0,15,0.8
814,11,2,2,0,0,15,0.7333333333333333
815,12,1,2,0,0,15,0.8
816,15,2,2,0,0,19,0.7894736842105263
817,13,2,2,0,0,17,0.7647058823529411
818,13,1,3,0,0,17,0.7647058823529411
819,13,1,3,0,0,17,0.7647058823529411
820,14,1,3,0,0,18,0.7777777777777778
821,12,1,3,0,0,16,0.75
822,13,1,4,0,0,18,0.7222222222222222
823,14,0,2,0,0,16,0.875
824,13,1,2,1,0,17,0.7647058823529411
825,15,1,2,0,0,18,0.8333333333333334
826,16,0,3,0,0,19,0.8421052631578947
827,14,1,2,0,0,17,0.8235294117647058
828,14,1,4,0,0,19,0.7368421052631579
829,15,0,2,1,0,18,0.8333333333333334
830,13,1,2,1,0,17,0.7647058823529411
831,13,2,2,0,0,17,0.7647058823529411
832,15,2,2,0,0,19,0.7894736842105263
833,13,2,3,0,0,18,0.7222222222222222
834,13,1,3,0,0,17,0.7647058823529411
835,12,2,3,0,0,17,0.7058823529411765
836,12,2,3,0,0,17,0.7058823529411765
837,13,2,3,0,0,18,0.7222222222222222
838,13,1,3,0,0,17,0.7647058823529411
839,13,1,3,0,0,17,0.7647058823529411
840,14,1,3,0,0,18,0.7777777777777778
841,12,1,2,0,0,15,0.8
842,13,1,2,0,0,16,0.8125
843,16,1,2,1,0,20,0.8
844,16,0,2,0,0,18,0.8888888888888888
845,15,0,2,1,0,18,0.8333333333333334
846,15,1,3,0,0,19,0.7894736842105263
847,13,2,2,0,0,17,0.7647058823529411
848,13,1,2,0,0,16,0.8125
849,12,1,2,0,0,15,0.8
850,14,2,2,0,0,18,0.7777777777777778
851,14,2,3,0,0,19,0.7368421052631579
852,14,2,2,0,0,18,0.7777777777777778
853,17,1,2,1,0,21,0.8095238095238095
854,13,1,2,1,0,17,0.7647058823529411
855,15,0,2,1,0,18,0.8333333333333334
856,15,1,3,1,0,20,0.75
857,14,1,3,1,0,19,0.7368421052631579
858,14,0,2,1,0,17,0.8235294117647058
859,15,1,2,0,0,18,0.8333333333333334
860,16,1,3,1,0,21,0.7619047619047619
861,15,0,2,1,0,18,0.8333333333333334
862,15,0,2,1,0,18,0.8333333333333334
863,14,0,2,1,0,17,0.8235294117647058
864,15,0,2,0,0,17,0.8823529411764706
865,14,1,2,1,0,18,0.7777777777777778
866,15,0,3,1,0,19,0.7894736842105263
867,15,0,3,0,0,18,0.8333333333333334
868,14,0,3,0,0,17,0.8235294117647058
869,15,2,2,1,0,20,0.75
870,14,0,2,0,0,16,0.875
871,14,1,2,0,0,17,0.8235294117647058
872,14,0,2,1,0,17,0.8235294117647058
873,14,1,2,1,0,18,0.7777777777777778
874,15,0,2,0,0,17,0.8823529411764706
875,13,0,2,1,0,16,0.8125
876,14,0,3,1,0,18,0.7777777777777778
877,15,0,3,0,0,18,0.8333333333333334
878,15,1,2,1,0,19,0.7894736842105263
879,14,1,2,0,0,17,0.8235294117647058
880,15,0,3,0,0,18,0.8333333333333334
881,16,0,3,0,0,19,0.8421052631578947
882,14,0,3,0,0,17,0.8235294117647058
883,15,2,3,1,0,21,0.7142857142857143
884,16,2,3,1,0,22,0.7272727272727273
885,13,1,2,1,0,17,0.7647058823529411
886,13,1,3,0,0,17,0.7647058823529411
887,14,0,1,1,0,16,0.875
888,15,1,1,1,0,18,0.8333333333333334
889,13,0,2,0,0,15,0.8666666666666667
890,14,2,1,0,0,17,0.8235294117647058
891,12,2,2,0,0,16,0.75
892,14,1,3,0,0,18,0.7777777777777778
893,13,1,2,0,0,16,0.8125
894,15,1,1,1,0,18,0.8333333333333334
895,13,1,1,0,0,15,0.8666666666666667
896,13,1,1,0,0,15,0.8666666666666667
897,13,1,2,0,0,16,0.8125
898,12,1,2,0,0,15,0.8
899,12,1,1,0,0,14,0.8571428571428571
900,13,1,3,0,0,17,0.7647058823529411
901,12,2,1,0,0,15,0.8
902,14,1,3,0,0,18,0.7777777777777778
903,11,1,2,0,0,14,0.7857142857142857
904,15,1,1,0,0,17,0.8823529411764706
905,13,1,1,0,0,15,0.8666666666666667
906,12,1,2,0,0,15,0.8
907,13,1,1,0,0,15,0.8666666666666667
908,13,1,1,0,0,15,0.8666666666666667
909,15,1,2,0,0,18,0.8333333333333334
910,14,1,1,0,0,16,0.875
911,13,1,1,0,0,15,0.8666666666666667
912,12,1,3,0,0,16,0.75
913,14,0,1,1,0,16,0.875
914,13,1,2,1,0,17,0.7647058823529411
915,15,1,2,1,0,19,0.7894736842105263
916,14,1,2,0,0,17,0.8235294117647058
917,13,1,3,0,0,17,0.7647058823529411
918,15,1,1,1,0,18,0.8333333333333334
919,14,1,2,0,0,17,0.8235294117647058
920,15,1,2,0,0,18,0.8333333333333334
921,14,1,2,1,0,18,0.7777777777777778
922,16,1,1,1,0,19,0.8421052631578947
923,16,1,1,1,0,19,0.8421052631578947
924,15,1,2,1,0,19,0.7894736842105263
925,13,1,1,1,0,16,0.8125
926,14,1,2,0,0,17,0.8235294117647058
927,15,1,2,1,0,19,0.7894736842105263
928,14,1,1,1,0,17,0.8235294117647058
929,14,1,2,0,0,17,0.8235294117647058
930,14,1,1,0,0,16,0.875
931,14,1,2,0,0,17,0.8235294117647058
932,15,1,1,0,0,17,0.8823529411764706
933,15,1,1,1,0,18,0.8333333333333334
934,15,1,1,1,0,18,0.8333333333333334
935,14,1,2,0,0,17,0.8235294117647058
936,16,2,1,1,0,20,0.8
937,15,1,1,1,0,18,0.8333333333333334
938,14,1,1,1,0,17,0.8235294117647058
939,15,1,1,0,0,17,0.8823529411764706
940,14,1,1,0,0,16,0.875
941,13,1,1,1,0,16,0.8125
942,13,1,1,0,0,15,0.8666666666666667
943,15,1,1,0,0,17,0.8823529411764706
944,15,1,2,1,0,19,0.7894736842105263
945,14,1,1,0,0,16,0.875
946,14,0,1,1,0,16,0.875
947,13,0,1,1,0,15,0.8666666666666667
948,15,1,1,1,0,18,0.8333333333333334
949,15,1,1,0,0,17,0.8823529411764706
950,15,1,2,0,0,18,0.8333333333333334
951,15,1,1,1,0,18,0.8333333333333334
952,11,1,2,1,0,15,0.7333333333333333
953,16,2,1,1,0,20,0.8
954,13,1,1,1,0,16,0.8125
955,16,1,1,1,0,19,0.8421052631578947
956,12,1,1,0,0,14,0.8571428571428571
957,13,1,2,1,0,17,0.7647058823529411
958,13,1,2,0,0,16,0.8125
959,15,1,2,0,0,18,0.8333333333333334
960,13,1,2,0,0,16,0.8125
961,15,1,1,1,0,18,0.8333333333333334
962,14,1,1,1,0,17,0.8235294117647058
963,15,1,1,1,0,18,0.8333333333333334
964,13,1,1,1,0,16,0.8125
965,13,0,1,1,0,15,0.8666666666666667
966,13,0,1,0,0,14,0.9285714285714286
967,14,1,1,1,0,17,0.8235294117647058
968,14,2,1,1,0,18,0.7777777777777778
969,12,1,1,1,0,15,0.8
970,15,1,1,1,0,18,0.8333333333333334
971,13,2,2,1,0,18,0.7222222222222222
972,13,1,1,1,0,16,0.8125
973,12,1,2,0,0,15,0.8
974,14,1,2,0,0,17,0.8235294117647058
975,14,1,2,0,0,17,0.8235294117647058
976,12,2,2,0,0,16,0.75
977,13,1,3,0,0,17,0.7647058823529411
978,10,1,2,0,0,13,0.7692307692307693
979,13,1,1,0,0,15,0.8666666666666667
980,13,1,2,0,0,16,0.8125
981,13,2,1,0,0,16,0.8125
982,12,2,1,0,0,15,0.8
983,13,1,2,0,0,16,0.8125
984,13,1,1,0,0,15,0.8666666666666667
985,10,2,2,0,0,14,0.7142857142857143
986,16,2,2,0,0,20,0.8
987,13,2,2,0,0,17,0.7647058823529411
988,12,2,2,0,0,16,0.75
989,15,2,2,1,0,20,0.75
990,16,2,2,1,0,21,0.7619047619047619
991,14,1,2,1,0,18,0.7777777777777778
992,15,1,2,1,0,19,0.7894736842105263
993,13,1,1,0,0,15,0.8666666666666667
994,14,1,2,0,0,17,0.8235294117647058
995,13,1,1,1,0,16,0.8125
996,14,1,1,1,0,17,0.8235294117647058
997,14,1,1,0,0,16,0.875
998,14,1,2,1,0,18,0.7777777777777778
999,14,1,1,1,0,17,0.8235294117647058
1000,14,1,2,1,0,18,0.7777777777777778
1001,14,1,2,1,0,18,0.7777777777777778
1002,14,0,2,1,0,17,0.8235294117647058
1003,14,1,2,1,0,18,0.7777777777777778
1004,13,1,2,1,0,17,0.7647058823529411
1005,13,0,2,1,0,16,0.8125
1006,13,2,2,1,0,18,0.7222222222222222
1007,15,1,2,1,0,19,0.7894736842105263
1008,13,1,1,1,0,16,0.8125
1009,12,1,1,0,0,14,0.8571428571428571
1010,13,1,1,1,0,16,0.8125
1011,14,1,1,1,0,17,0.8235294117647058
1012,13,1,1,1,0,16,0.8125
1013,14,1,1,1,0,17,0.8235294117647058
1014,14,1,1,1,0,17,0.8235294117647058
1015,16,0,2,1,0,19,0.8421052631578947
1016,15,1,1,0,0,17,0.8823529411764706
1017,15,0,1,1,0,17,0.8823529411764706
1018,16,1,1,1,0,19,0.8421052631578947
1019,11,1,1,1,0,14,0.7857142857142857
1020,13,0,1,1,0,15,0.8666666666666667
1021,12,1,1,1,0,15,0.8
1022,16,2,1,1,0,20,0.8
1023,14,2,1,0,0,17,0.8235294117647058
1024,15,2,1,1,0,19,0.7894736842105263
1025,16,2,1,0,0,19,0.8421052631578947
1026,15,1,1,1,0,18,0.8333333333333334
1027,14,1,1,1,0,17,0.8235294117647058
1028,15,1,1,1,0,18,0.8333333333333334
1029,16,1,1,1,0,19,0.8421052631578947
1030,13,0,1,1,0,15,0.8666666666666667
1031,16,1,1,1,0,19,0.8421052631578947
1032,15,1,1,1,0,18,0.8333333333333334
1033,14,1,1,1,0,17,0.8235294117647058
1034,15,2,1,1,0,19,0.7894736842105263
1035,14,2,1,1,0,18,0.7777777777777778
1036,13,1,1,1,0,16,0.8125
1037,15,1,1,1,0,18,0.8333333333333334
1038,15,2,2,1,0,20,0.75
1039,14,1,1,0,0,16,0.875
1040,15,1,1,0,0,17,0.8823529411764706
1041,15,1,2,0,0,18,0.8333333333333334
1042,15,1,1,1,0,18,0.8333333333333334
1043,17,2,3,1,0,23,0.7391304347826086
1044,16,1,2,1,0,20,0.8
1045,15,2,4,1,0,22,0.6818181818181818
1046,16,1,3,1,0,21,0.7619047619047619
1047,14,1,4,0,0,19,0.7368421052631579
1048,13,1,3,0,0,17,0.7647058823529411
1049,14,1,2,0,0,17,0.8235294117647058
1050,12,1,2,1,0,16,0.75
1051,13,1,2,0,0,16,0.8125
1052,14,1,1,1,0,17,0.8235294117647058
1053,13,1,2,1,0,17,0.7647058823529411
1054,13,1,1,1,0,16,0.8125
1055,15,0,1,1,0,17,0.8823529411764706
1056,16,1,1,1,0,19,0.8421052631578947
1057,16,1,2,1,0,20,0.8
1058,14,2,1,1,0,18,0.7777777777777778
1059,16,1,1,1,0,19,0.8421052631578947
1060,16,2,2,1,0,21,0.7619047619047619
1061,16,2,3,1,0,22,0.7272727272727273
1062,15,2,3,1,0,21,0.7142857142857143
1063,14,1,2,1,0,18,0.7777777777777778
1064,16,1,1,1,0,19,0.8421052631578947
1065,13,2,1,0,0,16,0.8125
1066,15,2,2,1,0,20,0.75
1067,16,2,1,0,0,19,0.8421052631578947
1068,14,1,1,0,0,16,0.875
1069,14,0,3,1,0,18,0.7777777777777778
1070,12,2,3,1,0,18,0.6666666666666666
1071,13,1,3,0,0,17,0.7647058823529411
1072,13,1,3,1,0,18,0.7222222222222222
1073,13,2,1,1,0,17,0.7647058823529411
1074,14,1,3,0,0,18,0.7777777777777778
1075,15,2,2,0,0,19,0.7894736842105263
1076,12,1,1,0,0,14,0.8571428571428571
1077,15,2,2,0,0,19,0.7894736842105263
1078,13,2,3,0,0,18,0.7222222222222222
1079,13,2,2,0,0,17,0.7647058823529411
1080,14,2,3,0,0,19,0.7368421052631579
1081,14,2,1,0,0,17,0.8235294117647058
1082,15,2,2,0,0,19,0.7894736842105263
1083,12,2,1,0,0,15,0.8
1084,12,2,1,0,0,15,0.8
1085,14,2,2,0,0,18,0.7777777777777778
1086,11,2,1,0,0,14,0.7857142857142857
1087,14,2,1,0,0,17,0.8235294117647058
1088,13,2,3,0,0,18,0.7222222222222222
1089,13,2,2,0,0,17,0.7647058823529411
1090,13,2,2,0,0,17,0.7647058823529411
1091,11,2,3,0,0,16,0.6875
1092,11,2,4,0,0,17,0.6470588235294118
1093,11,2,3,0,0,16,0.6875
1094,14,2,2,0,0,18,0.7777777777777778
1095,12,1,2,0,0,15,0.8
1096,16,2,2,0,0,20,0.8
1097,12,2,2,0,0,16,0.75
1098,14,2,2,0,0,18,0.7777777777777778
1099,14,2,2,0,0,18,0.7777777777777778
1100,12,2,2,0,0,16,0.75
1101,13,2,3,0,0,18,0.7222222222222222
1102,13,2,2,0,0,17,0.7647058823529411
1103,14,2,2,0,0,18,0.7777777777777778
1104,14,2,2,0,0,18,0.7777777777777778
1105,14,2,2,0,0,18,0.7777777777777778
1106,15,2,3,0,0,20,0.75
1107,13,2,2,0,0,17,0.7647058823529411
1108,14,2,2,0,0,18,0.7777777777777778
1109,14,3,3,0,0,20,0.7
1110,14,2,3,0,0,19,0.7368421052631579
1111,13,2,3,0,0,18,0.7222222222222222
1112,14,2,3,0,0,19,0.7368421052631579
1113,13,2,3,0,0,18,0.7222222222222222
1114,13,2,3,0,0,18,0.7222222222222222
1115,12,2,3,0,0,17,0.7058823529411765
1116,12,2,3,0,0,17,0.7058823529411765
1117,14,2,3,0,0,19,0.7368421052631579
1118,13,2,2,0,0,17,0.7647058823529411
1119,14,2,3,0,0,19,0.7368421052631579
1120,15,1,2,0,0,18,0.8333333333333334
1121,15,2,2,0,0,19,0.7894736842105263
1122,13,2,2,0,0,17,0.7647058823529411
1123,13,2,2,0,0,17,0.7647058823529411
1124,13,2,2,0,0,17,0.7647058823529411
1125,15,2,3,0,0,20,0.75
1126,14,2,3,0,0,19,0.7368421052631579
1127,13,2,3,0,0,18,0.7222222222222222
1128,14,2,3,0,0,19,0.7368421052631579
1129,13,2,3,0,0,18,0.7222222222222222
1130,15,2,3,0,0,20,0.75
1131,13,2,3,0,0,18,0.7222222222222222
1132,15,2,3,0,0,20,0.75
1133,14,2,3,0,0,19,0.7368421052631579
1134,12,2,2,0,0,16,0.75
1135,14,2,4,0,0,20,0.7
1136,14,2,3,0,0,19,0.7368421052631579
1137,13,2,3,0,0,18,0.7222222222222222
1138,12,1,3,0,0,16,0.75
1139,15,2,4,0,0,21,0.7142857142857143
1140,15,2,3,0,0,20,0.75
1141,12,1,3,1,0,17,0.7058823529411765
1142,13,2,3,0,0,18,0.7222222222222222
1143,15,2,3,0,0,20,0.75
1144,14,2,3,0,0,19,0.7368421052631579
1145,12,2,3,0,0,17,0.7058823529411765
1146,14,2,3,0,0,19,0.7368421052631579
1147,14,2,4,0,0,20,0.7
1148,14,2,4,0,0,20,0.7
1149,13,2,3,0,0,18,0.7222222222222222
1150,13,2,3,0,0,18,0.7222222222222222
1151,15,2,3,0,0,20,0.75
1152,14,2,3,0,0,19,0.7368421052631579
1153,14,2,3,0,0,19,0.7368421052631579
1154,13,1,3,0,0,17,0.7647058823529411
1155,13,2,3,0,0,18,0.7222222222222222
1156,14,2,3,0,0,19,0.7368421052631579
1157,15,2,3,0,0,20,0.75
1158,14,1,3,0,0,18,0.7777777777777778
1159,14,2,4,0,0,20,0.7
1160,15,2,3,0,0,20,0.75
1161,14,2,3,0,0,19,0.7368421052631579
1162,15,1,4,0,0,20,0.75
1163,15,2,3,0,0,20,0.75
1164,12,2,3,0,0,17,0.7058823529411765
1165,11,2,4,0,0,17,0.6470588235294118
1166,13,1,3,0,0,17,0.7647058823529411
1167,14,0,3,0,0,17,0.8235294117647058
1168,14,0,3,0,0,17,0.8235294117647058
1169,13,2,3,0,0,18,0.7222222222222222
1170,14,0,3,0,0,17,0.8235294117647058
1171,13,1,3,0,0,17,0.7647058823529411
1172,12,2,4,0,0,18,0.6666666666666666
1173,13,1,3,0,0,17,0.7647058823529411
1174,14,0,4,0,0,18,0.7777777777777778
1175,14,1,3,0,0,18,0.7777777777777778
1176,13,1,3,0,0,17,0.7647058823529411
1177,10,1,3,0,0,14,0.7142857142857143
1178,16,1,3,1,0,21,0.7619047619047619
1179,13,1,4,1,0,19,0.6842105263157895
1180,14,1,3,1,0,19,0.7368421052631579
1181,14,1,3,0,0,18,0.7777777777777778
1182,14,1,3,0,0,18,0.7777777777777778
1183,16,1,3,1,0,21,0.7619047619047619
1184,15,1,3,0,0,19,0.7894736842105263
1185,13,1,3,1,0,18,0.7222222222222222
1186,15,1,3,0,0,19,0.7894736842105263
1187,13,1,3,0,0,17,0.7647058823529411
1188,13,1,3,1,0,18,0.7222222222222222
1189,14,0,4,0,0,18,0.7777777777777778
1190,14,1,4,0,0,19,0.7368421052631579
1191,15,1,4,1,0,21,0.7142857142857143
1192,14,1,4,0,0,19,0.7368421052631579
1193,12,1,4,0,0,17,0.7058823529411765
1194,13,2,4,1,0,20,0.65
1195,14,1,3,1,0,19,0.7368421052631579
1196,12,1,4,1,0,18,0.6666666666666666
1197,14,2,4,0,0,20,0.7
1198,14,1,3,0,0,18,0.7777777777777778
1199,14,1,4,1,0,20,0.7
1200,16,1,3,1,0,21,0.7619047619047619
1201,14,1,3,0,0,18,0.7777777777777778
1202,14,1,4,0,0,19,0.7368421052631579
1203,13,2,3,0,0,18,0.7222222222222222
1204,13,2,3,0,0,18,0.7222222222222222
1205,11,2,3,0,0,16,0.6875
1206,12,2,3,0,0,17,0.7058823529411765
1207,12,2,4,0,0,18,0.6666666666666666
1208,11,2,4,0,0,17,0.6470588235294118
1209,13,2,4,0,0,19,0.6842105263157895
1210,14,2,4,0,0,20,0.7
1211,14,2,4,0,0,20,0.7
1212,12,1,3,0,0,16,0.75
1213,14,2,4,0,0,20,0.7
1214,13,1,3,0,0,17,0.7647058823529411
1215,11,1,3,0,0,15,0.7333333333333333
1216,13,1,3,0,0,17,0.7647058823529411
1217,11,1,4,0,0,16,0.6875
1218,14,2,3,0,0,19,0.7368421052631579
1219,13,2,4,0,0,19,0.6842105263157895
1220,14,1,4,0,0,19,0.7368421052631579
1221,14,1,4,0,0,19,0.7368421052631579
1222,13,1,3,0,0,17,0.7647058823529411
1223,11,1,4,0,0,16,0.6875
1224,14,1,3,0,0,18,0.7777777777777778
1225,12,1,3,0,0,16,0.75
1226,14,1,4,0,0,19,0.7368421052631579
1227,12,2,3,0,0,17,0.7058823529411765
1228,13,2,3,0,0,18,0.7222222222222222
1229,13,1,4,0,0,18,0.7222222222222222
1230,14,1,4,0,0,19,0.7368421052631579
1231,12,1,3,0,0,16,0.75
1232,13,2,4,0,0,19,0.6842105263157895
1233,15,2,4,0,0,21,0.7142857142857143
1234,13,2,3,0,0,18,0.7222222222222222
1235,12,1,3,0,0,16,0.75
1236,12,1,4,0,0,17,0.7058823529411765
1237,13,2,3,0,0,18,0.7222222222222222
1238,14,1,3,0,0,18,0.7777777777777778
1239,14,1,3,0,0,18,0.7777777777777778
1240,11,1,4,0,0,16,0.6875
1241,14,1,3,0,0,18,0.7777777777777778
1242,12,1,3,0,0,16,0.75
1243,12,1,3,0,0,16,0.75
1244,12,1,4,0,0,17,0.7058823529411765
1245,13,1,3,0,0,17,0.7647058823529411
1246,14,1,4,0,0,19,0.7368421052631579
1247,12,2,3,0,0,17,0.7058823529411765
1248,12,1,4,0,0,17,0.7058823529411765
1249,14,1,4,0,0,19,0.7368421052631579
1250,13,2,3,0,0,18,0.7222222222222222
1251,11,2,3,0,0,16,0.6875
1252,13,2,3,0,0,18,0.7222222222222222
1253,14,2,3,0,0,19,0.7368421052631579
1254,11,2,3,0,0,16,0.6875
1255,13,2,3,0,0,18,0.7222222222222222
1256,12,2,3,0,0,17,0.7058823529411765
1257,14,2,3,0,0,19,0.7368421052631579
1258,12,2,3,0,0,17,0.7058823529411765
1259,11,1,3,0,0,15,0.7333333333333333
1260,11,1,3,0,0,15,0.7333333333333333
1261,12,1,3,0,0,16,0.75
1262,12,2,3,0,0,17,0.7058823529411765
1263,11,1,4,0,0,16,0.6875
1264,10,1,3,0,0,14,0.7142857142857143
1265,11,1,3,0,0,15,0.7333333333333333
1266,12,1,4,1,0,18,0.6666666666666666
1267,14,1,3,0,0,18,0.7777777777777778
1268,14,1,4,0,0,19,0.7368421052631579
1269,11,1,3,0,0,15,0.7333333333333333
1270,12,1,4,1,0,18,0.6666666666666666
1271,12,1,3,0,0,16,0.75
1272,12,1,3,1,0,17,0.7058823529411765
1273,13,1,3,0,0,17,0.7647058823529411
1274,14,1,4,0,0,19,0.7368421052631579
1275,11,1,4,0,0,16,0.6875
1276,14,1,4,0,0,19,0.7368421052631579
1277,13,1,3,0,0,17,0.7647058823529411
1278,13,1,4,0,0,18,0.7222222222222222
1279,13,1,4,0,0,18,0.7222222222222222
1280,11,1,3,0,0,15,0.7333333333333333
1281,14,1,4,0,0,19,0.7368421052631579
1282,13,2,3,0,0,18,0.7222222222222222
1283,12,1,4,0,0,17,0.7058823529411765
1284,11,1,4,0,0,16,0.6875
1285,11,2,3,0,0,16,0.6875
1286,14,1,4,0,0,19,0.7368421052631579
1287,12,2,3,0,0,17,0.7058823529411765
1288,13,1,4,0,0,18,0.7222222222222222
1289,12,1,4,0,0,17,0.7058823529411765
1290,12,1,3,1,0,17,0.7058823529411765
1291,13,1,4,0,0,18,0.7222222222222222
1292,12,1,3,0,0,16,0.75
1293,12,1,3,0,0,16,0.75
1294,13,1,4,0,0,18,0.7222222222222222
1295,14,1,4,0,0,19,0.7368421052631579
1296,14,0,3,0,0,17,0.8235294117647058
1297,14,2,4,0,0,20,0.7
1298,15,2,3,0,0,20,0.75
1299,13,2,3,0,0,18,0.7222222222222222
1300,13,2,3,0,0,18,0.7222222222222222
1301,13,2,4,0,0,19,0.6842105263157895
1302,13,1,4,0,0,18,0.7222222222222222
1303,14,2,3,0,0,19,0.7368421052631579
1304,12,0,4,0,0,16,0.75
1305,14,1,4,0,0,19,0.7368421052631579
1306,13,2,3,0,0,18,0.7222222222222222
1307,9,2,3,0,0,14,0.6428571428571429
1308,13,2,3,0,0,18,0.7222222222222222
1309,13,1,4,0,0,18,0.7222222222222222
1310,14,0,4,0,0,18,0.7777777777777778
1311,14,2,3,0,0,19,0.7368421052631579
1312,15,2,3,0,0,20,0.75
1313,13,1,3,0,0,17,0.7647058823529411
1314,15,2,3,0,0,20,0.75
1315,12,2,3,0,0,17,0.7058823529411765
1316,12,2,3,0,0,17,0.7058823529411765
1317,12,2,3,0,0,17,0.7058823529411765
1318,12,1,3,0,0,16,0.75
1319,12,1,3,0,0,16,0.75
1320,15,2,4,0,0,21,0.7142857142857143
1321,13,1,4,0,0,18,0.7222222222222222
1322,13,1,3,0,0,17,0.7647058823529411
1323,11,2,3,0,0,16,0.6875
1324,11,1,3,0,0,15,0.7333333333333333
1325,14,2,3,0,0,19,0.7368421052631579
1326,11,1,3,0,0,15,0.7333333333333333
1327,14,1,4,0,0,19,0.7368421052631579
1328,13,1,4,0,0,18,0.7222222222222222
1329,14,1,4,0,0,19,0.7368421052631579
1330,16,0,4,0,0,20,0.8
1331,13,1,4,0,0,18,0.7222222222222222
1332,14,1,3,1,0,19,0.7368421052631579
1333,14,0,3,0,0,17,0.8235294117647058
1334,13,0,4,1,0,18,0.7222222222222222
1335,14,1,3,1,0,19,0.7368421052631579
1336,16,1,3,1,0,21,0.7619047619047619
1337,14,1,3,0,0,18,0.7777777777777778
1338,15,1,3,1,0,20,0.75
1339,13,1,3,0,0,17,0.7647058823529411
1340,13,1,3,1,0,18,0.7222222222222222
1341,12,1,4,1,0,18,0.6666666666666666
1342,14,1,4,0,0,19,0.7368421052631579
1343,12,1,4,0,0,17,0.7058823529411765
1344,15,1,3,0,0,19,0.7894736842105263
1345,13,1,3,1,0,18,0.7222222222222222
1346,14,1,3,1,0,19,0.7368421052631579
1347,15,0,4,0,0,19,0.7894736842105263
1348,14,1,3,1,0,19,0.7368421052631579
1349,15,1,3,1,0,20,0.75
1350,11,1,4,0,0,16,0.6875
1351,16,1,3,1,0,21,0.7619047619047619
1352,10,0,4,0,0,14,0.7142857142857143
1353,16,1,3,1,0,21,0.7619047619047619
1354,15,1,3,1,0,20,0.75
1355,14,1,4,0,0,19,0.7368421052631579
1356,13,1,4,0,0,18,0.7222222222222222
1357,14,1,3,1,0,19,0.7368421052631579
1358,15,1,3,1,0,20,0.75
1359,15,2,3,1,0,21,0.7142857142857143
1360,13,2,4,1,0,20,0.65
1361,12,1,4,0,0,17,0.7058823529411765
1362,11,2,4,0,0,17,0.6470588235294118
1363,10,1,4,0,0,15,0.6666666666666666
1364,15,1,4,0,0,20,0.75
1365,13,0,3,1,0,17,0.7647058823529411
1366,12,0,3,0,0,15,0.8
1367,15,2,3,1,0,21,0.7142857142857143
1368,11,2,3,0,0,16,0.6875
1369,12,0,4,0,0,16,0.75
1370,12,0,3,1,0,16,0.75
1371,13,1,4,0,0,18,0.7222222222222222
1372,14,1,3,1,0,19,0.7368421052631579
1373,12,0,3,1,0,16,0.75
1374,14,1,3,1,0,19,0.7368421052631579
1375,16,0,3,1,0,20,0.8
1376,14,1,3,1,0,19,0.7368421052631579
1377,16,1,3,0,0,20,0.8
1378,14,1,3,1,0,19,0.7368421052631579
1379,14,2,4,0,0,20,0.7
1380,15,1,4,0,0,20,0.75
1381,14,1,3,1,0,19,0.7368421052631579
1382,13,1,4,1,0,19,0.6842105263157895
1383,14,1,4,1,0,20,0.7
1384,14,1,3,1,0,19,0.7368421052631579
1385,13,1,4,0,0,18,0.7222222222222222
1386,14,1,4,0,0,19,0.7368421052631579
1387,14,1,4,1,0,20,0.7
1388,17,2,3,0,0,22,0.7727272727272727
1389,15,1,4,1,0,21,0.7142857142857143
1390,11,1,3,0,0,15,0.7333333333333333
1391,15,1,4,1,0,21,0.7142857142857143
1392,13,1,4,0,0,18,0.7222222222222222
1393,13,1,4,1,0,19,0.6842105263157895
1394,14,2,4,0,0,20,0.7
1395,15,1,4,0,0,20,0.75
1396,14,1,4,1,0,20,0.7
1397,15,1,3,1,0,20,0.75
1398,15,1,4,1,0,21,0.7142857142857143
1399,16,1,4,1,0,22,0.7272727272727273
1400,14,1,4,0,0,19,0.7368421052631579
1401,16,1,3,1,0,21,0.7619047619047619
1402,14,0,3,1,0,18,0.7777777777777778
1403,16,1,3,1,0,21,0.7619047619047619
1404,11,1,3,1,0,16,0.6875
1405,16,1,3,1,0,21,0.7619047619047619
1406,14,1,3,1,0,19,0.7368421052631579
1407,14,1,3,0,0,18,0.7777777777777778
1408,13,1,3,1,0,18,0.7222222222222222
1409,15,0,4,1,0,20,0.75
1410,15,0,3,1,0,19,0.7894736842105263
1411,11,1,3,1,0,16,0.6875
1412,12,1,3,0,0,16,0.75
1413,11,1,3,1,0,16,0.6875
1414,14,1,3,1,0,19,0.7368421052631579
1415,13,1,3,0,0,17,0.7647058823529411
1416,13,1,4,0,0,18,0.7222222222222222
1417,14,1,3,0,0,18,0.7777777777777778
1418,13,1,3,0,0,17,0.7647058823529411
1419,13,2,3,0,0,18,0.7222222222222222
1420,12,2,3,0,0,17,0.7058823529411765
1421,12,2,3,0,0,17,0.7058823529411765
1422,13,2,3,0,0,18,0.7222222222222222
1423,11,2,3,0,0,16,0.6875
1424,12,2,3,0,0,17,0.7058823529411765
1425,12,2,3,0,0,17,0.7058823529411765
1426,13,2,3,0,0,18,0.7222222222222222
1427,13,2,3,0,0,18,0.7222222222222222
1428,12,2,3,0,0,17,0.7058823529411765
1429,13,2,3,0,0,18,0.7222222222222222
1430,11,2,3,0,0,16,0.6875
1431,13,3,3,0,0,19,0.6842105263157895
1432,13,2,3,0,0,18,0.7222222222222222
1433,14,2,3,0,0,19,0.7368421052631579
1434,14,2,3,0,0,19,0.7368421052631579
1435,14,2,3,0,0,19,0.7368421052631579
1436,14,2,3,0,0,19,0.7368421052631579
1437,15,2,4,0,0,21,0.7142857142857143
1438,13,2,3,0,0,18,0.7222222222222222
1439,13,2,3,0,0,18,0.7222222222222222
1440,13,2,3,0,0,18,0.7222222222222222
1441,15,3,3,0,0,21,0.7142857142857143
1442,10,3,3,0,0,16,0.625
1443,12,2,3,0,0,17,0.7058823529411765
1444,12,2,3,0,0,17,0.7058823529411765
1445,14,2,3,0,0,19,0.7368421052631579
1446,13,2,3,0,0,18,0.7222222222222222
1447,13,3,3,0,0,19,0.6842105263157895
1448,11,3,3,0,0,17,0.6470588235294118
1449,10,2,3,0,0,15,0.6666666666666666
1450,14,2,3,0,0,19,0.7368421052631579
1451,12,2,3,0,0,17,0.7058823529411765
1452,13,2,3,0,0,18,0.7222222222222222
1453,12,2,3,0,0,17,0.7058823529411765
1454,14,3,3,0,0,20,0.7
1455,13,2,3,0,0,18,0.7222222222222222
1456,13,3,3,0,0,19,0.6842105263157895
1457,12,2,4,0,0,18,0.6666666666666666
1458,13,1,4,0,0,18,0.7222222222222222
1459,12,2,4,0,0,18,0.6666666666666666
1460,13,2,4,0,0,19,0.6842105263157895
1461,14,2,3,0,0,19,0.7368421052631579
1462,13,2,3,0,0,18,0.7222222222222222
1463,14,2,3,0,0,19,0.7368421052631579
1464,13,2,3,0,0,18,0.7222222222222222
1465,16,1,4,0,0,21,0.7619047619047619
1466,14,2,3,0,0,19,0.7368421052631579
1467,14,2,3,0,0,19,0.7368421052631579
1468,15,2,3,0,0,20,0.75
1469,14,2,3,0,0,19,0.7368421052631579
1470,11,2,3,0,0,16,0.6875
1471,12,1,3,0,0,16,0.75
1472,13,2,3,0,0,18,0.7222222222222222
1473,15,1,4,0,0,20,0.75
1474,12,1,3,0,0,16,0.75
1475,14,1,3,0,0,18,0.7777777777777778
1476,13,1,3,0,0,17,0.7647058823529411
1477,13,1,3,0,0,17,0.7647058823529411
1478,11,2,3,0,0,16,0.6875
1479,13,2,3,0,0,18,0.7222222222222222
1480,13,2,3,0,0,18,0.7222222222222222
1481,12,2,3,0,0,17,0.7058823529411765
1482,11,1,3,0,0,15,0.7333333333333333
1483,12,1,4,0,0,17,0.7058823529411765
1484,14,1,3,1,0,19,0.7368421052631579
1485,13,1,3,0,0,17,0.7647058823529411
1486,14,1,3,0,0,18,0.7777777777777778
1487,13,1,4,0,0,18,0.7222222222222222
1488,13,1,3,0,0,17,0.7647058823529411
1489,12,1,4,0,0,17,0.7058823529411765
1490,11,0,3,0,0,14,0.7857142857142857
1491,13,1,3,0,0,17,0.7647058823529411
1492,14,2,3,0,0,19,0.7368421052631579
1493,12,2,3,0,0,17,0.7058823529411765
1494,12,2,3,0,0,17,0.7058823529411765
1495,13,1,4,0,0,18,0.7222222222222222
1496,14,1,3,1,0,19,0.7368421052631579
1497,15,1,3,1,0,20,0.75
1498,14,1,3,1,0,19,0.7368421052631579
1499,14,1,3,1,0,19,0.7368421052631579
1500,16,2,3,1,0,22,0.7272727272727273
1501,16,1,3,0,0,20,0.8
1502,15,0,4,1,0,20,0.75
1503,13,1,3,1,0,18,0.7222222222222222
1504,15,1,3,1,0,20,0.75
1505,16,0,3,1,0,20,0.8
1506,15,1,3,1,0,20,0.75
1507,16,1,3,1,0,21,0.7619047619047619
1508,14,1,3,1,0,19,0.7368421052631579
1509,13,1,3,1,0,18,0.7222222222222222
1510,15,1,3,1,0,20,0.75
1511,17,1,3,1,0,22,0.7727272727272727
1512,15,1,3,1,0,20,0.75
1513,15,1,3,0,0,19,0.7894736842105263
1514,16,1,3,0,0,20,0.8
1515,13,1,3,1,0,18,0.7222222222222222
1516,16,1,3,1,0,21,0.7619047619047619
1517,13,2,3,1,0,19,0.6842105263157895
1518,14,1,3,1,0,19,0.7368421052631579
1519,15,1,3,0,0,19,0.7894736842105263
1520,13,1,3,1,0,18,0.7222222222222222
1521,14,1,3,1,0,19,0.7368421052631579
1522,15,1,3,1,0,20,0.75
1523,15,1,2,1,0,19,0.7894736842105263
1524,15,1,3,1,0,20,0.75
1525,16,1,3,1,0,21,0.7619047619047619
1526,14,1,3,1,0,19,0.7368421052631579
1527,16,1,3,1,0,21,0.7619047619047619
1528,15,1,3,1,0,20,0.75
1529,14,1,3,0,0,18,0.7777777777777778
1530,14,1,3,1,0,19,0.7368421052631579
1531,15,1,3,1,0,20,0.75
1532,15,1,3,1,0,20,0.75
1533,16,1,3,1,0,21,0.7619047619047619
1534,15,1,3,1,0,20,0.75
1535,15,1,3,1,0,20,0.75
1536,14,0,3,1,0,18,0.7777777777777778
1537,15,1,3,1,0,20,0.75
1538,14,1,3,0,0,18,0.7777777777777778
1539,14,1,3,1,0,19,0.7368421052631579
1540,16,1,3,1,0,21,0.7619047619047619
1541,15,1,3,1,0,20,0.75
1542,15,1,3,0,0,19,0.7894736842105263
1543,15,1,3,1,0,20,0.75
1544,14,1,3,1,0,19,0.7368421052631579
1545,15,1,3,0,0,19,0.7894736842105263
1546,16,1,3,1,0,21,0.7619047619047619
1547,15,1,3,1,0,20,0.75
1548,14,1,3,1,0,19,0.7368421052631579
1549,14,0,3,1,0,18,0.7777777777777778
1550,13,1,3,0,0,17,0.7647058823529411
1551,12,1,3,1,0,17,0.7058823529411765
1552,16,1,3,1,0,21,0.7619047619047619
1553,14,1,3,1,0,19,0.7368421052631579
1554,15,1,3,1,0,20,0.75
1555,16,1,3,1,0,21,0.7619047619047619
1556,14,1,3,0,0,18,0.7777777777777778
1557,14,1,3,1,0,19,0.7368421052631579
1558,15,1,3,1,0,20,0.75
1559,14,0,3,1,0,18,0.7777777777777778
1560,12,1,3,1,0,17,0.7058823529411765
1561,14,1,3,1,0,19,0.7368421052631579
1562,13,1,3,1,0,18,0.7222222222222222
1563,14,0,3,1,0,18,0.7777777777777778
1564,16,1,3,1,0,21,0.7619047619047619
1565,14,1,3,0,0,18,0.7777777777777778
1566,14,1,3,1,0,19,0.7368421052631579
1567,13,0,3,1,0,17,0.7647058823529411
1568,16,1,3,1,0,21,0.7619047619047619
1569,17,1,3,0,0,21,0.8095238095238095
1570,15,1,3,1,0,20,0.75
1571,14,1,3,1,0,19,0.7368421052631579
1572,15,1,3,0,0,19,0.7894736842105263
1573,16,1,3,1,0,21,0.7619047619047619
1574,15,1,3,1,0,20,0.75
1575,14,1,3,1,0,19,0.7368421052631579
1576,14,1,3,1,0,19,0.7368421052631579
1577,15,1,3,1,0,20,0.75
1578,16,1,3,0,0,20,0.8
1579,15,1,3,1,0,20,0.75
1580,13,1,3,0,0,17,0.7647058823529411
1581,14,1,3,1,0,19,0.7368421052631579
1582,16,1,3,1,0,21,0.7619047619047619
1583,14,1,3,0,0,18,0.7777777777777778
1584,16,1,3,1,0,21,0.7619047619047619
1585,11,1,3,1,0,16,0.6875
1586,16,1,3,1,0,21,0.7619047619047619
1587,15,1,3,0,0,19,0.7894736842105263
1588,15,1,4,0,0,20,0.75
1589,14,1,4,1,0,20,0.7
1590,14,1,3,1,0,19,0.7368421052631579
1591,15,1,3,1,0,20,0.75
1592,14,1,3,1,0,19,0.7368421052631579
1593,14,1,3,1,0,19,0.7368421052631579
1594,14,2,3,0,0,19,0.7368421052631579
1595,16,1,3,1,0,21,0.7619047619047619
1596,13,1,3,0,0,17,0.7647058823529411
1597,14,1,3,1,0,19,0.7368421052631579
1598,13,1,3,1,0,18,0.7222222222222222
1599,12,1,3,0,0,16,0.75
