resSeq,n_binder,n_fp,mean_binder,mean_fp,cohens_d,auc,p,q
91,53,121,0.017481132075471698,0.1426,-0.5869067019161628,0.23982535474816774,1.006624271180867e-08,4.550872376209131e-07
61,53,121,0.7470905660377358,0.5117504132231405,1.0072103006870436,0.7721035396850149,1.1668903528741362e-08,4.550872376209131e-07
90,53,121,0.008056603773584907,0.1345884297520661,-0.6182243833077655,0.27888663651956963,1.3718554458236624e-07,3.5668241591415222e-06
159,53,121,0.5177490566037736,0.2889157024793389,0.8655288082233983,0.7362388897551848,7.329423834408359e-07,1.42923764770963e-05
164,53,121,0.31750943396226416,0.5660305785123967,-0.8375668102945963,0.2784968033681584,3.426490128413877e-06,5.345324600325649e-05
81,53,121,0.18901698113207546,0.3723157024793388,-0.7130763782915591,0.2837985342273507,5.826606181599546e-06,7.30037472479354e-05
88,53,121,0.44881320754716975,0.2797239669421488,0.7985518695473578,0.7150319663184158,6.551618342763433e-06,7.30037472479354e-05
59,53,121,0.4185490566037736,0.586702479338843,-0.7125832794185523,0.30898175580851395,6.225751731670842e-05,0.000607010793837907
122,53,121,0.5809547169811321,0.7444504132231405,-0.551405943234123,0.31147668797754563,7.754192436126987e-05,0.0006720300111310055
89,53,121,0.41502641509433963,0.5300702479338842,-0.532988929109398,0.33229377826290346,0.00043938453768046734,0.003427199393907645
82,53,121,0.0,0.02690082644628099,-0.3194875473368058,0.40082644628099173,0.0005271226395562092,0.003431066980556494
62,53,121,0.22721509433962264,0.3414834710743802,-0.6247355887606012,0.3346327771713706,0.000527856458547153,0.003431066980556494
49,53,121,0.021624528301886794,0.048007438016528924,-0.19958832498061518,0.35568376734757523,0.0010846120236254165,0.006507672141752499
116,53,121,0.14586415094339622,0.09716280991735536,0.2552526332314507,0.648292530796819,0.001448815608344269,0.008071972675060927
162,53,121,0.07517547169811321,0.021009090909090908,0.4549077831493768,0.615078746296585,0.001730393318453761,0.008998045255959557
92,53,121,0.5294905660377359,0.395495867768595,0.5585299373662601,0.6470450647123032,0.0020559620428429832,0.010022814958859544
79,53,121,0.3426339622641509,0.22708429752066114,0.34961616735776946,0.6365195696242009,0.0034809381284509346,0.015971363177598407
168,53,121,0.0065037735849056595,0.0482702479338843,-0.35734843587931336,0.3853890534851083,0.005678282645852491,0.024605891465360793
115,53,121,0.4255264150943396,0.5370735537190082,-0.3927803147041474,0.377124590675191,0.010020658009486842,0.03951415887382501
171,53,121,0.005424528301886792,0.017624793388429753,-0.1983077404419917,0.4048027444253859,0.01013183560867308,0.03951415887382501
93,53,121,0.00015471698113207546,0.002201652892561983,-0.25933166067151664,0.4282707001403399,0.012184366316176864,0.045256217745799784
163,53,121,0.5019301886792453,0.6085421487603305,-0.3969522348791951,0.3819585217526899,0.013370313668181498,0.047403839369007134
58,53,121,0.26927358490566033,0.42387685950413223,-0.49752314645607787,0.3848432870731327,0.015768489378111542,0.053475746586639145
110,53,121,0.29000000000000004,0.3727462809917355,-0.37725503868945465,0.38710431935131767,0.017988213833375143,0.05766906921018208
109,53,121,0.0014433962264150944,0.002410743801652893,-0.06669975154718674,0.566193669109621,0.01848367602890451,0.05766906921018208
118,53,121,0.015160377358490568,0.0451305785123967,-0.23902804741660955,0.40916887572119126,0.02328474060439606,0.06985422181318818
108,53,121,0.2584830188679245,0.1751272727272727,0.314966802536521,0.604943084359894,0.02643747739188454,0.07637493468766644
112,53,121,0.008966037735849058,0.01563719008264463,-0.1296388710948996,0.41758927179167316,0.032904569891028496,0.09166273041072225
119,53,121,0.008501886792452831,0.02923140495867769,-0.19709095482840322,0.4394199282707002,0.05713843235788598,0.15368268013500366
87,53,121,0.2878811320754717,0.25640743801652893,0.1846332021453229,0.5898175580851396,0.05984965030398953,0.15560909079037277
160,53,121,0.47236792452830195,0.391804132231405,0.3406221580770452,0.5890378917823171,0.062103235745601996,0.156259754456676
86,53,121,0.003443396226415094,0.001433884297520661,0.12968632586005213,0.5352409168875721,0.0804324821885405,0.19605417533456748
145,53,121,0.020218867924528303,0.03893636363636363,-0.2143242826229807,0.4320130983938874,0.10249998268091129,0.2422726863366994
99,53,121,3.0188679245283022e-05,0.0,0.24981851177281308,0.5094339622641509,0.13400887600104897,0.3074321272965241
123,53,121,0.012449056603773588,0.023052066115702482,-0.13588043228585803,0.5572275066271635,0.14121432887006188,0.3127622348228376
120,53,121,0.594943396226415,0.6560925619834711,-0.23543047775755527,0.4306876656790894,0.14653920286309421,0.3127622348228376
83,53,121,0.4788452830188678,0.407697520661157,0.29012301068563323,0.5690004677997818,0.14836157292878194,0.3127622348228376
54,53,121,0.0,0.00016776859504132234,-0.17172579465808807,0.4834710743801653,0.18388591411711075,0.37589831822669206
141,53,121,0.4601358490566038,0.5335479338842974,-0.21210730364688551,0.4373927958833619,0.18962614789545906,0.37589831822669206
113,53,121,0.008177358490566038,0.03607438016528926,-0.304634896822086,0.451738655855294,0.19276836832138056,0.37589831822669206
51,53,121,0.018352830188679246,0.05941074380165289,-0.30672167958488733,0.4457352253235615,0.21960539436915016,0.4177858722144808
166,53,121,0.012483018867924528,0.007426446280991735,0.11205524696390111,0.5409324808981756,0.22612685720835146,0.41994987767265274
155,53,121,1.5094339622641511e-05,0.00045123966942148757,-0.1910925741817562,0.4799625760174645,0.24874899621233482,0.4465833257632301
157,53,121,0.0,0.00029669421487603305,-0.16795458174889114,0.48760330578512395,0.2519187991484888,0.4465833257632301
149,53,121,0.0,1.322314049586777e-05,-0.15456567521516246,0.49173553719008267,0.35246026915038553,0.6109311331940016
114,53,121,0.026154716981132073,0.05631487603305785,-0.19457748144238857,0.5385934819897085,0.3693636501048102,0.6263122762646782
52,53,121,0.13185283018867924,0.15732396694214876,-0.10730703560169776,0.5412443474193046,0.37846693891890015,0.6280940688441322
48,53,121,7.547169811320755e-05,0.0003090909090909091,-0.204980990018989,0.4815219086231093,0.41330859338363135,0.6716264642484009
85,53,121,0.002107547169811321,0.0011454545454545454,0.09204220522941724,0.48916263839076873,0.475373159832286,0.7491243883577958
56,53,121,0.0016433962264150942,0.00716694214876033,-0.10358566451056296,0.5115390612817714,0.48020794125499733,0.7491243883577958
57,53,121,0.0,1.983471074380165e-05,-0.10883809088526042,0.49586776859504134,0.5161180887158585,0.760456610151628
96,53,121,0.001690566037735849,0.007394214876033057,-0.15746698324686784,0.48432870731326993,0.5255990438941175,0.760456610151628
117,53,121,0.480188679245283,0.4932454545454546,-0.051567633150237116,0.4699828473413379,0.5301109588086599,0.760456610151628
151,53,121,0.0002773584905660378,0.004767768595041322,-0.2195742676139464,0.4864338063308904,0.5349432844809847,0.760456610151628
107,53,121,0.007901886792452831,0.014171074380165289,-0.10769690275438813,0.5189458911585841,0.5362194045940967,0.760456610151628
106,53,121,0.021033962264150944,0.03061652892561983,-0.09362625494471849,0.5208170902853578,0.577955017239524,0.7923007917207701
156,53,121,0.009579245283018869,0.017505785123966944,-0.1259444576310616,0.5180882582254795,0.5852951634338026,0.7923007917207701
142,53,121,0.002383018867924528,0.0034942148760330576,-0.06882922006300851,0.5161390924684236,0.5985025483290306,0.7923007917207701
53,53,121,1.5094339622641511e-05,9.999999999999999e-05,-0.14179835789968084,0.4926711367534695,0.5993044450195568,0.7923007917207701
158,53,121,0.00018490566037735847,0.00010743801652892563,0.07059643109300494,0.4930609699048807,0.6190735507726093,0.7946136113649884
94,53,121,0.23717735849056604,0.21295702479338838,0.10132155710093922,0.5233120224543895,0.6259331078017047,0.7946136113649884
143,53,121,0.0070226415094339625,0.021136363636363634,-0.1508799101662943,0.5173085919226571,0.636021831137813,0.7946136113649884
60,53,121,0.08015849056603774,0.09412231404958678,-0.06701439640157691,0.5184780913768906,0.6418033014871061,0.7946136113649884
167,53,121,0.4559547169811321,0.4338768595041323,0.08264376311565197,0.5205831903945112,0.667129349961782,0.8130638952659218
65,53,121,0.0001830188679245283,0.0009834710743801653,-0.12102856590512935,0.4937626695774209,0.7218930188930058,0.8662716226716071
161,53,121,0.0010754716981132074,0.002047107438016529,-0.07012839573783312,0.49438640261967876,0.7490544334322105,0.8852461486017033
148,53,121,0.0007358490566037734,0.005617355371900827,-0.1509826882745834,0.5081085295493528,0.7610470566126896,0.8859950808326834
73,53,121,0.001,0.0001950413223140496,0.251207724529071,0.4950101356619367,0.7765307927521152,0.8907264975686028
121,53,121,0.011977358490566038,0.0009289256198347107,0.2304748593518236,0.4950881022922189,0.8100806531903566,0.9144211047330034
34,53,121,0.00036981132075471695,0.006748760330578512,-0.10304816988930371,0.49711523467955715,0.8206343247603877,0.9144211047330034
147,53,121,0.0003226415094339622,0.0017512396694214876,-0.11173635264012086,0.5038203648838298,0.8582066558328002,0.9374155003070496
124,53,121,0.12326037735849055,0.16786611570247936,-0.17597017947852137,0.5076407297676595,0.8728806829358422,0.9374155003070496
139,53,121,0.00023207547169811318,0.0005115702479338843,-0.08532268374081212,0.5021830656479027,0.8889369545822401,0.9374155003070496
111,53,121,0.00937924528301887,0.004701652892561983,0.12130483418148769,0.4964915016372992,0.8966466927733561,0.9374155003070496
50,53,121,0.01759056603773585,0.01510082644628099,0.026817294431960056,0.5030406985810073,0.9013610579875476,0.9374155003070496
55,53,121,0.15277358490566037,0.20231570247933883,-0.19416171018000977,0.5030406985810074,0.9501316581640812,0.966838657480583
84,53,121,0.0039660377358490565,0.0013644628099173555,0.16127396910456493,0.4985186340246375,0.9544432900769857,0.966838657480583
98,53,121,0.0,0.0,0.0,0.5,1.0,1.0
