name,Group,Label,D_58,W_58,D_59,W_59,D_62,W_62,D_83,W_83,D_87,W_87,D_88,W_88,D_89,W_89,D_92,W_92,D_110,W_110,D_115,W_115,D_116,W_116,D_117,W_117,D_120,W_120,D_122,W_122,D_159,W_159,D_160,W_160,D_163,W_163,D_164,W_164,mean_n_neg_charged,std_n_neg_charged,occ_n_neg_charged_gt0,Y23 RMSF (A),R79 RMSF (A),I110 RMSF (A),G163 RMSF (A),Gate (r84-90) mean (A),Gate (r84-90) SD (A),Gate RMSD mean (A),Gate RMSD SD (A),Gate drift100 (A),Gate slope (A/ns),Latch RMSD mean (A),Latch RMSD SD (A),Latch drift100 (A),Latch slope (A/ns),max_saltbridge_occupancy_pct,n_saltbridges_gt50pct,mean_top3_occupancy_pct,delta_D_58,delta_W_58,delta_D_59,delta_W_59,delta_D_62,delta_W_62,delta_D_83,delta_W_83,delta_D_87,delta_W_87,delta_D_88,delta_W_88,delta_D_89,delta_W_89,delta_D_92,delta_W_92,delta_D_110,delta_W_110,delta_D_115,delta_W_115,delta_D_116,delta_W_116,delta_D_117,delta_W_117,delta_D_120,delta_W_120,delta_D_122,delta_W_122,delta_D_159,delta_W_159,delta_D_160,delta_W_160,delta_D_163,delta_W_163,delta_D_164,delta_W_164,hydration_count_pocket_4A_mean,hydration_count_pocket_4A_std,hydration_count_pocket_4A_min,hydration_count_pocket_4A_max,hydration_count_pocket_4A_early20_mean,hydration_count_pocket_4A_late20_mean,hydration_count_pocket_4A_drift20,hydration_count_pocket_4A_slope,hydration_count_pocket_4A_slope_per_ns,gate_bridge_occupancy,triple_bridge_occupancy,mean_n_triple_bridge_waters,co_occurrence_occupancy,mean_run_duration_ns
bind_022_binder,Binder,1,0.0481,0.8892,0.3961,0.577,0.1663,0.3659,0.0587,0.0407,0.3309,0.1174,0.5208,0.5452,0.5208,0.2429,0.1524,0.1027,0.0522,0.5029,0.4703,0.5819,0.7319,0.7751,0.6463,0.621,0.0945,0.4466,0.6813,0.8549,0.6039,0.4344,0.6039,0.0383,0.1638,0.1874,0.2543,0.0212,0.9307084046629168,0.2796167916493747,0.9238607646531344,,,,,,,,,,,,,,,93.39,2,48.57,-0.0481,-0.8892,-0.1312,-0.5453,0.1663,-0.11730000000000002,0.0587,0.0375,0.3309,0.1158,0.12629999999999997,0.3097,0.08230000000000004,0.0562,0.15080000000000002,0.0945,0.0522,-0.26239999999999997,0.19240000000000002,0.14349999999999996,0.718,0.3806,0.6267999999999999,0.322,0.0766,-0.14020000000000002,-0.6382000000000001,-0.7906,0.6039,0.4344,0.6039,0.0383,0.1638,0.1874,0.2511,0.008199999999999999,71.91035044824775,6.798661030579946,49.0,89.0,63.93061224489796,73.51428571428572,9.583673469387762,9.460199262521602,0.0205768336324559,0.7219,0.6034,0.7069,0.7031,1.3298
bind_019_binder,Binder,1,0.1907,0.8394,0.0359,0.6398,0.0742,0.4197,0.5705,0.1508,0.2698,0.0994,0.3178,0.194,0.4352,0.3439,0.6316,0.5803,0.3284,0.3619,0.78,0.5151,0.0399,0.128,0.5436,0.3252,0.6756,0.1638,0.7229,0.2478,0.6308,0.2624,0.7637,0.0244,0.1614,0.0962,0.1361,0.009,0.351186109073123,0.4797259348181324,0.3500448357381593,,,,,,,,,,,,,,,91.34,1,36.93,-0.1907,-0.8370000000000001,-0.029299999999999996,-0.3725,0.0644,0.040700000000000014,0.4507,0.1361,0.2698,0.0994,0.28440000000000004,0.1696,0.06519999999999998,0.16700000000000004,0.47439999999999993,0.06770000000000004,0.056999999999999995,0.20540000000000003,0.661,0.3659,0.039099999999999996,0.1036,0.5428,0.25920000000000004,0.6731999999999999,0.1149,-0.5762,-0.2445,0.6308,0.2624,0.7637,0.023600000000000003,0.119,0.0938,0.11900000000000001,-0.003999999999999999,72.33333333333333,6.737762710729847,50.0,93.0,66.57959183673469,77.15102040816326,10.57142857142857,13.86546992346471,0.0301587165273838,0.527,0.2954,0.3253,0.434,0.6969
bind_020_binder,Binder,1,0.2861,0.6764,0.379,0.2755,0.0522,0.2021,0.2738,0.0505,0.5053,0.3782,0.3244,0.4059,0.3504,0.1337,0.6373,0.2347,0.1508,0.0196,0.013,0.1622,0.022,0.317,0.3871,0.2999,0.956,0.0839,0.6447,0.4287,0.7082,0.5257,0.4189,0.031,0.4857,0.2771,0.1361,0.0269,0.2694220265753648,0.4436595521020461,0.2694220265753648,,,,,,,,,,,,,,,93.96,1,40.03,-0.2861,-0.6715,0.10600000000000001,-0.14750000000000002,0.0522,0.13770000000000002,0.2738,0.0505,0.5053,0.36519999999999997,0.32280000000000003,0.36269999999999997,0.3504,0.1337,0.6234999999999999,0.1988,0.15,0.0196,0.013,0.1622,0.022,0.3162,0.3871,0.2999,0.21189999999999998,-0.025300000000000003,-0.6447,-0.39690000000000003,0.26160000000000005,0.07419999999999999,0.4116,0.0302,0.2975,-0.027700000000000002,0.1353,-0.010599999999999998,68.58272208638957,6.516004602563501,48.0,89.0,61.285714285714285,70.39183673469388,9.106122448979598,9.291662352763147,0.0202102498156892,0.7024,0.2706,0.3126,0.4145,0.5938
nonb_006_nb,False Positive,0,0.0073,0.2502,0.5077,0.0424,0.4768,0.0611,0.2176,0.0049,0.304,0.0081,0.4067,0.5273,0.5632,0.1133,0.4491,0.035,0.2363,0.0758,0.291,0.4556,0.0065,0.4654,0.6333,0.7392,0.2388,0.1182,0.9853,0.881,0.5493,0.3081,0.4914,0.3725,0.4026,0.4042,0.1239,0.4906,0.0029347028613352,0.0540933487635121,0.0029347028613352,,,,,,,,,,,,,,,83.03,2,46.84,-0.0073,-0.2502,0.2519,-0.008900000000000002,0.4744,0.0187,0.2168,0.0049,0.3024,0.0081,0.4051,0.383,0.41,0.058699999999999995,0.4458,0.0285,0.2314,0.0407,0.09539999999999998,0.2159,0.0049,0.26080000000000003,0.2999,0.40590000000000004,0.1997,0.04479999999999999,-0.15239999999999998,-0.6716,0.5493,0.29259999999999997,0.489,0.3162,0.4018,0.21589999999999998,0.0774,-0.012300000000000033,73.66748166259168,6.13767159820251,55.0,90.0,71.34693877551021,76.20816326530613,4.861224489795916,7.773133805340743,0.0169073057212414,0.5885,0.455,0.5202,0.533,0.8823
nonb_008_nb,False Positive,0,0.9324,0.9519,0.6308,0.0,0.2469,0.0008,0.7156,0.4311,0.0277,0.3513,0.2804,0.7555,0.546,0.6064,0.1084,0.0196,0.4214,0.3431,0.8786,0.6072,0.0,0.1475,0.4776,0.5436,0.9804,0.454,0.2934,0.3399,0.3993,0.6055,0.4303,0.0456,0.7245,0.348,0.132,0.1467,0.8619874459933154,0.3617553585455642,0.8560365207467189,,,,,,,,,,,,,,,97.71,2,64.57,-0.9324,-0.9519,-0.6308,0.0,0.05710000000000001,0.0008,0.7156,0.3659,0.0277,0.3,0.27959999999999996,0.5126,0.546,0.5640000000000001,0.1084,0.0196,0.4214,0.3431,0.8786,0.5932999999999999,0.0,0.141,0.2094,0.4181,0.9804,0.454,0.24860000000000002,-0.13040000000000002,0.15650000000000003,0.23309999999999997,0.4262,0.044000000000000004,0.5469,0.1646,0.132,0.1459,70.61939690301548,5.23336876376289,54.0,88.0,71.3061224489796,69.26938775510204,-2.0367346938775484,-2.2996264823236143,-0.0050019064324602,0.8988,0.3928,0.4333,0.6754,0.7278
nonb_009_nb,False Positive,0,0.0293,0.3871,0.6243,0.3993,0.6732,0.0,0.0611,0.0033,0.2421,0.2282,0.1614,0.4042,0.207,0.0652,0.52,0.0236,0.2885,0.0253,0.696,0.2029,0.0,0.1337,0.3513,0.3888,0.3879,0.0139,0.9878,0.881,0.3953,0.7669,0.2095,0.2518,0.5469,0.3896,0.3121,0.52,0.0023640661938534,0.0485641574093951,0.0023640661938534,,,,,,,,,,,,,,,52.04,1,22.49,-0.0293,-0.3725,0.5607000000000001,-0.3415,0.6708,0.0,0.0611,0.0033,0.2421,0.2233,0.1614,0.2461,0.207,0.057100000000000005,0.52,0.022000000000000002,0.2885,0.020300000000000002,0.6512,0.04729999999999998,0.0,-0.021199999999999997,0.251,0.06190000000000001,0.38630000000000003,0.0058,-0.03180000000000005,-0.8729,0.2559,0.5525,0.15,0.10439999999999999,0.392,0.23149999999999998,0.1915,-0.4645,81.5916870415648,6.642116688662282,55.0,105.0,78.19183673469388,79.42857142857143,1.2367346938775512,0.5780524517572899,0.0012573190902822,0.5967,0.1694,0.1784,0.3051,0.5075
pair_3069_binder,Binder,1,0.0147,0.6626,0.0057,0.5738,0.3007,0.3765,0.3211,0.0432,0.3211,0.1834,0.1573,0.4279,0.5746,0.031,0.8362,0.3447,0.357,0.0399,0.3121,0.4923,0.0081,0.5151,0.3439,0.4279,0.987,0.4564,0.89,0.1932,0.784,0.8745,0.4417,0.3945,0.0293,0.6805,0.0049,0.3936,0.0009782342871117,0.0337685710779008,0.0008967147631857,1.196,0.789,0.783,1.13,0.37043,0.08798,1.3274,0.4365,-0.0556,-0.00015,2.0488,0.3788,0.3165,0.000789,96.15,1,32.05,-0.0147,-0.6626,-0.0057,-0.5705,-0.2974,-0.3741,0.3211,-0.023600000000000003,0.3211,0.1834,0.1573,0.4279,0.5746,0.031,0.5224,-0.3195,0.1679,0.0023999999999999994,0.3121,0.4923,0.0081,0.5151,0.3439,0.4279,-0.17930000000000001,-0.2763,-0.89,-0.19240000000000002,0.784,0.8745,0.4385,0.3162,0.0228,0.5412,-0.0033000000000000004,-0.2518,71.21923390383049,5.856336719459945,49.0,89.0,68.77142857142857,71.53877551020408,2.7673469387755034,3.720180307893245,0.0080917461835633,0.5817,0.1574,0.1769,0.4385,0.6152
pair_3070_binder,Binder,1,0.2714,0.6764,0.1174,0.4564,0.1703,0.4914,0.5558,0.0122,0.3089,0.1622,0.5672,0.6496,0.2453,0.2298,0.5012,0.3464,0.0024,0.2437,0.4271,0.7286,0.5803,0.8566,0.8582,0.6267,0.9544,0.4336,0.5314,0.5803,0.6438,0.4882,0.5542,0.0823,0.3871,0.2347,0.216,0.0619,0.1902665688432379,0.3925114031768496,0.1902665688432379,1.538,0.718,0.665,0.637,0.31829,0.04939,1.7942,0.5809,0.7109,0.002501,1.9524,0.5834,0.9233,0.002989,89.25,1,41.0,-0.2714,-0.6764,0.051399999999999994,-0.3235,0.16629999999999998,-0.2217,0.5558,0.0114,0.3089,0.1622,0.5672,0.6496,0.2453,0.2298,0.5012,0.05459999999999998,0.0008,-0.12229999999999999,0.4271,0.7286,0.5803,0.8566,0.8582,0.6234000000000001,-0.6682999999999999,-0.2649,-0.5314,-0.5803,0.6438,0.4882,-0.0701,0.0823,0.03589999999999999,0.1067,-0.2136,-0.0619,69.82233088834556,7.835787550150892,44.0,90.0,59.53469387755102,72.14693877551021,12.612244897959188,14.873234949786164,0.0323507013589693,0.8156,0.6687,0.7886,0.8058,1.5068
pair_3074_binder,Binder,1,0.4026,0.8199,0.498,0.3121,0.0782,0.141,0.4654,0.0114,0.1516,0.1271,0.7579,0.5729,0.546,0.0587,0.6911,0.2062,0.5591,0.172,0.6887,0.4874,0.0,0.4148,0.4417,0.6324,0.9421,0.815,0.0196,0.392,0.476,0.6675,0.3488,0.251,0.5917,0.3692,0.5297,0.5852,0.024700415749572,0.1552105190100539,0.024700415749572,2.838,0.703,0.605,0.671,0.33371,0.0508,1.1716,0.4115,0.2856,0.000444,2.4979,0.3209,0.0493,-0.000102,92.78,1,32.42,-0.4026,-0.8199,-0.498,-0.2665,-0.075,-0.0522,0.4654,0.0114,0.1516,0.1271,0.7579,0.5729,0.546,0.0587,0.687,0.0537,0.5591,0.15560000000000002,0.6887,0.4874,0.0,0.4148,0.4417,0.6324,0.7254,-0.02849999999999997,-0.0196,-0.295,0.476,0.6675,0.3488,0.19319999999999998,0.2665,0.3676,0.06599999999999995,0.14749999999999996,69.0717196414018,5.758922680620609,52.0,95.0,70.01224489795918,69.76326530612245,-0.2489795918367292,-1.8258005941240645,-0.0039712900361589,0.6859,0.2819,0.3088,0.545,0.5663
pair_3092_binder,Binder,1,0.0114,0.6129,0.5045,0.3325,0.1198,0.2078,0.6112,0.0269,0.1834,0.1157,0.3741,0.2641,0.2681,0.1353,0.6178,0.3187,0.1508,0.2029,0.6406,0.4303,0.5827,0.3333,0.7783,0.4808,0.956,0.4466,0.5876,0.5297,0.599,0.3456,0.3472,0.0652,0.3928,0.2355,0.3798,0.0888,0.0248634547974239,0.1557089060168378,0.0248634547974239,2.838,0.703,0.605,0.671,0.33371,0.0508,1.2792,0.5301,-0.6934,-0.001879,2.5886,1.0893,0.1878,-0.000607,91.45,1,40.59,-0.0114,-0.6113,0.03739999999999999,-0.2478,0.1182,0.014700000000000005,0.6112,0.0269,0.1834,0.1157,0.3741,0.2641,0.2681,0.1353,0.6072,0.17519999999999997,0.10919999999999999,0.1166,0.6406,0.4295,0.5827,0.3333,0.7783,0.4784,-0.5671999999999999,0.04479999999999998,-0.5876,-0.5192,0.599,0.3456,0.3284,0.0636,0.3366,0.23229999999999998,-0.3716,-0.07329999999999999,67.85411572942135,6.4052804415653,47.0,88.0,62.57959183673469,72.2326530612245,9.653061224489804,10.4646512109459,0.0227616122043412,0.3958,0.2121,0.2489,0.2909,0.7122
pair_3098_binder,Binder,1,0.7017,0.8688,0.2274,0.0929,0.1646,0.0848,0.3619,0.0008,0.3219,0.2282,0.4311,0.5452,0.3928,0.1508,0.546,0.1907,0.1304,0.1361,0.154,0.3227,0.1369,0.4214,0.5281,0.3488,0.9356,0.0888,0.6544,0.3219,0.7571,0.6129,0.2747,0.053,0.5901,0.3553,0.15,0.0367,0.0048096519116328,0.0691846743153551,0.0048096519116328,2.396,1.353,0.83,2.313,0.35357,0.06343,1.5859,0.6169,-0.0604,-0.000426,1.9424,0.4539,0.8414,0.002239,94.38,1,36.85,-0.7017,-0.868,-0.15000000000000002,-0.0856,-0.11240000000000001,-0.0783,0.33,0.0,0.3219,0.2282,0.4311,0.5452,0.3928,0.1508,0.4727,-0.0571,0.07089999999999999,-0.0847,0.154,0.3227,0.1369,0.4214,0.5281,0.3488,-0.2632,-0.0449,-0.6544,-0.32030000000000003,0.7571,0.6129,0.2347,0.0514,0.5689,0.352,-0.028499999999999998,-0.008900000000000002,70.27791361043195,5.900715596157307,52.0,90.0,66.4938775510204,73.45714285714286,6.963265306122452,7.653162157641981,0.016646355970945,0.7196,0.3913,0.4543,0.491,1.0639
pair_3059_nb,False Positive,0,0.022,0.6675,0.5045,0.0497,0.7865,0.0179,0.4784,0.0049,0.3162,0.4303,0.2078,0.6055,0.6381,0.4434,0.6121,0.1548,0.0244,0.2698,0.5518,0.4295,0.0,0.2755,0.0619,0.3904,0.445,0.0579,0.9698,0.9348,0.009,0.3366,0.0,0.0,0.4833,0.6642,0.89,0.141,0.805983533056167,0.4114051072589771,0.7995434906660145,1.081,0.638,1.086,1.538,0.396,0.08626,2.8842,0.6903,0.4102,0.000826,1.5826,0.463,0.4456,0.001156,89.65,2,58.59,-0.022,-0.6675,-0.4368,-0.0456,0.7865,0.0008000000000000004,0.4784,0.0049,0.3162,0.4303,0.2078,0.6055,0.6381,0.4434,0.6121,0.1548,0.0244,0.2698,0.5518,0.4295,0.0,0.2755,0.0619,0.3904,0.445,0.0579,-0.10929999999999995,-0.714,0.009,0.3366,0.0,0.0,0.3472,0.6642,0.25749999999999995,-0.1304,80.64303178484107,5.896530268801193,61.0,101.0,81.3061224489796,82.0,0.6938775510204067,0.2248990546578215,0.0004891768453677,0.8816,0.2999,0.3553,0.5622,0.7353
pair_3061_binder,Binder,1,0.5077,0.9356,0.8231,0.3423,0.009,0.035,0.7278,0.0481,0.2323,0.0081,0.2836,0.5297,0.2461,0.1035,0.643,0.1638,0.3056,0.1141,0.7172,0.6536,0.0171,0.6879,0.2445,0.5754,0.6333,0.0285,0.6724,0.9625,0.9275,0.7237,0.1394,0.0016,0.9535,0.1736,0.3659,0.0497,0.0006521561914078,0.0255290204220579,0.0006521561914078,1.0,0.79,0.694,1.088,0.34843,0.05943,1.2727,0.4745,-0.1067,-0.000353,1.956,0.3955,0.2246,0.000834,0.0,0,0.0,-0.489,-0.9087,0.45480000000000004,-0.28850000000000003,0.009,0.0253,0.7278,0.0481,0.2323,0.0081,0.2795,0.4734999999999999,0.2355,0.1011,0.643,0.15159999999999998,0.3056,0.039099999999999996,0.40099999999999997,0.18180000000000007,0.016300000000000002,0.176,-0.0464,0.13369999999999993,0.6333,0.0179,-0.5778,-0.6895,0.5851,0.3789,0.128,0.0008,0.9038,0.1736,0.3105,-0.0359,70.02526487367564,5.098717162030376,52.0,84.0,70.13469387755102,70.6938775510204,0.5591836734693914,2.0270780405055624,0.0044090876356836,0.5795,0.2286,0.2601,0.4918,0.6611
pair_3062_binder,Binder,1,0.1092,0.8337,0.7335,0.1418,0.0978,0.0839,0.7669,0.0139,0.2844,0.0236,0.2347,0.2111,0.3896,0.4588,0.7221,0.5689,0.0807,0.4034,0.5966,0.7107,0.1948,0.2315,0.5746,0.5681,0.6194,0.1434,0.6243,0.5232,0.7099,0.1443,0.5338,0.035,0.3676,0.0432,0.1614,0.0122,0.0970082334719165,0.2965193319267373,0.0968451944240645,1.786,0.679,0.609,0.916,0.28986,0.03864,1.5067,0.4687,0.1669,0.000459,3.182,1.0192,1.51,0.004866,93.76,2,60.23,-0.1092,-0.8337,0.43190000000000006,-0.10189999999999999,0.0798,0.0326,0.7669,0.0139,0.2844,0.0236,0.2347,0.2111,0.3896,0.4588,0.7221,0.5142,0.0537,0.27390000000000003,0.5966,0.7107,0.1948,0.2315,0.5746,0.5681,0.46130000000000004,0.11980000000000002,-0.6243,-0.5224,0.7099,0.1443,0.5004000000000001,0.035,0.361,0.0424,-0.1247,-0.0122,68.67970660146699,6.160917694741804,48.0,87.0,63.285714285714285,70.43673469387755,7.151020408163269,6.234264871020923,0.013560119349692,0.6537,0.4768,0.5345,0.6259,0.9617
pair_3063_binder,Binder,1,0.6716,0.7392,0.1019,0.132,0.1263,0.1899,0.511,0.0049,0.357,0.11,0.6496,0.6381,0.3602,0.304,0.498,0.1385,0.0155,0.1174,0.057,0.4442,0.0774,0.5159,0.6683,0.6536,0.2453,0.0758,0.5632,0.3782,0.687,0.5509,0.8223,0.1369,0.3113,0.251,0.3586,0.1328,0.1186109073123013,0.323330109916868,0.1186109073123013,1.65,1.269,0.991,2.06,0.35171,0.06673,2.0167,0.7749,0.604,0.002334,1.608,0.4141,-0.1316,-0.000149,71.86,2,54.95,-0.6716,-0.6748,-0.0538,-0.0627,0.1239,0.04639999999999998,0.511,0.0049,0.357,0.11,0.6496,0.6381,0.3602,0.304,0.49470000000000003,0.0912,-0.0073,-0.0929,0.057,0.4442,0.0774,0.5159,0.6683,0.6536,0.1703,-0.0537,-0.5632,-0.3684,0.687,0.5509,0.7563,0.1264,0.3113,0.251,-0.1288,-0.1019,64.66259168704157,7.003102872575518,45.0,83.0,58.35918367346939,70.08571428571429,11.7265306122449,15.15672610562028,0.0329673216000441,0.7399,0.5975,0.6814,0.6582,2.2139
pair_3066_binder,Binder,1,0.2078,0.7368,0.4222,0.3236,0.0473,0.185,0.5477,0.0228,0.3725,0.1206,0.6039,0.5941,0.4784,0.379,0.5077,0.2926,0.0041,0.0538,0.2469,0.6072,0.3765,0.7751,0.621,0.7229,0.2763,0.1076,0.6724,0.489,0.6438,0.4523,0.7278,0.0505,0.1133,0.2192,0.4254,0.0212,0.2723567294367001,0.5029509533200061,0.2449661693975707,3.406,1.081,0.877,0.704,0.29957,0.05251,1.4123,0.5002,-0.4525,-0.001078,1.4653,0.4885,-0.4004,-0.001352,92.64,2,50.0,-0.2078,-0.7368,-0.06439999999999999,-0.2771,0.0473,-0.0204,0.5477,0.0228,0.3725,0.1206,0.6039,0.5941,0.4784,0.379,0.5028,0.18169999999999997,-0.0041,-0.0245,0.2469,0.6072,0.3765,0.7751,0.621,0.7229,0.13939999999999997,-0.0334,-0.6724,-0.489,0.6438,0.4523,0.6863,0.0489,0.1133,0.2192,-0.4009,-0.010599999999999998,66.18907905460473,5.701208329246815,49.0,85.0,65.31428571428572,67.26938775510204,1.955102040816328,3.846547151629064,0.0083666060938098,0.7474,0.6259,0.7496,0.7166,2.6094
pair_3067_binder,Binder,1,0.1312,0.643,0.5371,0.524,0.3382,0.1883,0.5762,0.0269,0.2689,0.1899,0.4768,0.6161,0.4678,0.3227,0.6585,0.3716,0.2282,0.0791,0.2437,0.5297,0.0481,0.5485,0.2339,0.502,0.5884,0.0562,0.7604,0.4588,0.6121,0.5664,0.5949,0.0994,0.2641,0.2755,0.8989,0.1149,0.400749979620119,0.5166118826569078,0.3873807776962582,1.958,0.994,0.835,0.782,0.47586,0.13031,1.5454,0.4649,-0.0196,0.000129,1.6806,0.5107,0.4647,0.000918,93.43,1,47.72,-0.1312,-0.643,-0.21999999999999997,-0.5077,0.009800000000000003,-0.1703,0.5754,0.0245,0.2689,0.1899,0.4768,0.6161,0.4678,0.3227,0.5094000000000001,-0.048100000000000004,-0.2233,-0.055400000000000005,0.2437,0.5297,0.0481,0.5485,0.2339,0.502,0.432,-0.004100000000000006,-0.7604,-0.4376,0.6121,0.5664,0.5949,0.0994,0.2641,0.2755,-0.20779999999999998,-0.0611,67.7644661776691,6.231144710671971,50.0,89.0,63.49795918367347,67.5265306122449,4.028571428571425,6.701990235977156,0.0145774665274109,0.8028,0.5885,0.7114,0.7061,1.3142
pair_3068_binder,Binder,1,0.013,0.7474,0.4059,0.5876,0.2437,0.2518,0.6349,0.0285,0.383,0.1092,0.6275,0.5778,0.3871,0.4531,0.4051,0.4393,0.0081,0.2665,0.1801,0.6528,0.4727,0.8386,0.5444,0.7563,0.3293,0.1125,0.7457,0.7359,0.674,0.4556,0.5974,0.0285,0.2779,0.1956,0.1769,0.0758,0.1145349311160022,0.3215169501666722,0.1135566968288905,1.601,0.777,0.955,0.677,0.37529,0.08904,1.3532,0.4959,-0.0251,-4e-05,1.4196,0.3681,-0.4207,-0.001197,91.77,1,46.48,-0.013,-0.7474,-0.216,-0.56,0.24130000000000001,0.022799999999999987,0.6349,0.0285,0.383,0.1092,0.6275,0.5778,0.3871,0.4531,0.4043,0.17689999999999997,-0.0081,-0.2306,0.1801,0.6528,0.4727,0.8386,0.5444,0.7563,0.18989999999999999,-0.0611,-0.7457,-0.7335,0.674,0.4556,0.5761999999999999,0.0236,0.2755,0.1948,-0.1663,-0.0644,68.24286878565607,6.276670891088709,45.0,90.0,65.36326530612244,72.67755102040816,7.314285714285717,10.23403391126367,0.0222599976318948,0.7661,0.6567,0.7601,0.7436,1.9671
pair_3071_binder,Binder,1,0.0538,0.8052,0.5884,0.3904,0.0603,0.0033,0.7302,0.0033,0.3635,0.0807,0.6577,0.7327,0.383,0.5289,0.6153,0.1548,0.0139,0.0114,0.172,0.7278,0.273,0.8582,0.5827,0.8199,0.2339,0.0318,0.6292,0.5053,0.6316,0.4751,0.7156,0.0505,0.1174,0.1785,0.0342,0.0114,0.3896633243661857,0.4998906956036724,0.3836308795956631,1.081,0.662,0.717,0.816,0.34414,0.05848,1.1199,0.461,0.2383,0.000269,1.2528,0.3517,0.1936,0.000337,91.34,2,59.94,-0.0538,-0.8044,0.0726,-0.3717,0.0603,-0.0017,0.7302,0.0033,0.3635,0.0807,0.6577,0.7327,0.383,0.5289,0.6080000000000001,0.1532,-0.0139,0.0114,0.172,0.7278,0.273,0.8582,0.5827,0.8199,0.1605,0.0302,-0.6292,-0.502,0.6316,0.4751,0.7156,0.048900000000000006,0.1174,0.1785,-0.0342,-0.0073,64.52567237163814,5.3460480052925785,47.0,82.0,63.69795918367347,66.05714285714286,2.359183673469396,1.5980742734722797,0.0034759636182105,0.8576,0.8141,0.9355,0.8486,4.2422
pair_3072_binder,Binder,1,0.3382,0.837,0.0407,0.4124,0.2469,0.3659,0.5338,0.0782,0.3545,0.1883,0.4808,0.4898,0.4523,0.2787,0.6626,0.357,0.4344,0.0399,0.48,0.5477,0.0318,0.291,0.1671,0.291,0.4874,0.0269,0.5224,0.5216,0.6455,0.4572,0.6227,0.1304,0.3513,0.2551,0.925,0.3945,0.4418358196788131,0.513075931036006,0.4335208282383631,3.258,0.582,0.66,0.589,0.31814,0.05125,1.9273,0.798,0.7936,0.002893,1.8456,0.5533,0.3348,0.001218,57.23,2,36.63,-0.3382,-0.8077,-0.0269,-0.22080000000000002,0.1768,-0.024399999999999977,0.5338,0.0742,0.3545,0.1883,0.4808,0.4898,0.4523,0.2787,0.5517,0.20450000000000002,-0.2812,0.0007999999999999986,0.48,0.5468999999999999,0.0318,0.291,0.1671,0.29019999999999996,0.27790000000000004,0.014699999999999998,-0.5224,-0.5061,0.6455,0.4572,0.6056,0.1304,0.34959999999999997,0.24860000000000002,0.21189999999999998,-0.25020000000000003,71.10268948655256,6.694951882181259,50.0,93.0,68.28979591836735,67.06122448979592,-1.2285714285714278,-1.081775682326799,-0.0023529650512817,0.7234,0.4603,0.5705,0.5547,1.1688
pair_3073_binder,Binder,1,0.0196,0.2567,0.511,0.8183,0.392,0.2763,0.3562,0.0057,0.3252,0.1834,0.2543,0.4482,0.4262,0.0179,0.793,0.3749,0.2934,0.0994,0.2901,0.4002,0.0057,0.3643,0.3888,0.3333,0.9682,0.5958,0.846,0.3358,0.74,0.824,0.414,0.467,0.0685,0.6341,0.0179,0.5192,0.0195646857422352,0.138498768276266,0.0195646857422352,1.054,0.769,0.88,0.606,0.30314,0.05323,1.1758,0.382,-0.4004,-0.001023,1.7653,0.3939,0.2529,0.000729,93.39,1,32.49,-0.0196,-0.2567,-0.511,-0.8175,-0.3725,-0.2722,0.3562,0.0057,0.3252,0.1834,0.2543,0.4482,0.4262,0.0179,0.5493,-0.3341,0.128,-0.0563,0.2901,0.4002,0.0057,0.3643,0.3888,0.3333,-0.08879999999999999,-0.3161999999999999,-0.846,-0.3162,0.74,0.8231999999999999,0.414,0.4222,0.0685,0.5786,0.014699999999999998,-0.2526,70.54523227383864,5.454131144686648,55.0,88.0,69.29387755102042,71.36734693877551,2.0734693877550967,3.289551858429632,0.0071550883271987,0.6087,0.1387,0.1522,0.3613,0.4656
pair_3075_binder,Binder,1,0.4572,0.8582,0.1019,0.2168,0.2641,0.4042,0.6357,0.1043,0.2502,0.0709,0.4947,0.3513,0.6341,0.1002,0.586,0.5949,0.0261,0.1597,0.7881,0.5249,0.5249,0.379,0.4173,0.3105,0.3627,0.1573,0.4874,0.6585,0.7042,0.2657,0.762,0.0554,0.2461,0.1597,0.5632,0.0839,0.2057552783891742,0.4130299770109355,0.202168419336431,1.716,0.823,0.748,0.642,0.30314,0.04625,1.3981,0.4394,-0.1461,-0.000463,1.6593,0.4051,0.1329,-8.9e-05,66.56,1,38.01,-0.4572,-0.8427,-0.05299999999999999,-0.1264,0.2453,0.1695,0.6357,0.10350000000000001,0.2502,0.0709,0.4947,0.3513,0.6341,0.1002,0.5738,0.47269999999999995,-0.0261,-0.018699999999999994,0.7881,0.5249,0.5249,0.379,0.4173,0.3105,0.2625,0.1264,-0.4874,-0.6552,0.7042,0.2657,0.7546999999999999,0.0554,0.2461,0.1597,-0.2746,-0.054599999999999996,67.80684596577017,6.589934688319935,49.0,91.0,69.9795918367347,64.56734693877551,-5.412244897959184,-9.655033728088684,-0.0210006171355925,0.4475,0.3523,0.4048,0.3973,1.817
pair_3076_binder,Binder,1,0.0,0.3993,0.1883,0.7017,0.013,0.2592,0.5387,0.031,0.1874,0.2298,0.4352,0.4808,0.313,0.1092,0.5371,0.3602,0.0049,0.6316,0.6496,0.5346,0.9144,0.5143,0.7897,0.5208,0.965,0.6487,0.8549,0.3015,0.4711,0.4792,0.7563,0.1345,0.1426,0.1557,0.2111,0.1997,0.2011901850493193,0.4014994540876684,0.2009456264775413,3.993,0.682,0.759,0.907,0.33586,0.06593,1.2921,0.3639,0.1422,0.000489,1.7948,0.5397,1.0023,0.002454,93.44,1,32.64,0.0,-0.3993,-0.1459,-0.6854,0.013,-0.0847,0.5387,0.031,0.1874,0.2298,0.4352,0.4808,0.313,0.1092,0.5371,0.23070000000000002,0.0049,0.023599999999999954,0.6496,0.5346,0.9144,0.5143,0.7897,0.5192,-0.9413,-0.2535,-0.8549,-0.3015,0.4711,0.4792,0.5004,0.12060000000000001,-0.043199999999999995,0.1557,-0.2111,-0.1801,72.69926650366749,5.621157881157655,50.0,90.0,70.35510204081632,76.48163265306123,6.126530612244906,6.5217380916352745,0.0141854009605987,0.6244,0.3193,0.3666,0.5937,0.7295
pair_3077_binder,Binder,1,0.2225,0.846,0.3839,0.2363,0.0888,0.3203,0.5265,0.1255,0.3089,0.1133,0.52,0.4417,0.5297,0.2306,0.4091,0.5599,0.0,0.0359,0.4882,0.6601,0.4499,0.4906,0.6797,0.617,0.2445,0.1271,0.489,0.661,0.7767,0.5493,0.3741,0.0725,0.5289,0.3659,0.2005,0.0,0.0506236243580337,0.2318776394776112,0.0477704410206244,1.263,0.713,0.77,0.709,0.30529,0.03823,1.2165,0.4739,0.1508,0.000355,1.5988,0.4017,-0.0053,-0.000577,82.81,2,51.21,-0.2225,-0.8452,0.1696,-0.13119999999999998,0.08800000000000001,0.20130000000000003,0.5265,0.1255,0.3089,0.1133,0.52,0.4417,0.5297,0.2306,0.4083,0.5233,0.0,0.004,0.4882,0.6601,0.4499,0.4906,0.6797,0.617,0.17850000000000002,0.0962,-0.489,-0.661,0.7767,0.5493,0.3709,0.0725,0.5265,0.3659,-0.11659999999999998,0.0,68.68948655256723,5.48010362668368,50.0,87.0,67.43265306122449,68.47755102040816,1.0448979591836718,0.9636357844269408,0.002095999531108,0.6027,0.461,0.5277,0.5645,1.6356
pair_3078_binder,Binder,1,0.414,0.881,0.7669,0.4132,0.1532,0.3839,0.652,0.013,0.1989,0.0905,0.4205,0.383,0.37,0.0375,0.7474,0.5077,0.0628,0.1174,0.661,0.3586,0.0,0.4132,0.4434,0.608,0.6341,0.0473,0.1614,0.7914,0.5534,0.718,0.7343,0.3928,0.8321,0.1817,0.6944,0.2624,0.0130431238281568,0.1148872440467788,0.0128800847803048,3.413,0.724,0.669,1.198,0.33243,0.07332,1.3246,0.4713,-0.2003,-0.000335,2.0791,0.3854,0.0605,0.000403,92.72,1,33.73,-0.4116,-0.8729,-0.09050000000000002,-0.3749,0.10670000000000002,0.10020000000000001,0.652,0.0114,0.1989,0.08639999999999999,0.4205,0.3186,0.37,0.029400000000000003,0.7359,0.3659,0.0628,0.05620000000000001,0.6275,0.14670000000000002,0.0,0.1459,0.1182,0.25830000000000003,0.621,0.035,-0.1614,-0.6626,0.392,0.6341,0.4066,0.3008,0.8044,0.1492,0.2698,-0.22250000000000003,77.83374083129584,6.61837130542081,58.0,98.0,77.80408163265307,76.96326530612245,-0.8408163265306143,1.923058544316398,0.0041828353329339,0.4895,0.1462,0.1694,0.3478,0.515
pair_3079_binder,Binder,1,0.0497,0.7677,0.4434,0.5925,0.5607,0.0057,0.5868,0.0163,0.1842,0.1418,0.5998,0.6039,0.4344,0.2983,0.5143,0.2078,0.5143,0.1035,0.3521,0.6324,0.2274,0.6577,0.4222,0.6153,0.8533,0.6381,0.4287,0.5868,0.4507,0.2836,0.6275,0.3309,0.0856,0.1956,0.0628,0.4996,0.6388685090079074,0.5136267749250119,0.6223200456509334,2.906,0.797,0.969,1.076,0.35086,0.05895,1.3808,0.5406,0.0045,-9e-06,1.7403,0.4517,-0.4878,-0.001136,87.75,1,42.25,-0.0497,-0.7677,-0.2396,-0.5909,0.5574,-0.0057,0.5868,0.0163,0.1842,0.1418,0.5998,0.6039,0.4344,0.2983,0.366,0.2078,-0.07819999999999999,0.1035,0.3521,0.6324,0.2274,0.6577,0.4222,0.6153,0.3756999999999999,0.0383,-0.4287,-0.3292,0.4507,0.2836,0.6275,0.32689999999999997,0.0856,0.1948,-0.0302,0.04730000000000001,67.77098614506927,6.533385337357136,44.0,87.0,63.0530612244898,70.22857142857143,7.1755102040816325,9.02114476398302,0.0196218483175269,0.7324,0.56,0.6702,0.6732,1.177
pair_3080_binder,Binder,1,0.3382,0.8574,0.7848,0.3007,0.0212,0.2274,0.5518,0.0049,0.1834,0.097,0.586,0.3048,0.2404,0.0562,0.74,0.2934,0.1011,0.3496,0.8101,0.4197,0.088,0.2029,0.5575,0.3366,0.5436,0.2828,0.5925,0.7571,0.4719,0.1989,0.3594,0.0041,0.9446,0.1198,0.4287,0.088,0.0074997962011901,0.0881454896964939,0.0073367571533382,3.088,1.547,0.78,1.07,0.34743,0.07984,1.4484,0.5557,0.2874,0.001226,1.9581,0.5256,0.5945,0.002077,92.75,1,32.15,-0.3366,-0.8345,-0.2314,-0.2706,0.019600000000000003,-0.05550000000000001,0.4556,0.0049,0.1834,0.0913,0.5623,0.1842,0.2135,0.0472,0.5786,0.07830000000000001,0.1011,0.05789999999999998,0.48250000000000004,0.2991,0.0823,0.08880000000000002,0.5468,0.2625,0.5379,0.2143,-0.5013,-0.6553,0.2559,0.1027,0.3554,0.0033000000000000004,0.6299999999999999,0.106,0.4108,-0.013899999999999996,70.34555827220863,5.627204506351515,54.0,89.0,69.05714285714286,71.2734693877551,2.2163265306122355,2.484872135899906,0.0054048333570416,0.3621,0.1477,0.1589,0.2211,0.6156
pair_3085_binder,Binder,1,0.8272,0.793,0.0872,0.1687,0.2437,0.2926,0.2209,0.0171,0.3741,0.3888,0.2518,0.3733,0.1736,0.0742,0.7539,0.2828,0.3203,0.0383,0.304,0.2315,0.0139,0.1385,0.4116,0.1328,0.2999,0.0513,0.665,0.6259,0.6854,0.5273,0.4165,0.0799,0.4434,0.3692,0.1222,0.1728,0.2421945055840874,0.4323888840544563,0.2404825955816418,1.214,0.789,0.726,1.209,0.29571,0.03593,1.7622,0.5604,0.1734,6.3e-05,2.9233,0.9936,1.7707,0.005557,93.48,1,39.16,-0.8272,-0.7922,-0.08399999999999999,-0.14750000000000002,-0.08719999999999999,-0.28200000000000003,0.22010000000000002,0.0098,0.3741,0.3888,0.2518,0.3733,0.1736,0.0742,0.2934,-0.163,0.13369999999999999,0.0106,0.304,0.2315,0.0139,0.1385,0.4116,0.1328,0.24930000000000002,0.008199999999999995,-0.6455,-0.5468000000000001,0.6854,0.5273,0.4165,0.0799,0.4434,0.357,0.119,-0.0025000000000000022,70.5680521597392,6.655271494627849,53.0,90.0,65.91020408163266,74.43673469387755,8.526530612244898,8.710750778493662,0.0189467118618676,0.6874,0.1792,0.1987,0.2984,0.8148
pair_3086_binder,Binder,1,0.8761,0.8794,0.1728,0.1345,0.2632,0.0073,0.8231,0.0024,0.3659,0.0293,0.2958,0.2388,0.5518,0.3888,0.8272,0.3431,0.0807,0.075,0.7327,0.5819,0.0334,0.2152,0.3993,0.2893,0.4808,0.0473,0.5844,0.229,0.6145,0.1483,0.6316,0.0628,0.5697,0.207,0.1883,0.0008,0.1821961359745659,0.3860060932297616,0.1821961359745659,0.827,0.759,0.634,0.987,0.27471,0.04982,1.4337,0.367,0.1432,4.4e-05,2.6485,0.8686,1.1248,0.002669,94.4,2,59.81,-0.8761,-0.8794,0.1573,0.1279,0.2632,0.0041,0.8231,0.0024,0.3659,0.0293,0.2958,0.2388,0.5518,0.3888,0.8272,0.3431,0.04970000000000001,0.0734,0.7327,0.5819,0.0334,0.2152,0.3993,0.2893,0.3586,0.0473,-0.5844,-0.229,0.6145,0.1483,0.6316,0.0628,0.5697,0.207,0.07830000000000001,0.0008,61.88753056234719,5.283524485056567,42.0,81.0,59.61224489795919,61.546938775510206,1.93469387755102,2.2832522319473085,0.0049662908797113,0.5952,0.5585,0.6109,0.5787,1.2472
pair_3087_binder,Binder,1,0.0024,0.6911,0.6227,0.7123,0.2738,0.2209,0.2771,0.009,0.3733,0.3814,0.2958,0.4898,0.2624,0.0473,0.5689,0.3097,0.4026,0.216,0.4955,0.4686,0.009,0.4678,0.4605,0.4319,0.9813,0.3325,0.8566,0.2518,0.6675,0.6544,0.2412,0.1076,0.1125,0.348,0.1092,0.2306,0.016385424309122,0.1282303406960926,0.01622238526127,1.619,0.732,0.78,1.192,0.39257,0.08701,1.7726,0.5308,-0.0968,0.0003,2.2345,0.5838,0.5597,0.001781,94.73,1,31.58,-0.0024,-0.6911,-0.6194000000000001,-0.6944,-0.24769999999999998,-0.2184,0.2771,0.007299999999999999,0.3733,0.3814,0.2958,0.4898,0.2624,0.0473,0.1923,-0.27140000000000003,0.17850000000000002,-0.1149,0.4955,0.4686,0.009,0.4678,0.4605,0.4319,-0.31209999999999993,-0.25429999999999997,-0.8566,-0.251,0.6675,0.6544,0.23550000000000001,0.050499999999999996,0.0522,0.24209999999999998,0.0432,-0.1842,68.2917685411573,5.696876198475304,52.0,89.0,66.2204081632653,68.15918367346939,1.9387755102040811,3.232791507052237,0.0070316291616144,0.7159,0.1439,0.1574,0.4648,0.4932
pair_3088_binder,Binder,1,0.3138,0.8688,0.5077,0.4311,0.0391,0.3496,0.5664,0.0253,0.2975,0.1288,0.3521,0.467,0.348,0.2641,0.489,0.5102,0.3341,0.2852,0.5705,0.74,0.0888,0.3993,0.4059,0.4906,0.3635,0.0954,0.4621,0.4368,0.6838,0.4271,0.6642,0.0945,0.3252,0.2152,0.4328,0.0342,0.0026086247656313,0.0510080370379365,0.0026086247656313,1.44,0.751,0.979,0.808,0.33643,0.04441,1.6287,0.527,0.1773,0.000792,3.4593,0.9018,0.0402,8e-06,88.39,1,31.59,-0.3138,-0.8672,0.1703,-0.35860000000000003,0.0391,0.07420000000000002,0.5664,0.0253,0.2975,0.1288,0.3521,0.467,0.348,0.2641,0.489,0.4352,0.06360000000000002,0.1695,0.5705,0.74,0.0888,0.3993,0.4059,0.4906,0.3243,0.0954,-0.4556,-0.4368,0.6838,0.4271,0.661,0.0945,0.3212,0.2152,-0.308,-0.0342,69.61532192339038,6.7092627736924255,51.0,92.0,68.54285714285714,65.38775510204081,-3.155102040816331,-4.993572947444709,-0.0108614963511576,0.6777,0.5127,0.5825,0.6124,1.0059
pair_3091_binder,Binder,1,0.0122,0.8517,0.6316,0.3635,0.2494,0.0758,0.6194,0.035,0.2779,0.0921,0.4515,0.5949,0.4711,0.2958,0.5599,0.467,0.0049,0.1068,0.4866,0.7979,0.4173,0.7474,0.546,0.5029,0.4132,0.0864,0.5819,0.489,0.6088,0.3879,0.6447,0.0522,0.0954,0.1524,0.2592,0.0106,0.1363821635281649,0.3474431922787913,0.1349148120974973,1.163,0.684,0.732,0.617,0.32457,0.05836,1.3267,0.4676,0.1157,0.000197,2.2133,0.7997,1.6807,0.004507,91.34,2,60.83,-0.0122,-0.8517,-0.28689999999999993,-0.36269999999999997,0.2217,-0.0318,0.6194,0.035,0.2779,0.0921,0.4515,0.5949,0.4711,0.2958,0.5575,0.1524,-0.0049,-0.0847,0.4866,0.7979,0.4173,0.7474,0.546,0.4971,0.15560000000000002,0.022000000000000006,-0.5819,-0.48819999999999997,0.6088,0.3879,0.6422,0.046400000000000004,0.0954,0.15080000000000002,-0.2518,0.0048,66.19070904645477,5.895681986201444,48.0,90.0,64.38775510204081,69.0326530612245,4.64489795918368,6.531358760144308,0.0142063268301126,0.8096,0.7069,0.8621,0.7886,1.6001
pair_3099_binder,Binder,1,0.1663,0.8394,0.7343,0.6463,0.5623,0.2192,0.5697,0.0081,0.216,0.282,0.5371,0.4703,0.4556,0.0359,0.8248,0.2152,0.0236,0.0334,0.7343,0.2828,0.0,0.2608,0.3871,0.383,0.7368,0.0277,0.6707,0.815,0.7816,0.7775,0.2649,0.0456,0.802,0.7457,0.8989,0.1182,0.0100269014428955,0.0996311331379405,0.0100269014428955,1.729,1.19,0.709,1.199,0.37671,0.08424,1.7991,0.7877,1.2768,0.003824,2.0509,0.4616,0.2614,0.000858,96.84,2,50.0,-0.1663,-0.8386,-0.7343,-0.6382,-0.36829999999999996,0.02529999999999999,0.5697,0.007299999999999999,0.216,0.282,0.5371,0.4703,0.4556,0.0359,0.8207,0.18339999999999998,0.0236,0.0334,0.7343,0.2828,0.0,0.2608,0.3871,0.383,0.7368,0.0277,-0.11410000000000003,-0.7286,0.7816,0.7775,0.2649,0.0456,0.25429999999999997,-0.26489999999999997,0.32930000000000004,-0.09209999999999999,76.35452322738386,6.101209841417036,59.0,102.0,72.84897959183674,77.11428571428571,4.265306122448976,7.385718722872184,0.0160646410502929,0.6709,0.1312,0.1402,0.3433,0.4755
pair_3100_binder,Binder,1,0.555,0.9087,0.8427,0.4866,0.5958,0.0008,0.044,0.0041,0.0774,0.0334,0.0024,0.2127,0.6137,0.0725,0.5941,0.0033,0.2518,0.6919,0.6732,0.8142,0.0,0.1589,0.9315,0.6373,0.9886,0.837,0.1019,0.5966,0.0073,0.0391,0.2958,0.1149,0.0016,0.0285,0.1337,0.2209,0.9501100513573,0.2177175731702167,0.9501100513573,2.86,0.489,0.671,0.709,0.57314,0.19099,3.1781,0.8875,-0.6832,-0.001855,1.9279,0.2532,-0.1741,-0.000346,94.88,1,46.56,-0.555,-0.9029999999999999,-0.1915,-0.4686,0.5958,0.0008,0.044,0.0041,0.0774,0.0334,0.0024,0.2127,0.6137,0.0725,0.5941,0.0033,0.2518,0.6919,0.6732,0.8142,0.0,0.1589,0.9315,0.6373,0.2298,0.5648000000000001,-0.09949999999999999,-0.5224,0.0073,0.037500000000000006,0.2958,0.0465,-0.0016,0.0106,-0.1337,-0.1491,64.72371638141809,5.760454501709024,46.0,84.0,61.326530612244895,63.29795918367347,1.971428571428575,3.0801669281555903,0.0066996561786962,0.2519,0.1934,0.2354,0.2474,0.7274
pair_3101_binder,Binder,1,0.0285,0.5387,0.3651,0.5681,0.317,0.2078,0.5192,0.0367,0.2861,0.1491,0.3374,0.5974,0.2706,0.229,0.5966,0.3309,0.1728,0.0962,0.5518,0.6178,0.4743,0.7286,0.4792,0.3627,0.9446,0.3578,0.6121,0.4271,0.5216,0.3993,0.639,0.1076,0.1361,0.1736,0.1663,0.2584,0.1276595744680851,0.3402420635469922,0.1254585473220836,3.381,0.726,0.795,1.1,0.33243,0.07467,1.5162,0.5926,0.6325,0.001554,1.8236,0.5398,0.086,0.000366,86.36,1,38.96,-0.0285,-0.5387,-0.1679,-0.5444,0.2543,-0.03670000000000001,0.5192,0.029400000000000003,0.2861,0.1491,0.3374,0.5974,0.2706,0.229,0.5607,0.13690000000000002,0.024500000000000008,-0.0007999999999999952,0.5518,0.6178,0.4743,0.7286,0.4776,0.3627,-0.7098,-0.2144,-0.6121,-0.4164,0.5216,0.3993,0.5166999999999999,0.0733,0.07089999999999999,0.1597,-0.1459,-0.172,69.88671556642217,6.91862430228228,51.0,92.0,62.734693877551024,69.91428571428571,7.179591836734687,8.992529646472288,0.0195596077139147,0.7586,0.557,0.6664,0.7091,1.2114
pair_3103_binder,Binder,1,0.0359,0.8289,0.3806,0.383,0.0473,0.3985,0.5037,0.0098,0.4148,0.1019,0.6985,0.8639,0.3602,0.5892,0.2404,0.4988,0.0,0.48,0.031,0.7873,0.1011,0.8949,0.6634,0.8688,0.0595,0.1002,0.7074,0.749,0.7384,0.5835,0.6455,0.0334,0.2657,0.313,0.2567,0.0318,0.0045650933398548,0.0674110767059339,0.0045650933398548,2.461,0.613,0.767,1.2,0.305,0.05608,1.0283,0.2937,0.0585,9.3e-05,1.3204,0.2933,0.0969,9.6e-05,89.23,1,43.77,-0.0359,-0.8289,-0.015500000000000014,-0.35209999999999997,0.044000000000000004,-0.0741,0.5037,0.0098,0.4148,0.1019,0.6985,0.8639,0.3602,0.5892,0.2404,0.22329999999999997,0.0,-0.4173,0.031,0.7873,0.1011,0.8949,0.6634,0.8688,0.035800000000000005,-0.08149999999999999,-0.7074,-0.749,0.7384,0.5835,0.6446999999999999,0.0326,0.26489999999999997,0.313,-0.2526,-0.0302,67.94213528932356,5.00634410933867,49.0,83.0,69.13877551020408,67.71020408163265,-1.4285714285714306,-1.1473045403502615,-0.002495496553236,0.9543,0.9295,1.048,0.9498,11.0714
pair_3104_binder,Binder,1,0.1328,0.8183,0.4662,0.458,0.0733,0.1866,0.5192,0.1141,0.4923,0.2665,0.4254,0.3888,0.3578,0.1801,0.6911,0.339,0.1858,0.0277,0.154,0.4857,0.0978,0.3912,0.4605,0.48,0.4051,0.0937,0.7139,0.4817,0.7262,0.4156,0.6047,0.0587,0.3806,0.2111,0.1214,0.0204,0.2942039618488628,0.4556840908801795,0.2942039618488628,2.457,0.613,0.673,0.796,0.31,0.04386,1.5702,0.5356,0.264,0.001097,2.3185,0.7262,1.218,0.003877,84.13,2,44.95,-0.1328,-0.8159000000000001,-0.04149999999999998,-0.3692,0.0538,-0.035900000000000015,0.5192,0.015399999999999997,0.4923,0.2665,0.4254,0.3888,0.3578,0.1801,0.4817,0.08310000000000001,0.031,0.014699999999999998,0.154,0.4857,0.0978,0.3912,0.4605,0.48,0.3023,0.0921,-0.6928,-0.45480000000000004,0.7262,0.4156,0.6047,0.0587,0.3806,0.2111,0.08399999999999999,0.0,65.93480032599837,5.707255567908669,49.0,85.0,62.69795918367347,64.84897959183674,2.1510204081632693,2.3059738935833014,0.0050157126559723,0.7061,0.3696,0.452,0.4978,0.9886
pair_3108_binder,Binder,1,0.0024,0.4654,0.0383,0.4931,0.2355,0.4238,0.5403,0.0163,0.2298,0.1801,0.3985,0.4719,0.3399,0.1133,0.5827,0.3073,0.2062,0.5102,0.5729,0.5623,0.5216,0.5795,0.6398,0.639,0.9707,0.6756,0.8557,0.3945,0.5632,0.5648,0.6275,0.1809,0.2429,0.2551,0.2575,0.3276,0.0935028939430993,0.2911358836821131,0.0935028939430993,1.345,0.594,0.76,0.81,0.31043,0.05371,1.3589,0.5583,-0.2615,-0.001505,2.0165,0.6447,-0.9213,-0.002972,94.38,1,31.46,-0.0024,-0.4654,-0.0383,-0.45399999999999996,0.1255,-0.2494,0.5387,0.0163,0.2298,0.1801,0.3985,0.4719,0.3399,0.1133,0.5712999999999999,0.07900000000000001,0.2054,-0.024499999999999966,0.5729,0.5623,0.5216,0.5795,0.6398,0.639,-0.6968,-0.4295,-0.8557,-0.3921,0.5632,0.5599,0.3228,0.1011,-0.11649999999999999,0.07330000000000002,-0.2567,-0.3219,74.14995925020375,5.449808584599225,58.0,90.0,74.95918367346938,72.73469387755102,-2.224489795918359,-3.951697554215813,-0.0085953182255917,0.6094,0.2669,0.3081,0.5495,0.7216
bind_043_binder,Binder,1,0.4042,0.8851,0.1932,0.0407,0.2624,0.2078,0.6479,0.0962,0.2706,0.0856,0.8517,0.2266,0.6756,0.0375,0.3089,0.2363,0.0008,0.0016,0.0546,0.0383,0.6422,0.7074,0.9258,0.6618,0.185,0.0016,0.546,0.6422,0.7449,0.5306,0.3749,0.0383,0.37,0.2861,0.1214,0.0008,0.0458139724464009,0.2090814491414322,0.0458139724464009,3.686,0.801,0.705,0.674,0.29729,0.0454,0.9202,0.2992,-0.1583,-0.000357,1.4229,0.2486,-0.0624,1e-05,92.97,2,60.86,-0.4042,-0.8753,-0.07089999999999999,0.0196,0.2624,0.1956,0.6479,0.0962,0.2706,0.0856,0.4857000000000001,0.1997,-0.4776,0.0179,0.3015,0.2314,0.0008,-0.0016,0.0546,0.018799999999999997,0.6422,0.6822,0.9185000000000001,0.6374000000000001,0.17850000000000002,0.0,-0.43110000000000004,-0.6406,0.7449,0.5306,0.3749,0.0383,0.37,0.2861,0.1214,0.0008,64.22656886715566,4.797022121552325,47.0,81.0,65.04081632653062,64.84489795918367,-0.1959183673469482,1.0988109554566234,0.0023900183914227,0.3193,0.2009,0.2031,0.2804,0.6166
bind_080_binder,Binder,1,0.9568,0.8826,0.0407,0.1695,0.3456,0.0546,0.6227,0.0253,0.2372,0.0024,0.8158,0.2037,0.7963,0.0823,0.6341,0.5167,0.0742,0.0163,0.4645,0.2665,0.3578,0.198,0.6585,0.2747,0.5428,0.0619,0.8264,0.4662,0.013,0.0179,0.6235,0.0562,0.7302,0.0359,0.8378,0.3619,0.7263389581804842,0.4556037583183208,0.7219369038884813,1.046,0.703,0.788,0.747,0.35671,0.09629,1.3246,0.4682,0.5926,0.001292,1.4606,0.3258,0.2806,0.000859,92.88,1,30.96,-0.9568,-0.42460000000000003,0.0407,0.10269999999999999,0.3456,0.028499999999999998,0.5844,0.019500000000000003,0.2339,0.0015999999999999999,0.3969,0.19469999999999998,-0.04150000000000009,0.0481,0.5289,0.1109,0.0742,0.0057,0.4621,0.22000000000000003,0.3578,0.1956,0.6585,0.2429,0.5428,0.036599999999999994,0.8232,-0.17120000000000002,0.012199999999999999,0.0171,0.6235,0.0562,0.7293999999999999,0.0351,0.8378,0.3423,67.880195599022,5.440602341007075,53.0,88.0,67.54285714285714,70.20408163265306,2.661224489795913,3.3231206645269697,0.0072281036748819,0.2714,0.2466,0.2969,0.2594,1.2338
bind_069_binder,Binder,1,0.6243,0.8313,0.7514,0.1826,0.5811,0.0416,0.7547,0.0008,0.1932,0.0774,0.2592,0.5118,0.3855,0.1369,0.6797,0.0473,0.1728,0.0196,0.207,0.4344,0.0008,0.4996,0.3822,0.6797,0.6993,0.0253,0.9878,0.7922,0.6512,0.7001,0.7449,0.4768,0.8647,0.1997,0.5607,0.216,0.0548626396021847,0.2323192587801127,0.0538028857911469,1.077,0.584,0.754,1.217,0.29371,0.05433,1.3983,0.4986,0.472,0.001088,2.2746,1.3285,2.3323,0.005804,86.93,2,46.21,-0.6243,-0.8264,-0.0888000000000001,-0.09210000000000002,0.29179999999999995,-0.016300000000000002,0.7547,0.0008,0.1932,0.0766,0.25839999999999996,0.29180000000000006,0.3855,0.09939999999999999,0.6797,0.0383,0.1728,0.0114,0.1719,0.19069999999999998,0.0,0.16710000000000003,0.1817,0.19890000000000002,0.6854,0.006599999999999998,-0.020299999999999985,-0.7735,0.6325,0.6315999999999999,0.502,0.32030000000000003,0.8647,0.1687,0.1744,0.03749999999999999,71.58190709046455,6.615688445530044,53.0,97.0,67.29795918367347,76.43673469387755,9.138775510204084,10.492143386188609,0.0228214103016609,0.6109,0.3501,0.4453,0.5082,0.9217
bind_076_binder,Binder,1,0.6284,0.9234,0.5974,0.1157,0.3529,0.0456,0.4988,0.013,0.15,0.0383,0.2869,0.0554,0.0864,0.0652,0.6601,0.1133,0.6919,0.6194,0.8623,0.74,0.0,0.0326,0.6748,0.577,0.9535,0.7971,0.132,0.6023,0.0318,0.0318,0.1027,0.0033,0.868,0.053,0.4091,0.035,0.0078258742968941,0.0881171378812505,0.0078258742968941,1.152,1.129,0.835,0.714,0.32171,0.05386,2.169,0.6234,0.816,0.002253,2.9886,0.7885,0.4205,0.002186,83.79,1,27.93,-0.5549999999999999,-0.7758,-0.3798,-0.0937,0.2111,-0.026099999999999998,0.4719,0.0106,0.15,0.0359,0.2812,0.0456,0.0603,0.007300000000000001,0.6315999999999999,0.006599999999999995,0.6495000000000001,0.5184,0.4246,0.6234,0.0,0.030999999999999996,0.6748,0.5534,0.881,0.6423,-0.009800000000000003,0.13770000000000004,0.0318,0.0245,0.1027,0.0025,0.8036,0.0383,0.4075,0.028500000000000004,70.03667481662592,5.588682651952186,52.0,91.0,72.35918367346939,69.50204081632653,-2.857142857142861,-1.6293334819970875,-0.0035439553713911,0.1769,0.0832,0.0892,0.1109,0.5203
bind_099_binder,Binder,1,0.8941,0.9006,0.1443,0.0,0.3537,0.0,0.2152,0.0041,0.52,0.097,0.3586,0.2266,0.6341,0.1834,0.0733,0.0,0.1858,0.0619,0.2021,0.0839,0.0,0.0375,0.454,0.119,0.8647,0.0603,0.9731,0.8394,0.1687,0.2584,0.0872,0.0016,0.8492,0.1956,0.0831,0.0,0.0,0.0,0.0,1.184,0.69,0.763,1.06,0.31957,0.07311,1.5711,0.5546,-0.7045,-0.002314,1.4846,0.3711,-0.1533,-0.000425,94.39,1,31.46,-0.8908,-0.8948999999999999,-0.0677,0.0,0.3505,0.0,0.2152,0.0008000000000000004,0.52,0.0579,0.35529999999999995,0.17609999999999998,0.6341,0.16140000000000002,0.0733,0.0,0.1858,0.0619,0.2021,0.0839,0.0,0.0375,0.39859999999999995,0.0978,0.8647,0.0603,0.029299999999999993,-0.8345,0.0734,0.19560000000000002,0.0872,0.0008,0.07330000000000003,0.07260000000000001,0.0831,0.0,65.68704156479218,5.468277335489877,49.0,82.0,66.24897959183673,67.18367346938776,0.9346938775510268,1.4864729259415597,0.0032332200673008,0.3126,0.06,0.0645,0.1057,0.4412
bind_041_binder,Binder,1,0.2152,0.2983,0.6601,0.1385,0.3236,0.1989,0.705,0.0204,0.3456,0.0758,0.4507,0.4572,0.6243,0.1785,0.6927,0.467,0.0318,0.185,0.652,0.5029,0.2372,0.4686,0.476,0.4963,0.5061,0.1092,0.7229,0.5297,0.7588,0.4336,0.5281,0.2567,0.3537,0.2714,0.2331,0.0057,0.181788538354936,0.3985597654612587,0.1767343278715252,1.663,0.89,0.842,0.914,0.32371,0.06099,2.1725,0.8276,1.5759,0.004018,2.6105,0.9058,1.2344,0.0042,91.58,2,56.0,-0.2152,-0.2983,0.4572,-0.1092,0.3236,0.035900000000000015,0.3374,0.016300000000000002,0.34400000000000003,0.0734,0.29590000000000005,0.4189,0.2151,0.1435,0.4735,0.2111,0.022,-0.054599999999999996,0.5827,0.3676,0.2364,0.4262,0.4613,0.4629,0.4752,0.012300000000000005,-0.26649999999999996,-0.52,0.7555000000000001,0.432,0.5281,0.2567,0.3537,0.27059999999999995,0.2151,-0.0049,69.40586797066015,6.406997355912719,46.0,91.0,69.11428571428571,66.95918367346938,-2.155102040816331,-6.126088099201198,-0.0133248245768378,0.6027,0.4798,0.5652,0.5615,1.2565
bind_100_binder,Binder,1,0.0171,0.5583,0.5395,0.7205,0.2127,0.0473,0.1646,0.0277,0.3276,0.1434,0.5884,0.5444,0.6039,0.2494,0.057,0.0668,0.2184,0.2404,0.6544,0.7107,0.3146,0.7148,0.5102,0.5868,0.3733,0.2445,0.8769,0.9731,0.6129,0.5632,0.3839,0.2176,0.3488,0.4222,0.3635,0.454,0.0238037009863862,0.1524371503464196,0.0238037009863862,1.088,1.231,0.758,1.675,0.36986,0.05497,1.3012,0.429,-0.0851,-0.000376,1.5392,0.402,0.3906,0.001067,74.08,1,33.58,-0.0171,-0.5583,-0.040700000000000014,-0.47019999999999995,0.2119,0.042300000000000004,0.1622,0.017900000000000003,0.3276,0.141,0.3708,0.511,-0.007399999999999962,0.08150000000000002,0.021199999999999997,0.0432,0.10190000000000002,0.13940000000000002,0.42300000000000004,0.3887,0.3146,0.5053,0.5102,0.3863,0.2739,0.1475,-0.7792,-0.6617,0.6129,0.5616,0.3839,0.2095,0.34719999999999995,0.4075,0.2942,-0.029400000000000037,74.43439282803585,6.873016858386256,55.0,102.0,73.07755102040817,78.15510204081633,5.0775510204081655,7.24269888422545,0.0157535592914093,0.7496,0.5652,0.6717,0.7061,1.071
bind_110_binder,Binder,1,0.251,0.3293,0.4654,0.1899,0.2844,0.035,0.1932,0.0122,0.031,0.0008,0.3276,0.15,0.6341,0.2241,0.3733,0.0375,0.1736,0.0725,0.7066,0.5444,0.22,0.1157,0.4425,0.3716,0.6569,0.1736,0.9372,0.5265,0.1907,0.2502,0.295,0.0081,0.8908,0.013,0.3195,0.0285,0.003749898100595,0.0611214885685079,0.003749898100595,1.097,1.668,0.737,1.824,0.35971,0.06318,2.4005,0.669,0.9951,0.003084,2.0217,0.6721,0.8626,0.001875,94.77,1,31.59,-0.251,-0.3154,0.08150000000000002,-0.1598,-0.026100000000000012,-0.021100000000000004,0.181,0.003300000000000001,0.031,0.0008,0.03839999999999999,0.1255,0.21030000000000004,0.11900000000000001,0.3733,0.0236,0.17200000000000001,0.0586,0.696,0.383,0.2184,0.1043,0.4425,0.295,0.6569,0.1377,0.5233,-0.238,0.17850000000000002,0.17359999999999998,0.295,0.007299999999999999,0.8859,0.011399999999999999,0.3195,0.0212,70.53545232273838,7.534285005843313,48.0,93.0,63.42040816326531,74.16734693877551,10.746938775510202,14.890963102187744,0.0323892617774611,0.4168,0.3246,0.3943,0.3463,0.9901
bind_034_binder,Binder,1,0.0725,0.7335,0.5607,0.3252,0.2021,0.0,0.0196,0.0016,0.0,0.0033,0.0,0.0611,0.5493,0.0489,0.476,0.0008,0.8492,0.828,0.9568,0.3399,0.0,0.0228,0.6634,0.7791,0.6243,0.8509,0.9071,0.8566,0.2641,0.0986,0.4784,0.0033,0.9283,0.0367,0.1565,0.0171,0.0,0.0,0.0,0.902,0.848,0.699,1.148,0.31329,0.05278,1.6359,0.4017,-0.2487,-0.000228,1.6759,0.5047,0.9618,0.002602,95.32,1,31.77,-0.0725,-0.5273,-0.26,-0.27059999999999995,0.2021,0.0,0.0196,0.0016,0.0,0.0033,0.0,0.0546,0.5314,0.034199999999999994,0.30729999999999996,0.0008,0.7726999999999999,0.8256,0.06359999999999999,0.3195,0.0,0.0228,0.6634,0.7734,0.6243,0.8492999999999999,-0.16300000000000003,-0.2005,0.2526,0.08149999999999999,0.4784,0.0033,0.9283,0.033400000000000006,0.1565,0.010600000000000002,66.80195599022005,5.71268590071099,49.0,86.0,66.18775510204081,70.73469387755102,4.546938775510213,5.638484266862053,0.012264239840918,0.087,0.0532,0.0555,0.087,0.4671
bind_088_binder,Binder,1,0.7123,0.784,0.3276,0.0057,0.3431,0.0293,0.8517,0.0098,0.8615,0.0187,0.3757,0.0122,0.9446,0.0546,0.2795,0.3578,0.0,0.3773,0.1679,0.1711,0.0,0.0236,0.3154,0.0636,0.8835,0.6235,0.1573,0.6618,0.0041,0.0008,0.3912,0.097,0.7058,0.0,0.6357,0.4507,0.0,0.0,0.0,1.101,0.648,1.433,0.988,0.49857,0.11121,2.4789,0.779,-1.5035,-0.004067,2.6775,0.9558,1.6953,0.004068,94.56,1,31.52,-0.6993,-0.7456999999999999,-0.1418,-0.0015999999999999999,0.3431,-0.0023999999999999994,0.8329,0.0074,0.8394,0.0171,0.2502,0.0122,0.8819,0.0522,0.2795,0.3578,0.0,0.3773,0.1679,0.1711,0.0,0.0236,0.3154,0.06280000000000001,0.8835,0.6154000000000001,0.1207,-0.042300000000000004,0.0,0.0,0.3912,0.097,0.13770000000000004,0.0,0.6357,0.4157,67.57946210268949,6.617935328131048,46.0,91.0,60.38367346938775,72.31020408163265,11.926530612244896,12.960872231469455,0.0281911304654039,0.075,0.0285,0.0292,0.0375,0.4318
bind_102_binder,Binder,1,0.846,0.8566,0.6911,0.2942,0.6064,0.0456,0.3431,0.0244,0.339,0.1443,0.3977,0.617,0.4002,0.2249,0.4898,0.0359,0.4091,0.0008,0.0,0.0,0.3056,0.586,0.2714,0.2192,0.5306,0.0171,0.9454,0.9063,0.0831,0.6504,0.0049,0.0277,0.6854,0.5762,0.4173,0.1337,0.9265509089426918,0.2608722332486987,0.9265509089426918,3.374,1.396,0.814,1.105,1.314,0.30488,2.6358,0.7906,0.8215,0.001968,3.302,0.3509,0.3491,0.001113,95.9,2,51.57,-0.846,-0.8395,0.2845,-0.2282,0.6064,0.013099999999999997,0.3431,0.023600000000000003,0.339,0.14100000000000001,0.3977,0.3749,0.3301,0.0676,0.4898,0.0359,0.4091,0.0008,0.0,0.0,0.30479999999999996,0.37899999999999995,0.08310000000000001,0.13440000000000002,0.4898,0.0155,-0.14759999999999995,-0.4434,0.07819999999999999,0.47840000000000005,0.0049,0.026099999999999998,0.6748,0.5102,-0.2894,0.0489,88.69437652811736,6.705736647966866,68.0,115.0,87.59591836734694,91.2408163265306,3.644897959183666,4.131089572565165,0.0089855129365202,0.7744,0.5382,0.593,0.7106,0.8886
bind_101_binder,Binder,1,0.5803,0.9112,0.6626,0.0236,0.3545,0.0008,0.0,0.0016,0.0693,0.0065,0.0929,0.1606,0.7767,0.0465,0.4409,0.0033,0.5909,0.4311,0.4857,0.4597,0.0008,0.1385,0.846,0.5412,0.9739,0.498,0.9275,0.9161,0.0073,0.0864,0.4621,0.0326,0.3847,0.022,0.1174,0.0244,0.0,0.0,0.0,1.112,0.705,1.081,0.784,0.395,0.06339,1.8626,0.6056,0.0107,-0.000429,1.7544,0.2936,0.0582,0.00021,93.93,1,31.31,-0.5779,-0.8509,0.3562,0.002400000000000001,0.3545,0.0008,0.0,0.0016,0.0693,0.0065,0.09129999999999999,0.132,0.7449,0.0407,0.4295,0.0015999999999999999,0.2632,0.2844,0.06030000000000002,0.2975,0.0008,0.10669999999999999,0.6814,0.3578,0.8256,0.34140000000000004,-0.33899999999999997,-0.6773,0.0073,0.08560000000000001,0.4621,0.0326,0.3847,0.022,0.1174,0.0187,65.14425427872861,5.440757997722749,48.0,82.0,65.84489795918367,66.63265306122449,0.7877551020408191,2.4853021988961714,0.0054057687849835,0.2361,0.1934,0.2204,0.2226,0.9127
bind_083_binder,Binder,1,0.1777,0.7677,0.6455,0.0742,0.3635,0.0171,0.3464,0.0008,0.1646,0.0024,0.2681,0.2282,0.3806,0.0733,0.4205,0.044,0.1597,0.2616,0.7832,0.6422,0.1125,0.3162,0.6463,0.5909,0.3073,0.357,0.8753,0.8704,0.1809,0.1703,0.0359,0.0049,0.8321,0.0098,0.3985,0.0204,0.0008967147631857,0.0299317668342392,0.0008967147631857,0.945,1.411,1.013,1.356,0.34686,0.05445,1.9273,0.5652,0.2949,0.000608,3.5027,0.8679,0.7024,0.001607,72.84,1,24.28,-0.1777,-0.7612000000000001,0.33089999999999997,-0.06269999999999999,0.2624,-0.0074,0.3448,0.0008,0.1646,0.0024,0.2217,0.1769,0.2437,0.0228,0.41719999999999996,0.017100000000000004,0.1532,0.0905,0.3081,0.2924999999999999,0.1125,0.27709999999999996,0.5648,0.3089,0.29419999999999996,0.14429999999999998,-0.16869999999999996,-0.7424,0.1809,0.1573,0.0359,0.0040999999999999995,0.8312999999999999,0.008199999999999999,0.35860000000000003,-0.0008999999999999998,73.81825590872046,6.990881886999852,48.0,98.0,67.91836734693878,70.45714285714286,2.538775510204076,3.3926076949419746,0.0073792445784491,0.2894,0.2346,0.2421,0.2811,0.7114
nonb_046_nb,False Positive,0,0.4629,0.7082,0.1842,0.3945,0.2771,0.3708,0.7539,0.0538,0.3113,0.044,0.3521,0.4189,0.5949,0.4189,0.7058,0.4482,0.0269,0.0872,0.5941,0.6267,0.1695,0.5355,0.5998,0.498,0.4434,0.0293,0.5795,0.4482,0.7555,0.2526,0.621,0.0652,0.4222,0.2755,0.4083,0.0139,0.1584739545121056,0.3660766537827953,0.1581478764164017,2.948,0.845,0.836,1.257,0.30614,0.0576,1.385,0.4254,0.5336,0.001133,2.674,1.1877,2.8531,0.007801,90.56,2,55.8,-0.4629,-0.7066,0.0392,-0.0514,0.24200000000000002,0.07669999999999999,0.44010000000000005,0.053,0.3113,0.0424,0.26739999999999997,0.2852,0.12309999999999999,0.24769999999999998,0.5567,0.2722,0.0269,0.0758,0.5835,0.4271,0.16870000000000002,0.41240000000000004,0.599,0.4026,0.4418,0.0236,-0.20129999999999998,-0.44739999999999996,0.7555,0.25179999999999997,0.621,0.0652,0.34800000000000003,0.11659999999999998,0.2445,-0.0115,66.73594132029339,6.426592888891896,49.0,86.0,60.50204081632653,71.35918367346939,10.85714285714286,13.701361069741882,0.0298017641538703,0.6612,0.5412,0.6267,0.599,1.4402
nonb_017_nb,False Positive,0,0.8941,0.7213,0.8052,0.0073,0.4075,0.1508,0.6968,0.0293,0.1288,0.0008,0.5941,0.0921,0.78,0.0293,0.8264,0.5982,0.2315,0.5599,0.5664,0.4458,0.0187,0.0839,0.4075,0.7384,0.9267,0.9584,0.0,0.3064,0.3089,0.0073,0.8541,0.0016,0.6544,0.0033,0.7522,0.4931,0.1041004320534768,0.3053907858789395,0.1041004320534768,1.183,0.783,0.798,1.269,0.30429,0.05009,2.3386,0.5274,0.4167,0.001412,1.7357,0.2339,-0.0383,5e-05,87.05,2,49.46,-0.8762,-0.7123,-0.6675,-0.005699999999999999,0.08479999999999999,0.0155,0.683,0.0277,0.1288,0.0008,0.37,0.053,-0.31789999999999996,0.0187,0.31539999999999996,-0.013000000000000012,0.2315,0.5558000000000001,0.5664,0.4075,0.0187,0.0489,0.4075,0.7017,0.9200999999999999,0.19400000000000006,0.0,0.10020000000000001,0.3089,0.0073,0.8541,0.0016,0.6544,0.0033,0.7522,0.4344,68.08475957620212,5.465844527704672,50.0,86.0,69.17142857142858,66.13469387755102,-3.0367346938775626,-4.124097066811083,-0.0089703035710953,0.099,0.087,0.0885,0.093,3.1071
nonb_115_nb,False Positive,0,0.943,0.6805,0.176,0.0024,0.5762,0.0,0.6976,0.0041,0.2649,0.1206,0.4254,0.5901,0.3985,0.2575,0.1891,0.1019,0.0,0.0179,0.3594,0.5004,0.1051,0.727,0.4597,0.5786,0.5395,0.0611,0.9291,0.9307,0.8321,0.5363,0.5941,0.2225,0.4914,0.3007,0.4572,0.0,0.20624439553273,0.4046080138159263,0.20624439553273,0.892,1.357,0.982,0.672,0.36729,0.07388,1.4684,0.4664,0.0353,-0.000152,2.1019,0.7168,1.1552,0.00399,97.53,1,32.51,-0.943,-0.6805,-0.1353,-0.0024,0.5746,0.0,0.674,-0.0017000000000000006,0.2649,0.0978,0.2624,0.47440000000000004,-0.0040999999999999925,0.14750000000000002,0.1776,0.018699999999999994,0.0,0.0,0.3024,0.43439999999999995,0.10099999999999999,0.6422,0.4597,0.5558,0.5395,0.047200000000000006,-0.28769999999999996,-0.9208999999999999,0.8321,0.5322,0.5941,0.2217,0.4914,0.3007,0.4572,0.0,68.26487367563162,6.629864765561438,49.0,90.0,68.38367346938776,71.84081632653061,3.4571428571428555,7.293756918837559,0.0158646153753943,0.7391,0.6027,0.6612,0.7069,1.0806
nonb_086_nb,False Positive,0,0.5273,0.6569,0.6463,0.2192,0.1467,0.0008,0.2795,0.0,0.1084,0.0342,0.295,0.3651,0.5094,0.1002,0.4808,0.0171,0.3765,0.3015,0.7734,0.599,0.0872,0.4034,0.6822,0.6137,0.5656,0.3415,0.8859,0.6944,0.4923,0.3146,0.458,0.1654,0.9218,0.0399,0.0473,0.0179,0.0167930219287519,0.1284951996895307,0.0167930219287519,1.143,0.948,0.821,0.975,0.423,0.11163,2.1814,0.6719,0.163,0.000343,2.5679,1.0728,2.5607,0.006463,96.27,1,32.09,-0.5265,-0.6226,-0.21440000000000003,-0.1964,0.1157,-0.0008,0.2795,0.0,0.1084,0.0342,0.251,0.2437,0.423,0.058699999999999995,0.47669999999999996,0.012199999999999999,0.3749,0.0587,0.36840000000000006,0.16710000000000003,0.0848,0.20130000000000003,0.44910000000000005,0.24619999999999997,0.5575,0.1157,-0.33499999999999996,-0.4523,0.4449,0.2811,0.4002,0.15889999999999999,0.7750999999999999,0.0334,0.0473,0.0179,66.1760391198044,6.761628611158873,47.0,89.0,61.30204081632653,69.59591836734694,8.293877551020408,11.52017712224142,0.0250574815056909,0.4618,0.3291,0.3711,0.4168,0.7127
nonb_052_nb,False Positive,0,0.0171,0.6862,0.9674,0.8574,0.3211,0.251,0.5232,0.0163,0.3496,0.1117,0.6479,0.6585,0.5004,0.2812,0.4319,0.3138,0.088,0.1793,0.3806,0.6724,0.2755,0.6691,0.6137,0.5852,0.3594,0.088,0.674,0.6748,0.6349,0.4776,0.661,0.0733,0.2738,0.2388,0.2494,0.0554,0.2408901932012717,0.4280048902949938,0.2407271541534197,1.624,0.794,0.644,0.797,0.30914,0.05753,1.3331,0.4418,-0.3172,-0.00094,1.4598,0.3876,-0.097,-0.000294,95.38,2,64.19,-0.0171,-0.6789000000000001,-0.9641000000000001,-0.7596,0.31949999999999995,-0.018699999999999994,0.5053,0.0098,0.34559999999999996,0.1075,0.3578,0.4033999999999999,-0.10920000000000002,0.08889999999999998,0.4124,0.11660000000000001,0.0856,-0.11730000000000002,0.32930000000000004,0.3334,0.2755,0.3953,0.608,0.30810000000000004,0.35619999999999996,0.005700000000000004,0.003300000000000025,-0.5199,0.6349,0.47350000000000003,0.661,0.0733,0.2738,0.2388,0.24209999999999998,0.039999999999999994,70.7082314588427,6.347935822871911,51.0,89.0,66.28979591836735,73.18367346938776,6.8938775510204096,9.779903315467132,0.0212722203707822,0.7339,0.6019,0.6837,0.6747,2.1058
nonb_073_nb,False Positive,0,0.0,0.0962,0.9731,0.7873,0.1532,0.326,0.5615,0.1565,0.4703,0.2991,0.3749,0.4556,0.3089,0.0986,0.5371,0.2975,0.3464,0.1288,0.379,0.3814,0.0766,0.3032,0.1565,0.0676,0.9055,0.1809,0.2217,0.2062,0.6919,0.498,0.6202,0.2005,0.454,0.3113,0.3211,0.0546,0.2837694627863373,0.4508263022232519,0.2837694627863373,1.297,1.112,0.948,1.302,0.35514,0.09965,1.727,0.4603,0.2522,0.000935,2.7221,0.9305,1.707,0.005017,95.98,2,77.46,0.0,-0.0962,-0.8313,-0.357,0.1475,0.1328,0.5526,0.1027,0.4703,0.19479999999999997,0.3252,0.3464,0.2535,0.07749999999999999,0.5355,0.247,0.3113,0.03590000000000001,0.132,0.2909,0.0766,0.2616,0.1565,0.060300000000000006,0.10519999999999996,-0.031,-0.2217,-0.2013,0.6707000000000001,0.3056,0.6185999999999999,0.1484,0.436,0.07100000000000001,0.2071,-0.0383,80.33659331703342,8.106663973697763,59.0,107.0,73.2,82.55510204081632,9.35510204081632,12.825227176795709,0.027896089563449,0.7016,0.2016,0.2204,0.4303,0.5699
nonb_066_nb,False Positive,0,0.0016,0.3244,0.8134,0.9389,0.3227,0.1581,0.291,0.0016,0.3716,0.2347,0.5346,0.5143,0.2502,0.1149,0.6813,0.4197,0.1011,0.1883,0.0155,0.1557,0.0,0.2266,0.5265,0.326,0.978,0.1165,0.5338,0.3562,0.8435,0.5966,0.3928,0.0888,0.665,0.2616,0.1304,0.0628,0.016466943833048,0.127262655927995,0.016466943833048,2.064,1.437,0.832,1.423,0.32186,0.04512,1.4754,0.4855,-0.2484,-0.000761,1.5626,0.3022,0.3102,0.000685,93.46,2,56.79,-0.0016,-0.317,-0.38630000000000003,-0.4841,0.3227,0.11649999999999999,0.29019999999999996,0.0016,0.3716,0.2306,0.46620000000000006,0.41969999999999996,0.2167,0.0775,0.6031,0.1263,-0.0032999999999999974,-0.018000000000000002,0.0155,0.1109,0.0,0.16060000000000002,0.5248999999999999,0.26809999999999995,-0.09209999999999996,-0.028500000000000004,-0.5241,-0.3374,0.020399999999999974,0.29339999999999994,0.3692,0.0717,0.392,0.1972,0.1092,-0.0285,72.19070904645477,6.532557424639915,54.0,96.0,76.51020408163265,71.77551020408163,-4.734693877551024,-2.95445314304373,-0.0064262167331021,0.6852,0.3748,0.428,0.419,0.9615
nonb_050_nb,False Positive,0,0.3447,0.8655,0.9935,0.8623,0.3643,0.3219,0.3839,0.0016,0.5534,0.0024,0.3203,0.6707,0.5346,0.0407,0.2722,0.0098,0.1687,0.0261,0.8883,0.5037,0.0,0.3431,0.6357,0.7726,0.0701,0.1899,0.8696,0.8737,0.4564,0.1866,0.5868,0.0636,0.3562,0.2567,0.6789,0.0008,0.3702616776718024,0.4828746915292462,0.3702616776718024,1.142,0.644,0.711,0.976,0.49929,0.16437,1.8944,0.4931,-0.3593,-0.000866,2.0931,0.3878,-0.1185,-0.000133,98.34,2,64.42,-0.3447,-0.8647,-0.13039999999999996,0.24619999999999997,0.3643,0.3219,0.3839,0.0016,0.5534,0.0024,0.3203,0.6683,0.08230000000000004,0.014700000000000001,0.2722,0.0023999999999999994,0.1687,0.0016000000000000007,0.24529999999999996,0.33089999999999997,0.0,0.3382,0.63,0.6023000000000001,0.0701,0.022900000000000004,-0.7212999999999999,-0.8737,0.4564,0.1866,0.5868,0.034300000000000004,0.3562,0.2567,0.6235,0.0008,67.51670741646292,5.25024992597667,48.0,84.0,65.51020408163265,69.09795918367347,3.5877551020408163,4.9240938811592585,0.01071037277033,0.7069,0.5577,0.599,0.6139,0.9426
nonb_080_nb,False Positive,0,0.6642,0.912,0.9927,0.9242,0.0041,0.3765,0.0008,0.0481,0.1353,0.3032,0.2869,0.4425,0.1231,0.3341,0.0,0.2461,0.0073,0.2502,0.4319,0.8207,0.0636,0.8068,0.7286,0.7188,0.4254,0.1508,0.8778,0.9226,0.5925,0.7449,0.6553,0.0905,0.4091,0.5884,0.3773,0.2266,0.0148365533545284,0.1208984286047037,0.0148365533545284,1.146,1.183,0.781,0.887,0.305,0.04128,2.1908,1.2254,-1.6427,-0.005319,1.4957,0.3618,0.1567,0.000289,97.33,2,64.18,-0.6642,-0.9006000000000001,-0.32030000000000003,-0.22740000000000005,0.0041,0.3749,0.0008,0.0415,0.12309999999999999,0.18739999999999998,0.20129999999999998,0.09040000000000004,0.09699999999999999,0.1059,0.0,0.2461,0.0073,0.198,0.2893,0.2632,0.0636,0.2771,0.5738,0.25919999999999993,0.38220000000000004,0.09289999999999998,-0.4075,-0.8516,0.5925,0.7408,0.6553,0.0897,0.4091,0.5843,0.34309999999999996,0.13040000000000002,76.44498777506112,7.317072993498807,57.0,102.0,80.56734693877551,71.46122448979592,-9.10612244897959,-10.910236295724058,-0.0237308021657945,0.7309,0.428,0.5322,0.7121,1.5405
nonb_087_nb,False Positive,0,0.6504,0.7449,0.9804,0.5803,0.3097,0.2421,0.0,0.3985,0.0033,0.0122,0.0,0.0008,0.0,0.0065,0.2225,0.4841,0.7465,0.837,0.9487,0.7522,0.0,0.0986,0.969,0.5713,0.9495,0.0791,0.6015,0.7889,0.0636,0.0905,0.3048,0.0008,0.7865,0.1092,0.78,0.3105,0.1005135730007336,0.3006835456811028,0.1005135730007336,0.907,0.782,0.747,0.874,0.79229,0.44174,2.8465,0.5766,-0.1968,-0.000251,1.9972,0.3642,0.4981,0.001019,94.64,1,31.55,-0.6504,-0.7449,-0.043200000000000016,-0.24119999999999997,0.3097,0.2379,0.0,0.3985,0.0033,0.0122,0.0,0.0008,0.0,0.0065,0.2144,0.45799999999999996,0.13780000000000003,0.31220000000000003,0.9087999999999999,0.652,0.0,0.0986,0.9682,0.35779999999999995,0.9487,0.048,-0.5779000000000001,-0.7889,0.0636,0.0905,0.3048,0.0008,0.7629,0.008099999999999996,0.7784,-0.2331,75.39771801140995,5.405626095887007,60.0,94.0,75.17959183673469,74.37551020408164,-0.8040816326530518,-0.6699107221076267,-0.0014571195695652,0.6192,0.5967,0.6049,0.6177,1.0737
nonb_053_nb,False Positive,0,0.1907,0.8223,0.947,0.9413,0.2722,0.3219,0.0196,0.0391,0.1035,0.0179,0.6267,0.7506,0.5681,0.1239,0.141,0.1214,0.0791,0.1589,0.2404,0.7392,0.0008,0.7857,0.4751,0.7971,0.696,0.0595,0.9258,0.9356,0.8623,0.2323,0.2698,0.0155,0.9095,0.0228,0.5485,0.022,0.2741501589630716,0.4460850247470702,0.2741501589630716,1.351,1.457,0.694,1.13,0.34157,0.05771,2.0447,0.5556,-0.2179,-0.000919,1.0725,0.2786,-0.0849,-0.000156,95.24,1,31.75,-0.1907,-0.806,-0.8199000000000001,-0.32520000000000004,0.2722,0.3105,0.0196,0.0391,0.1035,0.0179,0.6267,0.2037000000000001,0.49140000000000006,0.09129999999999999,0.1369,0.1214,0.0733,0.1467,0.1223,0.16710000000000003,0.0008,0.17520000000000002,0.3716,0.17269999999999996,0.6781,0.032600000000000004,0.02939999999999998,-0.3544999999999999,0.7717999999999999,0.1321,0.2486,0.0155,0.9087,0.022000000000000002,0.2453,-0.017099999999999997,71.7400162999185,6.276959147282514,53.0,95.0,71.29387755102042,73.55918367346939,2.265306122448976,2.780102418706149,0.0060469873163809,0.8433,0.7894,0.8081,0.8306,3.1339
nonb_049_nb,False Positive,0,0.0057,0.3105,0.9674,0.8818,0.4401,0.0277,0.1019,0.0253,0.3146,0.0766,0.3056,0.0538,0.6341,0.2804,0.7734,0.1964,0.2999,0.7474,0.8378,0.8321,0.0024,0.0318,0.9641,0.6593,0.8256,0.7897,0.7694,0.7172,0.0342,0.1165,0.727,0.0513,0.599,0.0839,0.6985,0.0505,0.9325018341892884,0.2508827682861087,0.9325018341892884,1.989,0.652,0.636,0.832,0.40986,0.06841,3.2042,0.6671,-0.543,-0.001206,2.4772,0.6054,-0.21,-0.001031,96.05,3,92.21,-0.0057,-0.3105,-0.9674,-0.8321000000000001,0.09380000000000002,0.0032000000000000015,0.1019,0.0253,0.3146,0.0766,0.3056,0.053,0.6325,0.27540000000000003,0.7677,0.19319999999999998,0.2836,0.2967,-0.03920000000000001,0.31210000000000004,0.0024,0.0285,0.7987,0.23799999999999993,0.6455000000000001,0.29910000000000003,-0.6960000000000001,-0.39770000000000005,0.0342,0.11570000000000001,0.7262,0.0513,0.599,0.0806,0.5550999999999999,-0.013099999999999997,76.77017114914426,6.96078129040318,57.0,103.0,71.19183673469388,76.3061224489796,5.114285714285714,6.155443880761046,0.0133886761952388,0.3576,0.2984,0.3283,0.3388,0.8991
nonb_048_nb,False Positive,0,0.0024,0.0302,0.9837,0.8623,0.4491,0.1002,0.1141,0.0106,0.1328,0.0342,0.5754,0.7938,0.7425,0.0709,0.5281,0.0717,0.2738,0.0733,0.3912,0.802,0.0,0.8892,0.7196,0.9128,0.5403,0.0269,0.9478,0.2999,0.9666,0.3578,0.5925,0.0155,0.7237,0.0513,0.7726,0.0057,0.8743784136300644,0.3314223942461287,0.8743784136300644,0.957,1.044,0.739,1.068,1.10157,0.35961,2.3265,0.6227,0.1052,0.000296,1.2264,0.3317,0.3523,0.000813,97.86,3,91.23,-0.0024,-0.0302,-0.7082999999999999,-0.38709999999999994,0.4491,0.0155,0.1141,0.0106,0.1328,0.0342,0.5738,0.15890000000000004,0.6496000000000001,0.05700000000000001,0.5281,0.0717,0.2738,0.0701,0.21930000000000002,0.08889999999999998,0.0,0.10670000000000002,0.6683,0.09619999999999995,0.5387,0.0188,-0.16469999999999996,-0.181,0.9617,0.1353,0.5917,0.0155,0.7229,0.0513,-0.5445,-0.0009000000000000002,73.94458027709861,5.494624435252002,58.0,91.0,71.37142857142857,74.2530612244898,2.8816326530612315,2.89622739182721,0.0062995701834197,0.8478,0.7856,0.7879,0.8456,4.4659
nonb_025_nb,False Positive,0,0.26,0.6985,0.9861,0.8998,0.3765,0.1402,0.3659,0.0024,0.467,0.0016,0.2714,0.5721,0.5558,0.0391,0.2999,0.0122,0.1426,0.0782,0.784,0.6976,0.0057,0.511,0.5933,0.7759,0.2152,0.3415,0.828,0.8989,0.4075,0.1165,0.5909,0.0399,0.2363,0.1557,0.5713,0.0424,0.2864596070758947,0.4522870102464482,0.2863780875519687,1.051,0.762,1.041,0.996,0.58729,0.08792,2.7938,0.8643,1.4942,0.004344,2.3745,0.6646,0.9753,0.002624,96.56,2,63.79,-0.26,-0.6968,-0.1361,-0.1614,0.3765,0.1394,0.3659,0.0024,0.467,0.0016,0.2714,0.5721,0.1899,0.0334,0.2975,0.0024999999999999996,0.1426,0.010599999999999998,0.4376,0.392,0.0057,0.5102,0.5925,0.45720000000000005,0.207,0.048099999999999976,-0.7424999999999999,-0.8989,0.4075,0.11570000000000001,0.5909,0.0236,0.2363,0.15410000000000001,0.3447,-0.0383,66.7636511817441,5.6686169645438,50.0,88.0,63.27755102040816,67.91428571428571,4.63673469387755,5.829535770887921,0.0126797950427143,0.6814,0.5817,0.6154,0.6424,1.0246
nonb_032_nb,False Positive,0,0.9397,0.3064,0.9747,0.4515,0.0,0.0709,0.0033,0.0269,0.0244,0.2037,0.5257,0.7628,0.6895,0.7253,0.0171,0.1989,0.1002,0.3154,0.3594,0.8892,0.3806,0.8223,0.6438,0.4328,0.3015,0.1915,0.8419,0.4849,0.7653,0.6968,0.4108,0.0693,0.546,0.5534,0.6333,0.498,0.181625499307084,0.4228473733643726,0.1665443873807777,0.917,0.662,0.715,0.696,0.40686,0.10578,2.7067,0.5475,0.8783,0.002194,1.443,0.3941,-0.5192,-0.001536,95.7,2,63.74,-0.9397,-0.3064,-0.7539,0.12310000000000001,0.0,0.0709,0.0033,0.0269,0.0244,0.1972,-0.20379999999999998,0.19640000000000002,0.5827,0.27060000000000006,0.0171,0.1989,0.1002,0.011399999999999993,0.1272,0.2591,0.3749,0.2526999999999999,0.6284,0.2909,0.2706,0.000800000000000009,-0.5518000000000001,-0.39849999999999997,0.7653,0.6903,0.4084,0.0652,0.546,0.5534,0.4931,-0.37,76.43276283618582,5.4515127988696,60.0,95.0,75.0734693877551,78.17142857142858,3.097959183673481,2.077084810015688,0.004517857118033,0.9108,0.7249,0.9775,0.8988,2.7681
nonb_067_nb,False Positive,0,0.8028,0.9079,0.9943,0.546,0.6023,0.0359,0.0008,0.0864,0.0261,0.0285,0.2714,0.1084,0.6577,0.1817,0.2934,0.1076,0.5632,0.0073,0.5159,0.0856,0.0,0.0033,0.0448,0.0391,0.6023,0.0253,0.9478,0.6487,0.0016,0.0505,0.6544,0.0106,0.7922,0.128,0.8802,0.4923,0.8780467922067335,0.3272317571724951,0.8780467922067335,1.078,0.454,1.071,0.742,0.41957,0.0949,3.6034,0.8465,1.5625,0.004024,2.2097,0.5146,0.4356,0.000876,93.39,1,31.13,-0.8028,-0.7702,-0.005700000000000038,-0.32030000000000003,0.0049000000000000155,0.009700000000000004,-0.0008,0.043199999999999995,0.0261,0.0285,0.2673,0.1084,0.43200000000000005,0.1328,0.2934,0.0717,0.5632,0.0073,0.5159,0.0856,0.0,0.0033,0.0448,0.0391,0.6023,0.0253,0.048900000000000055,-0.6479,0.0016,0.0505,0.6544,0.0106,0.7922,0.128,-0.0969000000000001,-0.011400000000000021,69.93072534637326,6.043654802315662,52.0,91.0,70.79591836734694,72.21632653061225,1.4204081632653072,0.423643907839093,0.0009214658136793,0.2129,0.06,0.0615,0.0847,0.4412
nonb_081_nb,False Positive,0,0.0,0.0766,0.991,0.9438,0.3268,0.0367,0.0179,0.0041,0.5868,0.1312,0.6854,0.4751,0.621,0.0709,0.2404,0.013,0.617,0.0676,0.8183,0.4311,0.097,0.6031,0.5982,0.6267,0.9324,0.8981,0.0725,0.5575,0.7612,0.6536,0.7213,0.7237,0.0465,0.7017,0.0,0.7767,0.3739300562484715,0.512482392533226,0.3596641395614249,1.062,0.564,0.592,1.1,0.47743,0.09712,1.9136,0.7033,0.8814,0.00288,2.1227,0.4628,0.5894,0.001915,97.02,1,42.31,0.0,-0.0766,-0.4686,-0.9234,-0.2355,-0.030900000000000004,0.0179,0.0041,0.5868,0.1312,0.6821,0.31220000000000003,0.6194,0.06269999999999999,0.2404,0.0106,0.6162,0.0465,0.8183,0.3839,0.0196,0.3357,0.27619999999999995,0.26730000000000004,-0.7832,-0.6634,-0.0725,-0.5567,0.7384,0.5281,0.6048,-0.11330000000000001,0.031000000000000003,-0.4067,0.0,-0.6943999999999999,75.45802770986145,5.615541104519019,58.0,93.0,74.33877551020409,77.37142857142857,3.0326530612244795,3.6324793131734663,0.0079009881743849,0.5855,0.3201,0.3651,0.5105,0.7698
nonb_054_nb,False Positive,0,0.3977,0.8949,0.8786,0.9723,0.0,0.6927,0.335,0.5664,0.5925,0.4727,0.1516,0.2657,0.6724,0.5835,0.0,0.5518,0.2005,0.445,0.555,0.6993,0.0196,0.2738,0.1206,0.2469,0.6243,0.1255,0.5884,0.8606,0.5681,0.4955,0.7376,0.1125,0.4254,0.2877,0.3399,0.0954,0.5813972446400913,0.4966238712768853,0.5797668541615717,3.096,1.656,0.773,0.701,0.67314,0.22316,2.1555,1.0644,-0.5327,-0.000652,1.6014,0.3882,-0.1598,-0.000488,92.74,1,49.0,-0.3977,-0.8941,-0.13119999999999998,0.01629999999999998,0.0,0.37809999999999994,0.3326,0.24609999999999999,0.5248,0.21439999999999998,0.09780000000000001,0.2078,0.6608999999999999,0.5077,0.0,0.5509999999999999,0.2005,0.3961,0.5053,0.6013999999999999,0.0196,0.1728,0.1003,0.1834,0.6096,0.1027,-0.2705,-0.5746,0.5607000000000001,0.4507,0.7376,0.1052,0.4254,0.26239999999999997,0.2885,-0.0293,80.94213528932356,6.521039337310159,60.0,105.0,80.83265306122449,78.43673469387755,-2.395918367346937,-2.871395235857696,-0.0062455578811477,0.8643,0.3163,0.3403,0.7061,0.691
nonb_013_nb,False Positive,0,0.0114,0.4743,0.9804,0.9788,0.564,0.2037,0.5803,0.0994,0.454,0.1777,0.2559,0.4825,0.6903,0.3855,0.6275,0.0179,0.2918,0.2152,0.6341,0.6683,0.6137,0.8337,0.7954,0.4148,0.4026,0.1271,0.7017,0.815,0.5143,0.2942,0.7661,0.0994,0.6072,0.8647,0.6292,0.0725,0.7375886524822695,0.4463832421658299,0.7347354691448602,0.958,0.749,0.664,0.69,0.501,0.12694,3.782,0.8493,1.4372,0.00419,4.3851,1.1906,2.1221,0.006407,97.15,2,62.21,-0.0114,-0.4735,-0.3912,-0.38550000000000006,0.5159,0.001600000000000018,0.5803,0.0994,0.454,0.1769,0.2559,0.4507,0.4091,0.18339999999999998,0.5036,0.003299999999999999,0.2918,0.07830000000000001,0.3357,0.30400000000000005,0.6104,0.5738000000000001,0.4458,0.3154,0.32280000000000003,0.0554,-0.6976,-0.5608,0.5143,0.2551,0.6829,0.0456,0.4727,-0.31379999999999997,-0.25020000000000003,-0.039099999999999996,77.08312958435208,7.058696785643314,59.0,103.0,71.65306122448979,77.83673469387755,6.183673469387756,10.039223338085264,0.0218362660969771,0.7594,0.5997,0.7129,0.7406,1.0
nonb_072_nb,False Positive,0,0.9038,0.6691,0.9853,0.9055,0.0024,0.5974,0.0,0.0187,0.0326,0.0147,0.4621,0.6496,0.4067,0.0489,0.2771,0.5387,0.176,0.577,0.7253,0.63,0.0,0.476,0.013,0.5632,0.9462,0.7742,0.8223,0.9226,0.3456,0.617,0.793,0.3293,0.7074,0.0261,0.5249,0.5395,0.4081682562973832,0.4918261979035286,0.4080052172495312,1.463,0.552,1.346,0.868,0.50971,0.11343,2.9205,0.9823,2.1314,0.005085,2.0448,0.263,0.1018,0.000131,94.4,1,31.47,-0.9038,-0.6577000000000001,-0.03749999999999998,0.05290000000000006,0.0024,0.5974,0.0,0.0187,0.0326,0.0147,0.4621,0.6063999999999999,0.4067,0.0473,0.2771,0.5387,0.176,0.5663999999999999,0.29250000000000004,0.4116,0.0,0.3227,0.0073,0.27219999999999994,0.2217,0.3269,0.3024,-0.3439,0.3448,0.5761999999999999,0.4653999999999999,0.23710000000000003,0.7058,0.025300000000000003,0.066,-0.4653999999999999,71.91524042379788,5.485788485618505,57.0,90.0,70.12653061224489,74.48979591836735,4.363265306122457,3.59562928569722,0.0078208358579602,0.8658,0.4715,0.5127,0.7361,0.8454
nonb_089_nb,False Positive,0,0.291,0.7001,0.824,0.8786,0.0,0.0701,0.0,0.0,0.0,0.0285,0.8403,0.7441,0.4474,0.4148,0.0,0.0546,0.009,0.3945,0.5721,0.8305,0.5949,0.8875,0.7376,0.542,0.9478,0.63,0.4075,0.6968,0.7742,0.6683,0.4743,0.2176,0.564,0.4939,0.6683,0.2445,0.1259476644656395,0.3760164191479763,0.1107850330154072,3.881,0.883,1.011,1.017,0.40514,0.09794,3.1429,0.5282,-0.0758,0.00032,1.8736,0.3709,0.0056,-3.7e-05,88.02,2,56.1,-0.291,-0.6878,-0.8118,-0.5729,0.0,0.0701,0.0,0.0,0.0,0.0285,0.7978,0.5672999999999999,0.4474,0.4075,0.0,0.0546,0.009,0.026100000000000012,0.44989999999999997,0.5917,0.3578,0.4441,0.5142,0.36669999999999997,-0.5998,-0.5094,-0.40669999999999995,-0.6895,0.7742,0.6667,0.46859999999999996,0.207,0.564,0.4866,0.5167,-0.2331,80.24123879380603,6.359803559692362,58.0,99.0,82.88979591836734,80.09387755102041,-2.7959183673469283,-3.843130540047625,-0.008359174638494,0.8936,0.6417,0.9933,0.8816,1.5286
nonb_116_nb,False Positive,0,0.0008,0.2852,0.9601,0.8134,0.4654,0.0905,0.665,0.0,0.4181,0.0383,0.5917,0.7262,0.6267,0.3138,0.0318,0.0,0.0823,0.0196,0.8427,0.7661,0.0823,0.7539,0.6675,0.7588,0.5338,0.0864,0.9087,0.868,0.6259,0.1165,0.7139,0.2665,0.4059,0.5729,0.0,0.3733,0.0004075976196299,0.0201849320982353,0.0004075976196299,1.366,1.297,0.935,3.358,0.36886,0.07386,1.9495,0.5891,0.5198,0.001257,1.4989,0.3267,0.1648,0.000833,95.51,2,63.3,-0.0008,-0.27949999999999997,-0.9536,-0.6243000000000001,0.1785,-0.0595,0.665,0.0,0.4181,0.0383,0.4352,0.6846,-0.09699999999999998,0.2828,0.0318,0.0,0.0774,-0.010599999999999998,0.405,0.6789,0.0782,0.7057,0.6675,0.7026,0.5338,0.06770000000000001,0.06519999999999992,-0.35530000000000006,0.6259,0.1165,0.7139,0.2665,0.4059,0.5607,0.0,0.3709,67.29665851670741,6.019393833179798,50.0,84.0,70.86122448979592,66.69795918367348,-4.16326530612244,-4.883269753032342,-0.0106215764068131,0.8381,0.7931,0.8238,0.8216,4.0076
nonb_056_nb,False Positive,0,0.0546,0.8745,0.9544,0.9478,0.0375,0.1068,0.3439,0.0016,0.0318,0.0081,0.3032,0.5509,0.5852,0.1011,0.4099,0.0742,0.2217,0.229,0.5045,0.74,0.035,0.6585,0.5037,0.7637,0.5607,0.2062,0.5566,0.9495,0.6822,0.3407,0.3782,0.0033,0.868,0.044,0.458,0.0008,0.0,0.0,0.0,0.988,0.627,0.863,1.395,0.42914,0.08375,1.82,0.5512,-0.2687,-0.000311,1.0877,0.2546,-0.1035,-0.000155,95.59,1,32.25,-0.0546,-0.8745,-0.881,-0.5884,0.0375,0.017100000000000004,0.3235,0.0016,0.0318,0.0081,0.3032,0.3227,0.5175,0.0921,0.39690000000000003,0.018800000000000004,0.2167,0.10429999999999999,0.24769999999999998,0.29100000000000004,0.035,0.2583,0.4246,0.308,0.5428,0.1051,-0.049799999999999955,-0.3072999999999999,0.639,0.2502,0.3162,0.0025,0.868,0.044,0.3577,0.0,72.53708231458843,5.296510726878581,55.0,91.0,72.77142857142857,72.74285714285715,-0.0285714285714249,-0.64571569650295,-0.0014044930864664,0.6057,0.5045,0.518,0.5952,1.2494
nonb_074_nb,False Positive,0,0.0277,0.5827,0.9104,0.9682,0.401,0.0,0.0302,0.0033,0.0073,0.0073,0.0513,0.154,0.4034,0.1288,0.4352,0.009,0.5379,0.7628,0.5632,0.8256,0.0,0.2551,0.9389,0.8174,0.9984,0.8965,0.6047,0.564,0.0359,0.401,0.326,0.295,0.1296,0.5778,0.2665,0.683,0.0,0.0,0.0,3.098,1.024,0.715,0.965,0.27314,0.04922,2.2205,0.7873,0.485,0.001423,2.1649,0.4673,0.9197,0.002476,96.18,1,34.0,-0.008100000000000001,-0.30069999999999997,0.652,-0.1279,0.3709,0.0,0.0302,0.0033,0.0073,0.0073,0.0253,0.09619999999999998,0.379,0.1174,0.4352,0.009,0.5192,0.5395,-0.12390000000000001,0.476,0.0,0.0040999999999999925,0.4124000000000001,0.3871,-0.01629999999999998,0.23629999999999995,-0.6047,-0.5631999999999999,0.0359,0.39530000000000004,0.326,0.28200000000000003,0.1296,0.5192000000000001,0.2584,-0.11660000000000004,83.29339853300733,6.623436232113814,64.0,107.0,80.04897959183674,84.35510204081632,4.306122448979579,6.523426487102091,0.0141890733814074,0.3051,0.1462,0.1484,0.2916,0.5582
nonb_071_nb,False Positive,0,0.4271,0.8704,0.6129,0.5607,0.2135,0.2209,0.7042,0.0081,0.0774,0.009,0.4295,0.1695,0.1385,0.022,0.7979,0.2372,0.6659,0.6936,0.9218,0.7359,0.0,0.0163,0.7539,0.7327,0.6267,0.8011,0.013,0.2037,0.1989,0.2046,0.2901,0.0204,0.8313,0.2095,0.8468,0.4287,0.0073367571533382,0.0853400793754679,0.0073367571533382,1.726,0.837,0.766,1.421,0.31371,0.06646,1.3876,0.3362,-0.2443,-0.000383,2.3981,0.6671,0.6325,0.001803,92.13,1,45.91,-0.4271,-0.8704,-0.5094000000000001,-0.5370999999999999,0.1353,-0.008200000000000013,0.6781,0.0081,0.0774,0.009,0.42869999999999997,0.16790000000000002,0.10519999999999999,0.0049,0.3994,0.14429999999999998,0.6422,0.6251,0.2428999999999999,0.6765,0.0,0.0163,0.7531,0.7197,0.6243,0.7767000000000001,0.0114,-0.119,0.1989,0.2046,0.2901,0.0204,0.8280000000000001,0.1068,0.8321999999999999,0.22409999999999997,76.55664221678892,6.475633808676137,55.0,105.0,72.9469387755102,78.76326530612245,5.816326530612244,8.933085383433017,0.0194303107850636,0.1949,0.0532,0.057,0.1927,0.4591
nonb_022_nb,False Positive,0,0.6414,0.8183,0.4466,0.4458,0.1385,0.1671,0.5925,0.022,0.313,0.0049,0.6756,0.1948,0.5729,0.2388,0.6789,0.3456,0.3961,0.4254,0.3048,0.3659,0.0204,0.1149,0.6985,0.401,0.7506,0.3928,0.4173,0.524,0.1059,0.0579,0.4425,0.0905,0.8297,0.0799,0.8924,0.3985,0.409064971060569,0.491661286366727,0.409064971060569,1.438,0.745,0.824,1.118,0.51457,0.12406,1.6171,0.5908,0.9413,0.002865,2.3424,1.3536,3.2479,0.008951,85.99,1,44.34,-0.6414,-0.8069000000000001,-0.10750000000000004,-0.3471,0.1043,0.008999999999999994,0.48489999999999994,0.017099999999999997,0.2999,0.0049,0.6406,0.17450000000000002,0.3667,0.12310000000000001,0.5802,0.13529999999999998,0.1696,0.21600000000000003,0.273,0.22580000000000003,0.0204,0.097,0.6969,0.33089999999999997,0.7425,0.269,0.1304,-0.45480000000000004,0.1059,0.0579,0.4425,0.0905,0.7758999999999999,0.0015999999999999973,0.7352,-0.1541,73.71067644661777,8.129869370970098,52.0,99.0,66.42040816326531,78.8,12.37959183673469,18.683290459769204,0.0406379346596393,0.3913,0.3351,0.4123,0.3771,1.0956
nonb_068_nb,False Positive,0,0.1491,0.7661,0.6626,0.4352,0.0562,0.295,0.6626,0.0065,0.207,0.0407,0.3619,0.2258,0.3472,0.194,0.6544,0.4947,0.0114,0.1777,0.9258,0.2404,0.6072,0.1907,0.6846,0.1182,0.3056,0.0856,0.542,0.7465,0.4833,0.1695,0.4629,0.044,0.7938,0.0326,0.4254,0.542,0.0395369691041004,0.1948686664863334,0.0395369691041004,1.941,0.719,0.809,0.905,0.33771,0.06891,1.6981,0.425,0.3641,0.001036,2.0813,0.6413,-0.8807,-0.002867,88.09,1,38.93,-0.1491,-0.7661,0.01629999999999998,-0.41400000000000003,0.0562,0.009700000000000014,0.44670000000000004,0.0049,0.207,0.0407,0.3463,0.1915,0.07089999999999999,0.1614,0.5713,0.1711,0.0114,-0.1622,0.3668,0.21030000000000001,0.6014999999999999,0.1467,0.6846,0.1101,0.30479999999999996,-0.019499999999999997,-0.32930000000000004,-0.4547,0.4833,0.1695,0.4629,0.0367,0.7938,0.029299999999999996,0.4124,0.37329999999999997,67.36837815810921,6.010008839684387,49.0,85.0,63.089795918367344,67.6734693877551,4.583673469387762,6.080230641192073,0.0132250802418533,0.4895,0.3591,0.3943,0.3906,1.2388
nonb_085_nb,False Positive,0,0.2779,0.9055,0.4605,0.2828,0.2152,0.0742,0.8305,0.0187,0.1418,0.022,0.3382,0.1288,0.282,0.2143,0.8574,0.2812,0.5615,0.511,0.903,0.7253,0.0,0.0407,0.4629,0.4996,0.6675,0.5444,0.1711,0.2258,0.0905,0.128,0.5289,0.0945,0.8289,0.0522,0.8737,0.0269,0.0306513409961685,0.1774972276337766,0.0297546262329828,1.505,0.911,0.942,1.261,0.34271,0.06752,1.6325,0.397,0.1045,1e-06,2.8929,0.7743,0.9851,0.001937,90.32,2,52.19,-0.2779,-0.8892,0.022800000000000042,-0.26899999999999996,0.1826,0.0513,0.5468000000000001,0.008900000000000002,0.1361,0.022,0.3154,0.1255,0.1459,0.14750000000000002,0.6773,0.17439999999999997,0.5599,0.4914,0.48979999999999996,0.6365000000000001,0.0,0.0407,0.46209999999999996,0.498,0.6675,0.5379,0.154,-0.18339999999999998,0.0905,0.1272,0.5289,0.0945,0.8289,0.050499999999999996,0.859,0.009000000000000001,73.98044009779952,6.788307373913467,54.0,103.0,72.15918367346939,73.79591836734694,1.6367346938775569,1.6834815988786511,0.0036617326783657,0.3756,0.3058,0.3523,0.3636,1.2047
nonb_051_nb,False Positive,0,0.2469,0.8158,0.2176,0.7416,0.1443,0.0725,0.6936,0.0098,0.3847,0.0008,0.7628,0.7938,0.3081,0.4988,0.7832,0.1084,0.3716,0.0016,0.0359,0.6976,0.0799,0.8533,0.6699,0.8386,0.5371,0.0139,0.6536,0.4776,0.4116,0.5542,0.2681,0.1842,0.6202,0.0782,0.8468,0.458,0.6877802233634955,0.4642777002536472,0.6873726257438657,1.116,0.697,0.816,1.163,0.35386,0.06136,1.3637,0.3888,-0.0322,1.3e-05,1.68,0.3962,0.2266,0.000958,77.0,1,36.66,-0.2469,-0.7555999999999999,-0.04000000000000001,-0.304,0.1393,-0.0203,0.6936,0.009,0.3831,0.0008,0.5753,0.5639,-0.2005,0.3056,0.7498,0.049800000000000004,0.3586,0.0016,0.0359,0.45309999999999995,0.0799,0.59,0.6699,0.5811,0.533,0.010599999999999998,0.25839999999999996,-0.4148,0.4116,0.5379,0.2681,0.1842,0.6169,0.0766,0.8117,0.031799999999999995,73.08475957620212,5.939602628452866,55.0,92.0,74.2,69.39591836734694,-4.804081632653066,-4.683871841227114,-0.010187866973849,0.8628,0.8373,0.9768,0.8486,5.3022
nonb_010_nb,False Positive,0,0.0,0.1557,0.7066,0.6267,0.4776,0.2641,0.3309,0.0041,0.2388,0.2209,0.1997,0.4906,0.6161,0.0302,0.8452,0.1899,0.445,0.0489,0.5909,0.5289,0.0481,0.5493,0.5477,0.3415,0.9919,0.0587,0.9633,0.5306,0.8036,0.8272,0.401,0.1255,0.2738,0.4205,0.6055,0.1361,0.0097008233471916,0.0988420781925905,0.0096193038232656,1.173,0.538,0.846,1.03,0.46843,0.08701,1.9657,0.5674,-0.8971,-0.002114,1.9439,0.4126,0.1342,0.000611,94.28,1,31.43,0.0,-0.1557,-0.031700000000000006,-0.3407,0.4743,-0.10999999999999999,0.3309,0.0041,0.2388,0.2209,0.1997,0.4124,0.6161,0.0302,0.7107,-0.04559999999999999,0.28200000000000003,0.006499999999999995,0.5909,0.5281,0.0449,0.5012,0.5477,0.3146,-0.1573,-0.007300000000000004,-0.9633,-0.5306,0.17679999999999996,0.42300000000000004,0.31779999999999997,0.0758,0.2641,0.34140000000000004,-0.5004,0.00810000000000001,77.50937245313773,5.292784082018298,60.0,94.0,77.06122448979592,77.00816326530612,-0.0530612244897952,-0.5162985911454812,-0.0011229985669287,0.6417,0.1702,0.1814,0.4873,0.5422
nonb_014_nb,False Positive,0,0.0725,0.8965,0.2926,0.7082,0.1165,0.3676,0.0848,0.119,0.2494,0.0285,0.2967,0.0424,0.7669,0.2127,0.3203,0.6007,0.1059,0.6919,0.6039,0.6553,0.1964,0.0628,0.5795,0.6512,0.8248,0.9324,0.3374,0.8883,0.0293,0.0261,0.5681,0.0147,0.8109,0.0179,0.8101,0.414,0.070269829624195,0.2556012141379254,0.070269829624195,0.893,0.507,0.636,0.783,0.41114,0.08705,2.8093,0.771,1.7336,0.004077,1.9047,0.2559,0.164,0.000367,2.41,0,0.8,-0.0725,-0.8769,0.1296,-0.35939999999999994,0.0946,0.12139999999999998,0.0693,0.029300000000000007,0.2494,0.0139,0.2909,0.0383,0.14349999999999996,0.06840000000000002,0.29259999999999997,0.10020000000000001,0.1059,0.40750000000000003,0.586,0.5102,0.1956,0.06199999999999999,0.5795,0.5257000000000001,0.6422,0.18909999999999993,-0.1018,-0.7498,0.0293,0.0261,0.5681,0.011399999999999999,0.8109,0.0179,0.3774,0.14920000000000003,75.4083129584352,6.523759797629511,58.0,99.0,80.9673469387755,73.88979591836734,-7.0775510204081655,-6.955249555999781,-0.0151283296487216,0.3186,0.2099,0.2414,0.2894,0.8468
nonb_117_nb,False Positive,0,0.4034,0.8044,0.617,0.4401,0.4507,0.0122,0.1434,0.0081,0.1899,0.2233,0.5575,0.5786,0.4971,0.0872,0.5232,0.0155,0.3407,0.0579,0.7351,0.4222,0.0285,0.4262,0.3032,0.5941,0.2429,0.0709,0.9226,0.8109,0.4156,0.7359,0.0,0.0106,0.5118,0.5925,0.4898,0.3138,0.0440205429200293,0.2051407680619705,0.0440205429200293,1.72,0.605,0.851,1.184,0.39271,0.06497,1.7053,0.583,-0.1287,0.000196,2.0171,0.6887,1.0264,0.002919,92.73,2,47.7,-0.4034,-0.758,0.35209999999999997,-0.2559,0.4507,0.004900000000000001,0.1434,0.0081,0.1899,0.216,0.5575,0.3822,0.47429999999999994,0.025300000000000003,0.5224,0.0155,0.326,0.0366,0.6568999999999999,-0.02210000000000001,0.0261,-0.043999999999999984,0.02200000000000002,0.07179999999999997,0.2274,0.04479999999999999,-0.0603999999999999,-0.7188,0.34230000000000005,0.40919999999999995,0.0,0.0073,0.4417,0.2657,-0.15730000000000002,-0.13690000000000002,78.16707416462917,6.580375717025715,58.0,103.0,77.7265306122449,78.87755102040816,1.1510204081632622,3.211168895295589,0.006984597923427,0.7489,0.2781,0.3043,0.515,0.561
nonb_029_nb,False Positive,0,0.0473,0.6683,0.5786,0.3374,0.3374,0.1043,0.1002,0.0,0.3341,0.0139,0.3097,0.1654,0.5958,0.1019,0.524,0.0807,0.2616,0.5257,0.6259,0.6838,0.0277,0.1475,0.7734,0.661,0.4336,0.5705,0.6732,0.7922,0.2372,0.1426,0.5143,0.1418,0.009,0.075,0.0375,0.1826,0.012309448112823,0.1102629838158787,0.012309448112823,1.494,1.459,0.724,0.812,0.419,0.08955,2.3975,0.7606,0.8869,0.001933,3.725,1.0976,0.5617,0.000514,87.63,2,49.61,-0.0473,-0.6683,-0.25839999999999996,-0.30160000000000003,0.3023,-0.0359,0.1002,0.0,0.3341,0.0139,0.3081,0.154,0.5518,0.045599999999999995,0.5086,0.039099999999999996,0.2201,0.0953,0.12790000000000007,0.2363,0.0236,0.0921,0.6504,0.2762,0.4075,0.1654,-0.6601,-0.6169,0.2372,0.1426,0.5143,0.13779999999999998,0.009,0.0546,0.033400000000000006,-0.03420000000000001,70.15647921760392,6.877550263614305,51.0,93.0,68.28979591836735,67.01632653061225,-1.2734693877550995,-4.66285450331706,-0.0101421522638761,0.3013,0.2084,0.2249,0.2886,0.5346
nonb_021_nb,False Positive,0,0.0,0.5216,0.4458,0.5371,0.4825,0.0652,0.0114,0.0098,0.3121,0.0848,0.6047,0.63,0.5958,0.1573,0.0244,0.0098,0.2526,0.022,0.4344,0.6186,0.2054,0.727,0.4947,0.6756,0.5045,0.0187,0.3733,0.6055,0.4499,0.4947,0.7368,0.0831,0.0913,0.1548,0.0318,0.0383,0.0193201271704573,0.1376475929923029,0.0193201271704573,1.38,1.413,0.734,0.758,0.45371,0.10023,1.2402,0.4906,0.0481,1.7e-05,1.5617,0.5237,0.6405,0.001494,95.74,1,31.91,0.0,-0.5028,0.366,-0.42130000000000006,0.2698,-0.052199999999999996,0.0114,0.0098,0.308,0.0791,0.19240000000000002,0.34479999999999994,0.1548,0.049699999999999994,0.0244,0.0098,0.07089999999999999,-0.008199999999999999,0.19879999999999998,0.32760000000000006,0.2054,0.44420000000000004,0.4629,0.41639999999999994,0.5004000000000001,0.009000000000000001,0.17030000000000003,-0.36519999999999997,0.4491,0.4768,0.7352,0.0807,0.0913,0.1548,0.0318,0.028499999999999998,65.73757131214344,5.537270765693885,49.0,84.0,64.61632653061224,68.93877551020408,4.32244897959184,4.829169420928136,0.0105039030362765,0.7136,0.5705,0.6312,0.6582,1.8062
nonb_023_nb,False Positive,0,0.1271,0.6031,0.4287,0.0147,0.3293,0.0008,0.454,0.0253,0.5754,0.2168,0.3097,0.26,0.9104,0.3651,0.6887,0.0367,0.2445,0.0122,0.5607,0.2901,0.0,0.1671,0.1532,0.1956,0.4963,0.0073,0.9731,0.7376,0.0636,0.3236,0.1467,0.044,0.8378,0.207,0.9258,0.0,0.0042390152441509,0.0649695774490709,0.0042390152441509,2.47,0.806,0.651,0.636,0.49243,0.08675,2.3002,1.3255,-1.9572,-0.006592,1.8084,0.5153,-0.3157,-0.000697,95.25,2,62.22,-0.1271,-0.6014999999999999,-0.0416,-0.0073,0.3211,0.0,0.454,0.0253,0.5746,0.1565,0.2657,0.12550000000000003,0.877,0.2136,0.6887,0.035100000000000006,0.2445,0.0122,0.4418000000000001,0.13040000000000002,0.0,0.0343,0.11819999999999999,0.055400000000000005,0.4963,0.0073,-0.08150000000000002,-0.7246,0.050499999999999996,0.10270000000000001,0.1467,0.028500000000000004,0.48000000000000004,0.10270000000000001,0.8916,0.0,77.12061939690301,7.226916337328586,55.0,105.0,78.3265306122449,75.15510204081633,-3.171428571428564,-7.912721104146924,-0.0172109213793298,0.6274,0.2406,0.2624,0.3276,0.5989
nonb_011_nb,False Positive,0,0.5004,0.5086,0.3985,0.009,0.5346,0.0823,0.1475,0.3488,0.0701,0.0432,0.119,0.2942,0.7808,0.5681,0.4857,0.5387,0.0432,0.0033,0.5827,0.7416,0.0,0.022,0.0008,0.009,0.6479,0.0016,0.9707,0.7074,0.5998,0.3431,0.2795,0.0522,0.8737,0.0212,0.0,0.0033,0.0846172658351675,0.2783113079947491,0.0846172658351675,2.923,1.4,0.715,1.943,0.37286,0.07182,2.2069,0.9379,-1.5338,-0.004678,2.7531,0.5665,-0.3061,-0.001221,92.0,2,59.12,-0.49959999999999993,-0.48899999999999993,0.3757,0.007299999999999999,0.5346,0.0424,0.06439999999999999,0.1711,0.0212,0.0025000000000000022,-0.018000000000000002,0.07749999999999999,0.23960000000000004,0.37810000000000005,0.4857,0.361,0.0432,0.0033,0.5819,0.6716,0.0,0.020399999999999998,0.0008,0.009,0.6479,0.0016,0.0252,-0.5884999999999999,0.5737,0.1182,0.2795,0.0514,0.8737,0.0212,0.0,0.0033,69.19885900570497,7.225412366447066,48.0,92.0,70.63265306122449,66.11836734693877,-4.51428571428572,-9.552742448014149,-0.0207781238673499,0.8711,0.6897,0.7684,0.7774,2.0536
nonb_026_nb,False Positive,0,0.9682,0.9446,0.7604,0.4523,0.5982,0.2893,0.5118,0.0872,0.4686,0.0041,0.1247,0.0595,0.6985,0.0717,0.6341,0.1084,0.5167,0.3847,0.2689,0.0823,0.0,0.0489,0.3211,0.075,0.6504,0.2249,0.9063,0.9511,0.0285,0.0334,0.0359,0.0016,0.4898,0.0114,0.9389,0.2054,0.0250264938452759,0.1562055327159966,0.0250264938452759,1.039,0.536,1.044,1.122,0.73143,0.17672,1.9334,0.6976,0.0679,0.000905,1.3443,0.3186,-0.1878,-0.000504,6.94,0,2.31,-0.9682,-0.9414,0.3064,-0.326,-0.12550000000000006,0.07659999999999997,-0.13280000000000003,0.025300000000000003,0.4686,0.0041,0.12390000000000001,0.0562,0.6446999999999999,0.0685,0.6341,0.04240000000000001,0.5027999999999999,0.35050000000000003,0.2657,0.0774,0.0,0.0465,0.3211,0.0693,0.6414,0.22,0.6723,-0.35450000000000004,0.0285,0.0334,0.0359,0.0016,0.4898,0.0114,0.06690000000000007,-0.185,71.43439282803585,5.430562537382109,54.0,89.0,72.0204081632653,72.01632653061225,-0.0040816326530546,0.7693986285768895,0.0016735152334461,0.1882,0.1259,0.1312,0.1342,0.875
nonb_088_nb,False Positive,0,0.0057,0.3667,0.5379,0.128,0.6634,0.1874,0.6218,0.0253,0.3244,0.0016,0.1899,0.0204,0.5623,0.4246,0.7262,0.5289,0.63,0.511,0.1198,0.4996,0.0,0.0155,0.4409,0.0432,0.4955,0.013,0.9576,0.9527,0.1646,0.0073,0.793,0.0049,0.1133,0.0008,0.3863,0.1907,0.0102714600146735,0.1008263711726276,0.0102714600146735,0.748,0.84,0.905,1.533,0.48486,0.11546,3.6103,0.7835,0.8976,0.00219,3.8845,1.007,1.3131,0.003603,90.9,1,33.84,-0.0057,-0.3537,0.5338,-0.061099999999999995,0.6545,0.0864,0.43200000000000005,0.0016000000000000007,0.3244,0.0008,0.1899,0.019600000000000003,0.48900000000000005,0.41159999999999997,0.7253999999999999,0.3407,0.6251,0.3007,0.1174,0.4931,0.0,0.0155,0.4409,0.0432,0.4955,0.013,-0.5876,-0.5265,0.1646,0.0073,0.7792,0.0049,0.09369999999999999,0.0008,-0.22820000000000001,-0.1565,73.46862265688672,5.6826952445376,58.0,91.0,75.54285714285714,73.2204081632653,-2.32244897959184,-1.147296576220702,-0.0024954792304963,0.4978,0.41,0.4175,0.4318,1.0969
nonb_082_nb,False Positive,0,0.0733,0.7685,0.6487,0.3855,0.1385,0.251,0.0562,0.0685,0.3178,0.1695,0.4181,0.6284,0.5249,0.3822,0.0,0.0008,0.0611,0.1125,0.6447,0.8044,0.1606,0.7963,0.6178,0.599,0.2152,0.1117,0.9731,0.9658,0.7514,0.5412,0.3806,0.075,0.4857,0.2991,0.3496,0.0986,0.0129616043042308,0.1131088021247303,0.0129616043042308,1.302,0.685,1.157,1.217,0.45443,0.14618,1.8784,0.7927,0.6751,0.001481,1.5275,0.4919,-0.266,-0.000589,86.31,2,51.08,-0.0733,-0.7669,0.3766,-0.2828,0.1385,0.0514,0.0562,0.052199999999999996,0.31620000000000004,0.1271,0.1841,0.42550000000000004,0.20620000000000002,0.2323,0.0,0.0008,0.0595,0.07819999999999999,0.24529999999999996,0.5542,0.1492,0.6169,0.5624,0.45799999999999996,0.2152,0.07819999999999999,-0.577,-0.5371,0.7514,0.5355,0.3806,0.0669,0.4857,0.2991,0.3227,-0.048100000000000004,73.80521597392013,6.575896728309465,53.0,100.0,75.52244897959184,76.86530612244898,1.3428571428571416,-0.5886288158135763,-0.0012803236885559,0.8208,0.6582,0.8208,0.8066,1.5173
nonb_075_nb,False Positive,0,0.3407,0.5917,0.3985,0.0636,0.4499,0.0024,0.4328,0.0342,0.5029,0.1369,0.0342,0.4662,0.8826,0.6227,0.577,0.0432,0.6544,0.0236,0.7791,0.6601,0.0,0.0041,0.0,0.0,0.2861,0.0,0.9063,0.7433,0.0008,0.1989,0.141,0.0163,0.7498,0.1557,0.9177,0.0758,0.0032607809570392,0.0570100716065979,0.0032607809570392,2.984,0.755,0.893,1.712,0.99614,0.54658,1.8744,0.9903,-1.0348,-0.002754,1.869,0.4247,0.1695,0.000275,88.83,2,58.25,-0.33909999999999996,-0.5428000000000001,0.27390000000000003,-0.018799999999999997,0.4327,0.0015999999999999999,0.4328,0.032600000000000004,0.5013,0.0807,0.0334,0.1769,0.8712000000000001,0.2168,0.577,0.0408,0.6544,0.0236,0.13370000000000004,0.11569999999999991,0.0,0.0,0.0,0.0,0.2861,0.0,0.029299999999999993,-0.7204999999999999,0.0008,0.033399999999999985,0.1394,-0.0049,0.5035999999999999,0.07740000000000001,0.9104,0.0758,73.94213528932356,5.829196922461352,55.0,97.0,74.44489795918368,74.15918367346939,-0.2857142857142918,0.1791371662034199,0.0003896403832592,0.8448,0.5825,0.6282,0.6417,1.0047
nonb_024_nb,False Positive,0,0.0098,0.1345,0.4808,0.1019,0.8052,0.696,0.0668,0.0375,0.1581,0.0546,0.4336,0.3765,0.5493,0.1793,0.0,0.0041,0.2999,0.4271,0.8411,0.7457,0.11,0.4434,0.7237,0.6854,0.8663,0.3822,0.1671,0.1948,0.1117,0.2698,0.2714,0.0163,0.9087,0.1239,0.0277,0.0244,0.128148691611641,0.3398183375723868,0.1262737425613434,1.159,0.553,0.633,1.021,0.33343,0.06943,2.5518,0.7324,1.1612,0.003157,2.6355,0.8468,1.2607,0.00385,95.66,1,31.89,-0.0098,-0.1019,-0.2999,-0.0359,-0.3203,-0.696,0.0668,-0.007300000000000001,0.15,0.044000000000000004,0.251,0.20290000000000002,0.3399,0.0758,0.0,0.0041,0.26080000000000003,0.33820000000000006,0.4629,0.5183,0.1067,0.3211,0.7237,0.5680999999999999,0.8663,0.3781,0.0709,-0.026900000000000007,0.1109,0.21269999999999997,0.2714,0.0163,0.9087,0.10679999999999999,0.0277,0.0244,77.78728606356968,6.910622893160093,56.0,99.0,72.53877551020408,82.19591836734693,9.657142857142858,9.54661006825259,0.0207647853578087,0.584,0.4213,0.4858,0.563,0.7983
nonb_047_nb,False Positive,0,0.0081,0.7596,0.3888,0.4662,0.3472,0.1002,0.0342,0.0041,0.4311,0.0725,0.7465,0.5232,0.6259,0.1883,0.5803,0.0945,0.2274,0.0652,0.2445,0.4442,0.3472,0.6601,0.6153,0.6471,0.3977,0.0391,0.5656,0.5575,0.5803,0.4311,0.6716,0.0986,0.1369,0.1711,0.0554,0.0774,0.0028531833374093,0.0533389415179232,0.0028531833374093,2.122,0.59,0.705,0.791,0.412,0.09724,1.2992,0.451,0.2763,0.00077,1.5745,0.3983,0.1937,0.000309,61.06,1,32.96,-0.0081,-0.7482,0.2079,-0.4001,0.326,-0.0741,0.0342,0.0,0.4156,0.05620000000000001,0.37489999999999996,0.3293,0.0008000000000000229,0.07330000000000002,0.5730000000000001,0.006500000000000006,0.1891,-0.028599999999999997,0.2323,0.24200000000000002,0.3472,0.4719,0.5933999999999999,0.4426,0.3953,0.0040999999999999995,-0.132,-0.4246,0.5803,0.4221,0.6716,0.09699999999999999,0.1369,0.16540000000000002,0.0554,0.050499999999999996,67.65770171149144,5.823975592529987,49.0,85.0,64.26530612244898,70.66122448979591,6.395918367346937,7.409730573496968,0.0161168691103794,0.6274,0.5165,0.6102,0.5877,2.2274
nonb_018_nb,False Positive,0,0.0285,0.7637,0.3749,0.2673,0.1035,0.0114,0.2934,0.009,0.5216,0.4238,0.3439,0.4866,0.3064,0.1206,0.6349,0.0163,0.2641,0.0114,0.1092,0.3081,0.0049,0.3749,0.4866,0.3472,0.9723,0.2078,0.8215,0.5322,0.7441,0.6186,0.2975,0.1328,0.3195,0.3749,0.141,0.1222,8.151952392598027e-05,0.0090284482882275,8.151952392598027e-05,1.951,1.139,0.83,0.817,0.479,0.10478,1.794,0.6634,-0.071,-0.000467,1.9192,0.4274,0.0993,0.000126,94.51,1,32.82,-0.0285,-0.7629,0.07819999999999999,-0.2486,0.1035,-0.0081,0.2934,0.009,0.5216,0.3936,0.3439,0.4149,0.3064,0.1206,0.6316,0.0131,0.2208,0.005699999999999999,0.1092,0.30569999999999997,0.0049,0.37,0.4833,0.3423,-0.07740000000000002,-0.1442,-0.8215,-0.5241,0.46209999999999996,0.18259999999999998,0.2836,0.0961,0.2893,0.05870000000000003,0.1361,-0.08149999999999999,71.00325998370008,6.09875179020971,55.0,92.0,69.76326530612245,68.63673469387756,-1.126530612244892,-1.067161504583358,-0.0023211778239986,0.7339,0.2759,0.3126,0.425,0.7077
nonb_019_nb,False Positive,0,0.0024,0.2502,0.7702,0.7897,0.0261,0.1337,0.3871,0.0,0.1589,0.1589,0.6235,0.7107,0.2657,0.1891,0.2551,0.0008,0.6601,0.0326,0.2152,0.7058,0.1532,0.7873,0.6569,0.7237,0.5884,0.1459,0.6732,0.4409,0.3089,0.6691,0.4556,0.3765,0.207,0.5077,0.1271,0.2494,0.0027716638134833,0.0525735836061073,0.0027716638134833,0.901,1.493,0.667,0.659,0.286,0.05013,2.5106,0.8102,0.8811,0.002126,2.8172,0.617,0.7467,0.001978,76.82,1,45.76,-0.0024,-0.2388,-0.7286,-0.6129,0.0203,-0.0791,0.3871,0.0,0.1589,0.15730000000000002,0.4458,0.46210000000000007,-0.029299999999999993,0.04729999999999998,0.25429999999999997,0.0008,0.45719999999999994,0.0179,0.07660000000000002,0.2959,0.1532,0.4083,0.6056,0.3529,0.5477,0.1019,-0.14350000000000002,-0.33340000000000003,0.3089,0.6658000000000001,0.4556,0.37,0.207,0.5061,0.12219999999999999,0.18180000000000002,81.00244498777506,8.33747212617815,54.0,105.0,75.66938775510204,77.46122448979592,1.791836734693888,1.2393380215509326,0.0026956781327915,0.8216,0.6537,0.7699,0.7954,1.3347
