seq_id,feature,standard,qfix,delta
bind_022_binder,D_58,0.1182,0.0481,-0.0701
bind_022_binder,W_58,0.3081,0.8892,0.5811
bind_022_binder,D_59,0.2632,0.3961,0.13290000000000002
bind_022_binder,W_59,0.3553,0.577,0.22169999999999995
bind_022_binder,D_62,0.4222,0.1663,-0.2559
bind_022_binder,W_62,0.0587,0.3659,0.30720000000000003
bind_022_binder,D_83,0.2127,0.0587,-0.154
bind_022_binder,W_83,0.0236,0.0407,0.0171
bind_022_binder,D_87,0.5884,0.3309,-0.2575
bind_022_binder,W_87,0.198,0.1174,-0.0806
bind_022_binder,D_88,0.2331,0.5208,0.28770000000000007
bind_022_binder,W_88,0.4018,0.5452,0.14340000000000003
bind_022_binder,D_89,0.6324,0.5208,-0.11159999999999992
bind_022_binder,W_89,0.1997,0.2429,0.043200000000000016
bind_022_binder,D_92,0.5086,0.1524,-0.35620000000000007
bind_022_binder,W_92,0.0432,0.1027,0.0595
bind_022_binder,D_110,0.5892,0.0522,-0.5369999999999999
bind_022_binder,W_110,0.4531,0.5029,0.04980000000000001
bind_022_binder,D_115,0.7824,0.4703,-0.3121
bind_022_binder,W_115,0.5501,0.5819,0.03179999999999994
bind_022_binder,D_116,0.1557,0.7319,0.5762
bind_022_binder,W_116,0.533,0.7751,0.24209999999999998
bind_022_binder,D_117,0.4988,0.6463,0.14749999999999996
bind_022_binder,W_117,0.5297,0.621,0.09130000000000005
bind_022_binder,D_120,0.3219,0.0945,-0.22740000000000002
bind_022_binder,W_120,0.4132,0.4466,0.033399999999999985
bind_022_binder,D_122,0.5656,0.6813,0.11570000000000003
bind_022_binder,W_122,0.8859,0.8549,-0.031000000000000028
bind_022_binder,D_159,0.423,0.6039,0.1809
bind_022_binder,W_159,0.2991,0.4344,0.13530000000000003
bind_022_binder,D_160,0.5713,0.6039,0.03259999999999996
bind_022_binder,W_160,0.2029,0.0383,-0.1646
bind_022_binder,D_163,0.009,0.1638,0.1548
bind_022_binder,W_163,0.15,0.1874,0.03740000000000002
bind_022_binder,D_164,0.0024,0.2543,0.2519
bind_022_binder,W_164,0.0473,0.0212,-0.0261
bind_022_binder,mean_n_neg_charged,1.01018994049074,0.9307084046629168,-0.07948153582782314
bind_022_binder,std_n_neg_charged,0.112670894063968,0.2796167916493747,0.16694589758540668
bind_022_binder,occ_n_neg_charged_gt0,0.998695687617184,0.9238607646531344,-0.07483492296404959
bind_022_binder,Y23 RMSF (A),3.577,1.777,-1.8
bind_022_binder,R79 RMSF (A),0.571,0.56,-0.010999999999999899
bind_022_binder,I110 RMSF (A),0.69,0.73,0.040000000000000036
bind_022_binder,G163 RMSF (A),1.065,0.762,-0.30299999999999994
bind_022_binder,Gate (r84-90) mean (A),0.778,0.36414,-0.41386
bind_022_binder,Gate (r84-90) SD (A),0.17382,0.07172,-0.1021
bind_022_binder,Gate RMSD mean (A),2.5479,1.2884,-1.2594999999999998
bind_022_binder,Gate RMSD SD (A),1.319,0.389,-0.9299999999999999
bind_022_binder,Gate drift100 (A),2.1806,-0.3685,-2.5491
bind_022_binder,Gate slope (A/ns),0.006014,-0.00103,-0.007044
bind_022_binder,Latch RMSD mean (A),2.175,1.8476,-0.3273999999999999
bind_022_binder,Latch RMSD SD (A),0.6171,0.4406,-0.1765
bind_022_binder,Latch drift100 (A),-0.7288,-0.2952,0.4336
bind_022_binder,Latch slope (A/ns),-0.002406,-0.001047,0.0013590000000000002
bind_022_binder,max_saltbridge_occupancy_pct,87.85,93.39,5.540000000000006
bind_022_binder,n_saltbridges_gt50pct,1.0,2.0,1.0
bind_022_binder,mean_top3_occupancy_pct,42.06,48.57,6.509999999999998
bind_022_binder,delta_D_58,0.0,-0.0481,-0.0481
bind_022_binder,delta_W_58,0.0,-0.8892,-0.8892
bind_022_binder,delta_D_59,0.185,-0.1312,-0.31620000000000004
bind_022_binder,delta_W_59,0.005699999999999983,-0.5453,-0.5509999999999999
bind_022_binder,delta_D_62,0.24620000000000003,0.1663,-0.07990000000000003
bind_022_binder,delta_W_62,0.006499999999999999,-0.1173,-0.1238
bind_022_binder,delta_D_83,0.2127,0.0587,-0.154
bind_022_binder,delta_W_83,0.0195,0.0375,0.018
bind_022_binder,delta_D_87,0.5607000000000001,0.3309,-0.22980000000000006
bind_022_binder,delta_W_87,0.1336,0.1158,-0.017799999999999996
bind_022_binder,delta_D_88,0.2103,0.1262999999999999,-0.08400000000000007
bind_022_binder,delta_W_88,0.27549999999999997,0.3097,0.03420000000000001
bind_022_binder,delta_D_89,0.48329999999999995,0.0823,-0.40099999999999997
bind_022_binder,delta_W_89,0.128,0.0562,-0.0718
bind_022_binder,delta_D_92,0.5005000000000001,0.1508,-0.34970000000000007
bind_022_binder,delta_W_92,0.0367,0.0945,0.0578
bind_022_binder,delta_D_110,0.2541999999999999,0.0522,-0.20199999999999993
bind_022_binder,delta_W_110,0.005699999999999983,-0.2623999999999999,-0.2680999999999999
bind_022_binder,delta_D_115,0.43279999999999996,0.1924,-0.24039999999999997
bind_022_binder,delta_W_115,0.3521,0.1434999999999999,-0.20860000000000012
bind_022_binder,delta_D_116,0.1549,0.718,0.5630999999999999
bind_022_binder,delta_W_116,0.3904,0.3806,-0.009800000000000031
bind_022_binder,delta_D_117,0.46540000000000004,0.6267999999999999,0.16139999999999988
bind_022_binder,delta_W_117,0.42779999999999996,0.322,-0.10579999999999995
bind_022_binder,delta_D_120,0.29910000000000003,0.0766,-0.22250000000000003
bind_022_binder,delta_W_120,0.017900000000000027,-0.1402,-0.15810000000000002
bind_022_binder,delta_D_122,0.0023999999999999577,-0.6382000000000001,-0.6406000000000001
bind_022_binder,delta_W_122,0.0,-0.7906,-0.7906
bind_022_binder,delta_D_159,0.4206,0.6039,0.18330000000000002
bind_022_binder,delta_W_159,0.2502,0.4344,0.18420000000000003
bind_022_binder,delta_D_160,0.5705,0.6039,0.033399999999999985
bind_022_binder,delta_W_160,0.1744,0.0383,-0.1361
bind_022_binder,delta_D_163,0.009,0.1638,0.1548
bind_022_binder,delta_W_163,0.15,0.1874,0.03740000000000002
bind_022_binder,delta_D_164,0.0024,0.2511,0.24869999999999998
bind_022_binder,delta_W_164,0.044000000000000004,0.0081999999999999,-0.0358000000000001
bind_022_binder,hydration_count_pocket_4A_mean,71.12061939690301,71.91035044824775,0.7897310513447451
bind_022_binder,hydration_count_pocket_4A_std,7.887356327464632,6.798661030579946,-1.0886952968846861
bind_022_binder,hydration_count_pocket_4A_min,48.0,49.0,1.0
bind_022_binder,hydration_count_pocket_4A_max,100.0,89.0,-11.0
bind_022_binder,hydration_count_pocket_4A_early20_mean,64.43673469387755,63.93061224489796,-0.5061224489795961
bind_022_binder,hydration_count_pocket_4A_late20_mean,76.31836734693877,73.51428571428572,-2.8040816326530518
bind_022_binder,hydration_count_pocket_4A_drift20,11.881632653061216,9.583673469387762,-2.297959183673454
bind_022_binder,hydration_count_pocket_4A_slope,16.920486130468365,9.460199262521602,-7.460286867946763
bind_022_binder,hydration_count_pocket_4A_slope_per_ns,0.0368036674942215,0.0205768336324559,-0.016226833861765603
bind_022_binder,gate_bridge_occupancy,0.6912,0.7219,0.03069999999999995
bind_022_binder,triple_bridge_occupancy,0.3088,0.6034,0.29460000000000003
bind_022_binder,mean_n_triple_bridge_waters,0.3343,0.7069,0.3726
bind_022_binder,co_occurrence_occupancy,0.563,0.7031,0.1401
bind_022_binder,mean_run_duration_ns,0.6747,1.3298,0.6551000000000001
bind_019_binder,D_58,0.4295,0.1907,-0.23879999999999998
bind_019_binder,W_58,0.8077,0.8394,0.03170000000000006
bind_019_binder,D_59,0.1165,0.0359,-0.0806
bind_019_binder,W_59,0.2852,0.6398,0.3546
bind_019_binder,D_62,0.2274,0.0742,-0.1532
bind_019_binder,W_62,0.22,0.4197,0.19970000000000002
bind_019_binder,D_83,0.423,0.5705,0.14750000000000002
bind_019_binder,W_83,0.0016,0.1508,0.1492
bind_019_binder,D_87,0.3521,0.2698,-0.08230000000000004
bind_019_binder,W_87,0.2486,0.0994,-0.1492
bind_019_binder,D_88,0.3178,0.3178,0.0
bind_019_binder,W_88,0.4311,0.194,-0.23709999999999998
bind_019_binder,D_89,0.2673,0.4352,0.1679
bind_019_binder,W_89,0.0986,0.3439,0.2453
bind_019_binder,D_92,0.7115,0.6316,-0.07989999999999997
bind_019_binder,W_92,0.2551,0.5803,0.32520000000000004
bind_019_binder,D_110,0.2315,0.3284,0.09690000000000001
bind_019_binder,W_110,0.0522,0.3619,0.3097
bind_019_binder,D_115,0.3619,0.78,0.4181
bind_019_binder,W_115,0.3407,0.5151,0.1744
bind_019_binder,D_116,0.1002,0.0399,-0.0603
bind_019_binder,W_116,0.3423,0.128,-0.2143
bind_019_binder,D_117,0.1858,0.5436,0.3578
bind_019_binder,W_117,0.2103,0.3252,0.1149
bind_019_binder,D_120,0.498,0.6756,0.17759999999999998
bind_019_binder,W_120,0.0187,0.1638,0.1451
bind_019_binder,D_122,0.3684,0.7229,0.3545
bind_019_binder,W_122,0.3643,0.2478,-0.11650000000000002
bind_019_binder,D_159,0.524,0.6308,0.1068
bind_019_binder,W_159,0.5281,0.2624,-0.2657
bind_019_binder,D_160,0.6944,0.7637,0.06930000000000003
bind_019_binder,W_160,0.0676,0.0244,-0.04319999999999999
bind_019_binder,D_163,0.5029,0.1614,-0.3415
bind_019_binder,W_163,0.3553,0.0962,-0.2591
bind_019_binder,D_164,0.1907,0.1361,-0.05460000000000001
bind_019_binder,W_164,0.1149,0.009,-0.10590000000000001
bind_019_binder,mean_n_neg_charged,0.560202168419336,0.351186109073123,-0.20901605934621303
bind_019_binder,std_n_neg_charged,0.50369877513346,0.4797259348181324,-0.023972840315327537
bind_019_binder,occ_n_neg_charged_gt0,0.556533789842667,0.3500448357381593,-0.20648895410450768
bind_019_binder,Y23 RMSF (A),1.038,0.968,-0.07000000000000006
bind_019_binder,R79 RMSF (A),0.718,0.794,0.07600000000000007
bind_019_binder,I110 RMSF (A),0.852,0.844,-0.008000000000000007
bind_019_binder,G163 RMSF (A),0.706,0.768,0.062000000000000055
bind_019_binder,Gate (r84-90) mean (A),0.31657,0.31557,-0.0010000000000000009
bind_019_binder,Gate (r84-90) SD (A),0.05123,0.05525,0.004020000000000003
bind_019_binder,Gate RMSD mean (A),1.8225,1.6931,-0.12939999999999996
bind_019_binder,Gate RMSD SD (A),0.6536,0.5836,-0.06999999999999995
bind_019_binder,Gate drift100 (A),-0.4824,0.2317,0.7141
bind_019_binder,Gate slope (A/ns),-0.001543,0.000155,0.001698
bind_019_binder,Latch RMSD mean (A),1.7908,3.8948,2.104
bind_019_binder,Latch RMSD SD (A),0.6635,1.2105,0.5469999999999999
bind_019_binder,Latch drift100 (A),0.1896,1.0617,0.8721000000000001
bind_019_binder,Latch slope (A/ns),0.001544,0.002269,0.0007250000000000002
bind_019_binder,max_saltbridge_occupancy_pct,59.72,91.34,31.620000000000005
bind_019_binder,n_saltbridges_gt50pct,1.0,1.0,0.0
bind_019_binder,mean_top3_occupancy_pct,29.34,36.93,7.59
bind_019_binder,delta_D_58,0.0,-0.1907,-0.1907
bind_019_binder,delta_W_58,0.0009000000000000119,-0.8370000000000001,-0.8379000000000001
bind_019_binder,delta_D_59,0.04400000000000001,-0.0292999999999999,-0.0732999999999999
bind_019_binder,delta_W_59,0.015400000000000025,-0.3725,-0.3879
bind_019_binder,delta_D_62,0.1891,0.0644,-0.12469999999999999
bind_019_binder,delta_W_62,0.035,0.0407,0.005699999999999997
bind_019_binder,delta_D_83,0.41969999999999996,0.4507,0.031000000000000028
bind_019_binder,delta_W_83,0.0016,0.1361,0.1345
bind_019_binder,delta_D_87,0.3521,0.2698,-0.08230000000000004
bind_019_binder,delta_W_87,0.2347,0.0994,-0.13529999999999998
bind_019_binder,delta_D_88,0.24360000000000004,0.2844,0.04079999999999995
bind_019_binder,delta_W_88,0.3276,0.1696,-0.158
bind_019_binder,delta_D_89,0.1573,0.0651999999999999,-0.0921000000000001
bind_019_binder,delta_W_89,0.052099999999999994,0.167,0.11490000000000002
bind_019_binder,delta_D_92,0.6993,0.4743999999999999,-0.22490000000000016
bind_019_binder,delta_W_92,0.05049999999999999,0.0677,0.017200000000000007
bind_019_binder,delta_D_110,0.18020000000000003,0.0569999999999999,-0.12320000000000013
bind_019_binder,delta_W_110,0.004100000000000006,0.2054,0.20129999999999998
bind_019_binder,delta_D_115,0.28200000000000003,0.661,0.379
bind_019_binder,delta_W_115,0.2217,0.3659,0.1442
bind_019_binder,delta_D_116,0.0994,0.0390999999999999,-0.060300000000000104
bind_019_binder,delta_W_116,0.2714,0.1036,-0.16779999999999998
bind_019_binder,delta_D_117,0.1793,0.5428,0.36349999999999993
bind_019_binder,delta_W_117,0.1793,0.2592,0.0799
bind_019_binder,delta_D_120,0.485,0.6731999999999999,0.18819999999999992
bind_019_binder,delta_W_120,0.013000000000000001,0.1149,0.1019
bind_019_binder,delta_D_122,0.07829999999999998,-0.5762,-0.6545000000000001
bind_019_binder,delta_W_122,0.056999999999999995,-0.2445,-0.3015
bind_019_binder,delta_D_159,0.37650000000000006,0.6308,0.25429999999999997
bind_019_binder,delta_W_159,0.36350000000000005,0.2624,-0.10110000000000002
bind_019_binder,delta_D_160,0.6683,0.7637,0.09540000000000004
bind_019_binder,delta_W_160,0.0619,0.0236,-0.0383
bind_019_binder,delta_D_163,0.25680000000000003,0.119,-0.13780000000000003
bind_019_binder,delta_W_163,0.21430000000000002,0.0938,-0.12050000000000002
bind_019_binder,delta_D_164,0.1646,0.119,-0.0456
bind_019_binder,delta_W_164,0.0668,-0.0039999999999999,-0.0707999999999999
bind_019_binder,hydration_count_pocket_4A_mean,65.79951100244499,72.33333333333333,6.533822330888341
bind_019_binder,hydration_count_pocket_4A_std,7.174542953425482,6.737762710729847,-0.43678024269563576
bind_019_binder,hydration_count_pocket_4A_min,44.0,50.0,6.0
bind_019_binder,hydration_count_pocket_4A_max,87.0,93.0,6.0
bind_019_binder,hydration_count_pocket_4A_early20_mean,60.6530612244898,66.57959183673469,5.926530612244896
bind_019_binder,hydration_count_pocket_4A_late20_mean,70.95510204081633,77.15102040816326,6.195918367346934
bind_019_binder,hydration_count_pocket_4A_drift20,10.302040816326532,10.57142857142857,0.26938775510203783
bind_019_binder,hydration_count_pocket_4A_slope,15.124678448269,13.86546992346471,-1.25920852480429
bind_019_binder,hydration_count_pocket_4A_slope_per_ns,0.0328976148956367,0.0301587165273838,-0.002738898368252904
bind_019_binder,gate_bridge_occupancy,0.6724,0.527,-0.14539999999999997
bind_019_binder,triple_bridge_occupancy,0.2924,0.2954,0.0030000000000000027
bind_019_binder,mean_n_triple_bridge_waters,0.3231,0.3253,0.0021999999999999797
bind_019_binder,co_occurrence_occupancy,0.3846,0.434,0.0494
bind_019_binder,mean_run_duration_ns,0.9497,0.6969,-0.2528
bind_020_binder,D_58,0.0839,0.2861,0.20220000000000002
bind_020_binder,W_58,0.784,0.6764,-0.10760000000000003
bind_020_binder,D_59,0.7408,0.379,-0.3618
bind_020_binder,W_59,0.5216,0.2755,-0.24609999999999993
bind_020_binder,D_62,0.031,0.0522,0.021200000000000004
bind_020_binder,W_62,0.1597,0.2021,0.04239999999999999
bind_020_binder,D_83,0.458,0.2738,-0.18420000000000003
bind_020_binder,W_83,0.0905,0.0505,-0.039999999999999994
bind_020_binder,D_87,0.4434,0.5053,0.061899999999999955
bind_020_binder,W_87,0.2363,0.3782,0.14189999999999997
bind_020_binder,D_88,0.2306,0.3244,0.09380000000000002
bind_020_binder,W_88,0.2747,0.4059,0.13119999999999998
bind_020_binder,D_89,0.4124,0.3504,-0.062
bind_020_binder,W_89,0.0285,0.1337,0.10520000000000002
bind_020_binder,D_92,0.74,0.6373,-0.10270000000000001
bind_020_binder,W_92,0.0799,0.2347,0.1548
bind_020_binder,D_110,0.2461,0.1508,-0.09530000000000002
bind_020_binder,W_110,0.009,0.0196,0.0106
bind_020_binder,D_115,0.0065,0.013,0.0065
bind_020_binder,W_115,0.0326,0.1622,0.12960000000000002
bind_020_binder,D_116,0.0106,0.022,0.011399999999999999
bind_020_binder,W_116,0.0473,0.317,0.2697
bind_020_binder,D_117,0.546,0.3871,-0.15890000000000004
bind_020_binder,W_117,0.0896,0.2999,0.2103
bind_020_binder,D_120,0.8826,0.956,0.07339999999999991
bind_020_binder,W_120,0.828,0.0839,-0.7441
bind_020_binder,D_122,0.586,0.6447,0.058700000000000085
bind_020_binder,W_122,0.5974,0.4287,-0.16870000000000002
bind_020_binder,D_159,0.8818,0.7082,-0.17359999999999998
bind_020_binder,W_159,0.5249,0.5257,0.0007999999999999119
bind_020_binder,D_160,0.4051,0.4189,0.013799999999999979
bind_020_binder,W_160,0.546,0.031,-0.515
bind_020_binder,D_163,0.8142,0.4857,-0.3285
bind_020_binder,W_163,0.6862,0.2771,-0.4091
bind_020_binder,D_164,0.0016,0.1361,0.1345
bind_020_binder,W_164,0.6569,0.0269,-0.63
bind_020_binder,mean_n_neg_charged,0.0486671557838102,0.2694220265753648,0.2207548707915546
bind_020_binder,std_n_neg_charged,0.21517124280843,0.4436595521020461,0.2284883092936161
bind_020_binder,occ_n_neg_charged_gt0,0.0486671557838102,0.2694220265753648,0.2207548707915546
bind_020_binder,Y23 RMSF (A),2.741,1.669,-1.072
bind_020_binder,R79 RMSF (A),0.811,0.744,-0.06700000000000006
bind_020_binder,I110 RMSF (A),1.066,1.249,0.18300000000000005
bind_020_binder,G163 RMSF (A),0.996,0.707,-0.28900000000000003
bind_020_binder,Gate (r84-90) mean (A),0.32443,0.38729,0.06286000000000003
bind_020_binder,Gate (r84-90) SD (A),0.07123,0.07586,0.004629999999999995
bind_020_binder,Gate RMSD mean (A),1.6324,1.5835,-0.048900000000000166
bind_020_binder,Gate RMSD SD (A),0.5566,0.7819,0.22530000000000006
bind_020_binder,Gate drift100 (A),-0.2847,-0.0313,0.2534
bind_020_binder,Gate slope (A/ns),-0.000668,-0.001082,-0.0004140000000000001
bind_020_binder,Latch RMSD mean (A),3.0622,1.6037,-1.4585
bind_020_binder,Latch RMSD SD (A),0.7181,0.3483,-0.36979999999999996
bind_020_binder,Latch drift100 (A),0.3188,0.1316,-0.18719999999999998
bind_020_binder,Latch slope (A/ns),0.001353,1.5e-05,-0.001338
bind_020_binder,max_saltbridge_occupancy_pct,86.5,93.96,7.459999999999994
bind_020_binder,n_saltbridges_gt50pct,1.0,1.0,0.0
bind_020_binder,mean_top3_occupancy_pct,29.62,40.03,10.41
bind_020_binder,delta_D_58,0.0,-0.2861,-0.2861
bind_020_binder,delta_W_58,0.0024000000000000687,-0.6715,-0.6739
bind_020_binder,delta_D_59,0.6536,0.106,-0.5476
bind_020_binder,delta_W_59,0.01629999999999998,-0.1475,-0.16379999999999997
bind_020_binder,delta_D_62,0.022,0.0522,0.030200000000000005
bind_020_binder,delta_W_62,0.1328,0.1377,0.004899999999999988
bind_020_binder,delta_D_83,0.4572,0.2738,-0.1834
bind_020_binder,delta_W_83,0.0815,0.0505,-0.031
bind_020_binder,delta_D_87,0.4434,0.5053,0.061899999999999955
bind_020_binder,delta_W_87,0.22820000000000001,0.3651999999999999,0.1369999999999999
bind_020_binder,delta_D_88,0.2298,0.3228,0.09299999999999997
bind_020_binder,delta_W_88,0.2617,0.3626999999999999,0.10099999999999992
bind_020_binder,delta_D_89,0.4124,0.3504,-0.062
bind_020_binder,delta_W_89,0.0285,0.1337,0.10520000000000002
bind_020_binder,delta_D_92,0.7261,0.6234999999999999,-0.10260000000000002
bind_020_binder,delta_W_92,0.062,0.1988,0.1368
bind_020_binder,delta_D_110,0.2363,0.15,-0.08630000000000002
bind_020_binder,delta_W_110,0.008199999999999999,0.0196,0.0114
bind_020_binder,delta_D_115,0.0065,0.013,0.0065
bind_020_binder,delta_W_115,0.0326,0.1622,0.12960000000000002
bind_020_binder,delta_D_116,0.0049,0.022,0.017099999999999997
bind_020_binder,delta_W_116,0.0416,0.3162,0.27459999999999996
bind_020_binder,delta_D_117,0.5411,0.3871,-0.15400000000000003
bind_020_binder,delta_W_117,0.0888,0.2999,0.2111
bind_020_binder,delta_D_120,0.6642,0.2118999999999999,-0.45230000000000015
bind_020_binder,delta_W_120,0.10509999999999997,-0.0253,-0.13039999999999996
bind_020_binder,delta_D_122,0.0,-0.6447,-0.6447
bind_020_binder,delta_W_122,0.029299999999999993,-0.3969,-0.42619999999999997
bind_020_binder,delta_D_159,0.15650000000000008,0.2616,0.10509999999999992
bind_020_binder,delta_W_159,0.4132,0.0741999999999999,-0.3390000000000001
bind_020_binder,delta_D_160,0.269,0.4116,0.1426
bind_020_binder,delta_W_160,0.28930000000000006,0.0302,-0.25910000000000005
bind_020_binder,delta_D_163,0.7074,0.2975,-0.40990000000000004
bind_020_binder,delta_W_163,0.31210000000000004,-0.0277,-0.33980000000000005
bind_020_binder,delta_D_164,0.0016,0.1353,0.1337
bind_020_binder,delta_W_164,0.21600000000000003,-0.0105999999999999,-0.2265999999999999
bind_020_binder,hydration_count_pocket_4A_mean,72.55827220863895,68.58272208638957,-3.9755501222493876
bind_020_binder,hydration_count_pocket_4A_std,6.578879021115696,6.516004602563501,-0.06287441855219456
bind_020_binder,hydration_count_pocket_4A_min,54.0,48.0,-6.0
bind_020_binder,hydration_count_pocket_4A_max,95.0,89.0,-6.0
bind_020_binder,hydration_count_pocket_4A_early20_mean,73.93877551020408,61.285714285714285,-12.653061224489797
bind_020_binder,hydration_count_pocket_4A_late20_mean,71.44897959183673,70.39183673469388,-1.0571428571428498
bind_020_binder,hydration_count_pocket_4A_drift20,-2.4897959183673493,9.106122448979598,11.595918367346947
bind_020_binder,hydration_count_pocket_4A_slope,1.7506908882393697,9.291662352763147,7.5409714645237775
bind_020_binder,hydration_count_pocket_4A_slope_per_ns,0.003807919278389,0.0202102498156892,0.0164023305373002
bind_020_binder,gate_bridge_occupancy,0.4738,0.7024,0.22860000000000003
bind_020_binder,triple_bridge_occupancy,0.069,0.2706,0.2016
bind_020_binder,mean_n_triple_bridge_waters,0.0712,0.3126,0.2414
bind_020_binder,co_occurrence_occupancy,0.1154,0.4145,0.2991
bind_020_binder,mean_run_duration_ns,0.4481,0.5938,0.1457
nonb_006_nb,D_58,0.4662,0.0073,-0.45890000000000003
nonb_006_nb,W_58,0.8264,0.2502,-0.5762
nonb_006_nb,D_59,0.6813,0.5077,-0.17359999999999998
nonb_006_nb,W_59,0.3725,0.0424,-0.3301
nonb_006_nb,D_62,0.0791,0.4768,0.3977
nonb_006_nb,W_62,0.1516,0.0611,-0.09050000000000001
nonb_006_nb,D_83,0.0065,0.2176,0.21109999999999998
nonb_006_nb,W_83,0.0595,0.0049,-0.054599999999999996
nonb_006_nb,D_87,0.3553,0.304,-0.05130000000000001
nonb_006_nb,W_87,0.2266,0.0081,-0.2185
nonb_006_nb,D_88,0.3839,0.4067,0.022799999999999987
nonb_006_nb,W_88,0.5477,0.5273,-0.020399999999999974
nonb_006_nb,D_89,0.3113,0.5632,0.2519
nonb_006_nb,W_89,0.3782,0.1133,-0.26489999999999997
nonb_006_nb,D_92,0.0318,0.4491,0.4173
nonb_006_nb,W_92,0.1222,0.035,-0.0872
nonb_006_nb,D_110,0.0098,0.2363,0.2265
nonb_006_nb,W_110,0.1948,0.0758,-0.119
nonb_006_nb,D_115,0.5591,0.291,-0.26810000000000006
nonb_006_nb,W_115,0.7449,0.4556,-0.2893
nonb_006_nb,D_116,0.2502,0.0065,-0.24369999999999997
nonb_006_nb,W_116,0.7131,0.4654,-0.24769999999999998
nonb_006_nb,D_117,0.533,0.6333,0.10029999999999994
nonb_006_nb,W_117,0.6732,0.7392,0.06599999999999995
nonb_006_nb,D_120,0.2266,0.2388,0.012200000000000016
nonb_006_nb,W_120,0.1907,0.1182,-0.07250000000000001
nonb_006_nb,D_122,0.9698,0.9853,0.015499999999999958
nonb_006_nb,W_122,0.8826,0.881,-0.0016000000000000458
nonb_006_nb,D_159,0.5134,0.5493,0.03590000000000004
nonb_006_nb,W_159,0.4808,0.3081,-0.17270000000000002
nonb_006_nb,D_160,0.5925,0.4914,-0.10110000000000002
nonb_006_nb,W_160,0.0448,0.3725,0.3277
nonb_006_nb,D_163,0.511,0.4026,-0.1084
nonb_006_nb,W_163,0.2331,0.4042,0.1711
nonb_006_nb,D_164,0.6626,0.1239,-0.5387
nonb_006_nb,W_164,0.172,0.4906,0.3186
nonb_006_nb,mean_n_neg_charged,0.0172006195483818,0.0029347028613352,-0.014265916687046598
nonb_006_nb,std_n_neg_charged,0.130018299617914,0.0540933487635121,-0.0759249508544019
nonb_006_nb,occ_n_neg_charged_gt0,0.0172006195483818,0.0029347028613352,-0.014265916687046598
nonb_006_nb,Y23 RMSF (A),0.812,0.862,0.04999999999999993
nonb_006_nb,R79 RMSF (A),0.576,0.963,0.387
nonb_006_nb,I110 RMSF (A),0.858,0.976,0.118
nonb_006_nb,G163 RMSF (A),0.604,1.146,0.5419999999999999
nonb_006_nb,Gate (r84-90) mean (A),0.55157,0.34129,-0.21028000000000002
nonb_006_nb,Gate (r84-90) SD (A),0.11129,0.06943,-0.041859999999999994
nonb_006_nb,Gate RMSD mean (A),1.7458,3.2721,1.5263
nonb_006_nb,Gate RMSD SD (A),0.6908,1.1344,0.4436000000000001
nonb_006_nb,Gate drift100 (A),0.1229,1.9992,1.8763
nonb_006_nb,Gate slope (A/ns),0.000723,0.006162,0.005439
nonb_006_nb,Latch RMSD mean (A),1.7645,3.3408,1.5763000000000003
nonb_006_nb,Latch RMSD SD (A),0.4707,0.9655,0.4948
nonb_006_nb,Latch drift100 (A),0.5258,0.8964,0.37059999999999993
nonb_006_nb,Latch slope (A/ns),0.001101,0.002463,0.001362
nonb_006_nb,max_saltbridge_occupancy_pct,30.77,83.03,52.260000000000005
nonb_006_nb,n_saltbridges_gt50pct,0.0,2.0,2.0
nonb_006_nb,mean_top3_occupancy_pct,10.26,46.84,36.580000000000005
nonb_006_nb,delta_D_58,0.0,-0.0073,-0.0073
nonb_006_nb,delta_W_58,0.0,-0.2502,-0.2502
nonb_006_nb,delta_D_59,0.37160000000000004,0.2519,-0.11970000000000003
nonb_006_nb,delta_W_59,0.012299999999999978,-0.0089,-0.021199999999999976
nonb_006_nb,delta_D_62,0.0661,0.4744,0.4083
nonb_006_nb,delta_W_62,0.12310000000000001,0.0187,-0.10440000000000002
nonb_006_nb,delta_D_83,0.0065,0.2168,0.2103
nonb_006_nb,delta_W_83,0.0383,0.0049,-0.0334
nonb_006_nb,delta_D_87,0.3406,0.3024,-0.03820000000000001
nonb_006_nb,delta_W_87,0.1671,0.0081,-0.159
nonb_006_nb,delta_D_88,0.194,0.4051,0.2111
nonb_006_nb,delta_W_88,0.29989999999999994,0.383,0.08310000000000006
nonb_006_nb,delta_D_89,0.17520000000000002,0.41,0.23479999999999995
nonb_006_nb,delta_W_89,0.12639999999999996,0.0586999999999999,-0.06770000000000007
nonb_006_nb,delta_D_92,0.023700000000000002,0.4458,0.4221
nonb_006_nb,delta_W_92,0.0863,0.0285,-0.057800000000000004
nonb_006_nb,delta_D_110,0.009,0.2314,0.2224
nonb_006_nb,delta_W_110,0.1573,0.0407,-0.1166
nonb_006_nb,delta_D_115,0.3415,0.0953999999999999,-0.24610000000000012
nonb_006_nb,delta_W_115,0.38630000000000003,0.2159,-0.17040000000000002
nonb_006_nb,delta_D_116,0.24779999999999996,0.0049,-0.24289999999999998
nonb_006_nb,delta_W_116,0.45389999999999997,0.2608,-0.1931
nonb_006_nb,delta_D_117,0.5273,0.2999,-0.2274
nonb_006_nb,delta_W_117,0.4344,0.4059,-0.028500000000000025
nonb_006_nb,delta_D_120,0.2168,0.1997,-0.017100000000000004
nonb_006_nb,delta_W_120,0.13690000000000002,0.0447999999999999,-0.09210000000000013
nonb_006_nb,delta_D_122,0.017900000000000027,-0.1523999999999999,-0.17029999999999992
nonb_006_nb,delta_W_122,0.03260000000000007,-0.6716,-0.7042
nonb_006_nb,delta_D_159,0.5134,0.5493,0.03590000000000004
nonb_006_nb,delta_W_159,0.4775,0.2925999999999999,-0.18490000000000006
nonb_006_nb,delta_D_160,0.5909,0.489,-0.10189999999999999
nonb_006_nb,delta_W_160,0.0415,0.3162,0.2747
nonb_006_nb,delta_D_163,0.5102,0.4018,-0.1084
nonb_006_nb,delta_W_163,0.2331,0.2158999999999999,-0.017200000000000104
nonb_006_nb,delta_D_164,0.498,0.0774,-0.4206
nonb_006_nb,delta_W_164,0.021199999999999997,-0.0123,-0.033499999999999995
nonb_006_nb,hydration_count_pocket_4A_mean,75.67889160554198,73.66748166259168,-2.0114099429502943
nonb_006_nb,hydration_count_pocket_4A_std,6.147035867245759,6.13767159820251,-0.009364269043248719
nonb_006_nb,hydration_count_pocket_4A_min,56.0,55.0,-1.0
nonb_006_nb,hydration_count_pocket_4A_max,96.0,90.0,-6.0
nonb_006_nb,hydration_count_pocket_4A_early20_mean,73.80816326530612,71.34693877551021,-2.46122448979591
nonb_006_nb,hydration_count_pocket_4A_late20_mean,76.37551020408164,76.20816326530613,-0.1673469387755091
nonb_006_nb,hydration_count_pocket_4A_drift20,2.567346938775515,4.861224489795916,2.293877551020401
nonb_006_nb,hydration_count_pocket_4A_slope,3.7659023756998473,7.773133805340743,4.007231429640896
nonb_006_nb,hydration_count_pocket_4A_slope_per_ns,0.0081911960319735,0.0169073057212414,0.008716109689267901
nonb_006_nb,gate_bridge_occupancy,0.7654,0.5885,-0.17689999999999995
nonb_006_nb,triple_bridge_occupancy,0.5637,0.455,-0.10869999999999996
nonb_006_nb,mean_n_triple_bridge_waters,0.7046,0.5202,-0.1844
nonb_006_nb,co_occurrence_occupancy,0.7421,0.533,-0.20909999999999995
nonb_006_nb,mean_run_duration_ns,1.5,0.8823,-0.6177
nonb_008_nb,D_58,0.8704,0.9324,0.062000000000000055
nonb_008_nb,W_58,0.8941,0.9519,0.05779999999999996
nonb_008_nb,D_59,0.3219,0.6308,0.3089
nonb_008_nb,W_59,0.0742,0.0,-0.0742
nonb_008_nb,D_62,0.37,0.2469,-0.12309999999999999
nonb_008_nb,W_62,0.0,0.0008,0.0008
nonb_008_nb,D_83,0.8126,0.7156,-0.09699999999999998
nonb_008_nb,W_83,0.163,0.4311,0.2681
nonb_008_nb,D_87,0.1891,0.0277,-0.1614
nonb_008_nb,W_87,0.3782,0.3513,-0.02689999999999998
nonb_008_nb,D_88,0.0554,0.2804,0.22499999999999998
nonb_008_nb,W_88,0.4434,0.7555,0.31209999999999993
nonb_008_nb,D_89,0.665,0.546,-0.119
nonb_008_nb,W_89,0.5811,0.6064,0.0253000000000001
nonb_008_nb,D_92,0.1377,0.1084,-0.029299999999999993
nonb_008_nb,W_92,0.0513,0.0196,-0.0317
nonb_008_nb,D_110,0.4491,0.4214,-0.027700000000000002
nonb_008_nb,W_110,0.3252,0.3431,0.017900000000000027
nonb_008_nb,D_115,0.8557,0.8786,0.02290000000000003
nonb_008_nb,W_115,0.5077,0.6072,0.09949999999999992
nonb_008_nb,D_116,0.0,0.0,0.0
nonb_008_nb,W_116,0.1418,0.1475,0.005699999999999983
nonb_008_nb,D_117,0.4287,0.4776,0.0489
nonb_008_nb,W_117,0.4515,0.5436,0.09209999999999996
nonb_008_nb,D_120,0.9715,0.9804,0.008900000000000019
nonb_008_nb,W_120,0.3692,0.454,0.08480000000000004
nonb_008_nb,D_122,0.727,0.2934,-0.4336
nonb_008_nb,W_122,0.6487,0.3399,-0.3088000000000001
nonb_008_nb,D_159,0.4148,0.3993,-0.015500000000000014
nonb_008_nb,W_159,0.3765,0.6055,0.22900000000000004
nonb_008_nb,D_160,0.3782,0.4303,0.052100000000000035
nonb_008_nb,W_160,0.053,0.0456,-0.007399999999999997
nonb_008_nb,D_163,0.7865,0.7245,-0.061999999999999944
nonb_008_nb,W_163,0.3048,0.348,0.04319999999999996
nonb_008_nb,D_164,0.5656,0.132,-0.4336
nonb_008_nb,W_164,0.22,0.1467,-0.0733
nonb_008_nb,mean_n_neg_charged,0.977256052824651,0.8619874459933154,-0.11526860683133555
nonb_008_nb,std_n_neg_charged,0.16167744799656,0.3617553585455642,0.20007791054900417
nonb_008_nb,occ_n_neg_charged_gt0,0.975299584250428,0.8560365207467189,-0.11926306350370908
nonb_008_nb,Y23 RMSF (A),1.969,1.787,-0.18200000000000016
nonb_008_nb,R79 RMSF (A),0.699,0.454,-0.24499999999999994
nonb_008_nb,I110 RMSF (A),0.694,0.887,0.19300000000000006
nonb_008_nb,G163 RMSF (A),1.436,1.933,0.4970000000000001
nonb_008_nb,Gate (r84-90) mean (A),0.549,0.37929,-0.16971000000000003
nonb_008_nb,Gate (r84-90) SD (A),0.12828,0.07791,-0.05037000000000001
nonb_008_nb,Gate RMSD mean (A),1.5826,1.2436,-0.33899999999999997
nonb_008_nb,Gate RMSD SD (A),0.4379,0.3772,-0.06070000000000003
nonb_008_nb,Gate drift100 (A),0.3092,0.0169,-0.2923
nonb_008_nb,Gate slope (A/ns),0.000927,4.6e-05,-0.000881
nonb_008_nb,Latch RMSD mean (A),1.2672,1.6504,0.3832
nonb_008_nb,Latch RMSD SD (A),0.3446,0.3966,0.05199999999999999
nonb_008_nb,Latch drift100 (A),0.2996,0.2055,-0.09409999999999999
nonb_008_nb,Latch slope (A/ns),0.000879,0.000265,-0.000614
nonb_008_nb,max_saltbridge_occupancy_pct,82.23,97.71,15.47999999999999
nonb_008_nb,n_saltbridges_gt50pct,2.0,2.0,0.0
nonb_008_nb,mean_top3_occupancy_pct,46.84,64.57,17.72999999999999
nonb_008_nb,delta_D_58,0.0,-0.9324,-0.9324
nonb_008_nb,delta_W_58,0.0,-0.9519,-0.9519
nonb_008_nb,delta_D_59,0.0,-0.6308,-0.6308
nonb_008_nb,delta_W_59,0.0025000000000000022,0.0,-0.0025000000000000022
nonb_008_nb,delta_D_62,0.18989999999999999,0.0571,-0.13279999999999997
nonb_008_nb,delta_W_62,0.0,0.0008,0.0008
nonb_008_nb,delta_D_83,0.8118,0.7156,-0.09619999999999995
nonb_008_nb,delta_W_83,0.1084,0.3659,0.2575
nonb_008_nb,delta_D_87,0.1891,0.0277,-0.1614
nonb_008_nb,delta_W_87,0.28369999999999995,0.3,0.016300000000000037
nonb_008_nb,delta_D_88,0.0538,0.2795999999999999,0.2257999999999999
nonb_008_nb,delta_W_88,0.432,0.5126,0.08059999999999995
nonb_008_nb,delta_D_89,0.665,0.546,-0.119
nonb_008_nb,delta_W_89,0.5680999999999999,0.5640000000000001,-0.0040999999999998815
nonb_008_nb,delta_D_92,0.1377,0.1084,-0.029299999999999993
nonb_008_nb,delta_W_92,0.0513,0.0196,-0.0317
nonb_008_nb,delta_D_110,0.4491,0.4214,-0.027700000000000002
nonb_008_nb,delta_W_110,0.3252,0.3431,0.017900000000000027
nonb_008_nb,delta_D_115,0.8557,0.8786,0.02290000000000003
nonb_008_nb,delta_W_115,0.5077,0.5932999999999999,0.0855999999999999
nonb_008_nb,delta_D_116,0.0,0.0,0.0
nonb_008_nb,delta_W_116,0.1418,0.141,-0.0008000000000000229
nonb_008_nb,delta_D_117,0.33330000000000004,0.2094,-0.12390000000000004
nonb_008_nb,delta_W_117,0.4393,0.4181,-0.021199999999999997
nonb_008_nb,delta_D_120,0.9715,0.9804,0.008900000000000019
nonb_008_nb,delta_W_120,0.3651,0.454,0.08890000000000003
nonb_008_nb,delta_D_122,0.39199999999999996,0.2486,-0.14339999999999997
nonb_008_nb,delta_W_122,0.04400000000000004,-0.1304,-0.17440000000000003
nonb_008_nb,delta_D_159,0.30310000000000004,0.1565,-0.14660000000000004
nonb_008_nb,delta_W_159,0.3325,0.2330999999999999,-0.09940000000000013
nonb_008_nb,delta_D_160,0.3782,0.4262,0.04800000000000004
nonb_008_nb,delta_W_160,0.047299999999999995,0.044,-0.0032999999999999974
nonb_008_nb,delta_D_163,0.13529999999999998,0.5469,0.4116000000000001
nonb_008_nb,delta_W_163,0.1418,0.1646,0.022799999999999987
nonb_008_nb,delta_D_164,0.5648,0.132,-0.43279999999999996
nonb_008_nb,delta_W_164,0.167,0.1459,-0.021100000000000008
nonb_008_nb,hydration_count_pocket_4A_mean,71.80358598207009,70.61939690301548,-1.1841890790546046
nonb_008_nb,hydration_count_pocket_4A_std,5.999026287580869,5.23336876376289,-0.7656575238179792
nonb_008_nb,hydration_count_pocket_4A_min,53.0,54.0,1.0
nonb_008_nb,hydration_count_pocket_4A_max,91.0,88.0,-3.0
nonb_008_nb,hydration_count_pocket_4A_early20_mean,69.86122448979592,71.3061224489796,1.4448979591836775
nonb_008_nb,hydration_count_pocket_4A_late20_mean,74.9673469387755,69.26938775510204,-5.697959183673461
nonb_008_nb,hydration_count_pocket_4A_drift20,5.1061224489795904,-2.0367346938775484,-7.142857142857139
nonb_008_nb,hydration_count_pocket_4A_slope,7.863192182410422,-2.2996264823236143,-10.162818664734036
nonb_008_nb,hydration_count_pocket_4A_slope_per_ns,0.0171031912613603,-0.0050019064324602,-0.0221050976938205
nonb_008_nb,gate_bridge_occupancy,0.7181,0.8988,0.18070000000000008
nonb_008_nb,triple_bridge_occupancy,0.2144,0.3928,0.17839999999999998
nonb_008_nb,mean_n_triple_bridge_waters,0.2324,0.4333,0.20090000000000002
nonb_008_nb,co_occurrence_occupancy,0.4663,0.6754,0.2091
nonb_008_nb,mean_run_duration_ns,0.5283,0.7278,0.1995
nonb_009_nb,D_58,0.8174,0.0293,-0.7881
nonb_009_nb,W_58,0.4091,0.3871,-0.02200000000000002
nonb_009_nb,D_59,0.4002,0.6243,0.22409999999999997
nonb_009_nb,W_59,0.0098,0.3993,0.3895
nonb_009_nb,D_62,0.1443,0.6732,0.5289
nonb_009_nb,W_62,0.0399,0.0,-0.0399
nonb_009_nb,D_83,0.0041,0.0611,0.057
nonb_009_nb,W_83,0.0742,0.0033,-0.0709
nonb_009_nb,D_87,0.0285,0.2421,0.2136
nonb_009_nb,W_87,0.2412,0.2282,-0.013000000000000012
nonb_009_nb,D_88,0.4491,0.1614,-0.2877
nonb_009_nb,W_88,0.524,0.4042,-0.11980000000000002
nonb_009_nb,D_89,0.7131,0.207,-0.5061
nonb_009_nb,W_89,0.2624,0.0652,-0.19720000000000004
nonb_009_nb,D_92,0.0733,0.52,0.4467
nonb_009_nb,W_92,0.0285,0.0236,-0.004900000000000002
nonb_009_nb,D_110,0.4971,0.2885,-0.2086
nonb_009_nb,W_110,0.022,0.0253,0.003300000000000001
nonb_009_nb,D_115,0.4629,0.696,0.23309999999999997
nonb_009_nb,W_115,0.15,0.2029,0.0529
nonb_009_nb,D_116,0.0,0.0,0.0
nonb_009_nb,W_116,0.0033,0.1337,0.13040000000000002
nonb_009_nb,D_117,0.0049,0.3513,0.3464
nonb_009_nb,W_117,0.0244,0.3888,0.3644
nonb_009_nb,D_120,0.5469,0.3879,-0.15900000000000003
nonb_009_nb,W_120,0.0359,0.0139,-0.022000000000000002
nonb_009_nb,D_122,0.8672,0.9878,0.12060000000000004
nonb_009_nb,W_122,0.3113,0.881,0.5697
nonb_009_nb,D_159,0.0081,0.3953,0.3872
nonb_009_nb,W_159,0.0081,0.7669,0.7588
nonb_009_nb,D_160,0.3024,0.2095,-0.09290000000000001
nonb_009_nb,W_160,0.0954,0.2518,0.15640000000000004
nonb_009_nb,D_163,0.8223,0.5469,-0.2754
nonb_009_nb,W_163,0.2836,0.3896,0.10599999999999998
nonb_009_nb,D_164,0.8867,0.3121,-0.5746
nonb_009_nb,W_164,0.0081,0.52,0.5119
nonb_009_nb,mean_n_neg_charged,0.0004075976196299,0.0023640661938534,0.0019564685742235
nonb_009_nb,std_n_neg_charged,0.0201849320982353,0.0485641574093951,0.028379225311159797
nonb_009_nb,occ_n_neg_charged_gt0,0.0004075976196299,0.0023640661938534,0.0019564685742235
nonb_009_nb,Y23 RMSF (A),1.228,0.786,-0.44199999999999995
nonb_009_nb,R79 RMSF (A),2.634,1.427,-1.2069999999999999
nonb_009_nb,I110 RMSF (A),0.797,0.986,0.18899999999999995
nonb_009_nb,G163 RMSF (A),1.27,1.102,-0.16799999999999993
nonb_009_nb,Gate (r84-90) mean (A),0.52971,0.41971,-0.10999999999999999
nonb_009_nb,Gate (r84-90) SD (A),0.1386,0.08992,-0.04868
nonb_009_nb,Gate RMSD mean (A),3.5504,3.9145,0.3641000000000001
nonb_009_nb,Gate RMSD SD (A),0.6896,1.0073,0.3177000000000001
nonb_009_nb,Gate drift100 (A),0.7211,1.3508,0.6297
nonb_009_nb,Gate slope (A/ns),0.002464,0.002803,0.0003389999999999999
nonb_009_nb,Latch RMSD mean (A),2.8166,2.3584,-0.45820000000000016
nonb_009_nb,Latch RMSD SD (A),0.6301,0.6911,0.061000000000000054
nonb_009_nb,Latch drift100 (A),0.3581,-0.346,-0.7041
nonb_009_nb,Latch slope (A/ns),0.001261,-0.001492,-0.0027530000000000002
nonb_009_nb,max_saltbridge_occupancy_pct,8.71,52.04,43.33
nonb_009_nb,n_saltbridges_gt50pct,0.0,1.0,1.0
nonb_009_nb,mean_top3_occupancy_pct,2.9,22.49,19.59
nonb_009_nb,delta_D_58,0.28680000000000005,-0.0293,-0.31610000000000005
nonb_009_nb,delta_W_58,0.050500000000000045,-0.3725,-0.42300000000000004
nonb_009_nb,delta_D_59,0.3815,0.5607000000000001,0.17920000000000008
nonb_009_nb,delta_W_59,0.0024999999999999996,-0.3415,-0.34400000000000003
nonb_009_nb,delta_D_62,0.1443,0.6708,0.5265
nonb_009_nb,delta_W_62,0.0358,0.0,-0.0358
nonb_009_nb,delta_D_83,0.0041,0.0611,0.057
nonb_009_nb,delta_W_83,0.0742,0.0033,-0.0709
nonb_009_nb,delta_D_87,0.0285,0.2421,0.2136
nonb_009_nb,delta_W_87,0.20779999999999998,0.2233,0.015500000000000014
nonb_009_nb,delta_D_88,0.445,0.1614,-0.2836
nonb_009_nb,delta_W_88,0.24280000000000002,0.2461,0.0032999999999999974
nonb_009_nb,delta_D_89,0.7122999999999999,0.207,-0.5053
nonb_009_nb,delta_W_89,0.23060000000000003,0.0571,-0.17350000000000004
nonb_009_nb,delta_D_92,0.07250000000000001,0.52,0.4475
nonb_009_nb,delta_W_92,0.0252,0.022,-0.0032000000000000015
nonb_009_nb,delta_D_110,0.4971,0.2885,-0.2086
nonb_009_nb,delta_W_110,0.018699999999999998,0.0203,0.0016000000000000007
nonb_009_nb,delta_D_115,0.4059,0.6512,0.24530000000000002
nonb_009_nb,delta_W_115,0.07669999999999999,0.0472999999999999,-0.029400000000000093
nonb_009_nb,delta_D_116,0.0,0.0,0.0
nonb_009_nb,delta_W_116,0.0025,-0.0211999999999999,-0.023699999999999898
nonb_009_nb,delta_D_117,0.0025,0.251,0.2485
nonb_009_nb,delta_W_117,0.014600000000000002,0.0619,0.047299999999999995
nonb_009_nb,delta_D_120,0.45480000000000004,0.3863,-0.06850000000000006
nonb_009_nb,delta_W_120,0.0172,0.0058,-0.0114
nonb_009_nb,delta_D_122,0.09129999999999994,-0.0318,-0.12309999999999993
nonb_009_nb,delta_W_122,0.056999999999999995,-0.8729,-0.9299
nonb_009_nb,delta_D_159,0.007299999999999999,0.2559,0.24860000000000002
nonb_009_nb,delta_W_159,0.003999999999999999,0.5525,0.5485
nonb_009_nb,delta_D_160,0.2967,0.15,-0.14670000000000002
nonb_009_nb,delta_W_160,0.0465,0.1043999999999999,0.057899999999999896
nonb_009_nb,delta_D_163,0.6080000000000001,0.392,-0.21600000000000008
nonb_009_nb,delta_W_163,0.11250000000000002,0.2314999999999999,0.11899999999999988
nonb_009_nb,delta_D_164,0.6406000000000001,0.1915,-0.44910000000000005
nonb_009_nb,delta_W_164,0.0081,-0.4645,-0.4726
nonb_009_nb,hydration_count_pocket_4A_mean,81.3920130399348,81.5916870415648,0.19967400163000093
nonb_009_nb,hydration_count_pocket_4A_std,7.151660246189592,6.642116688662282,-0.5095435575273095
nonb_009_nb,hydration_count_pocket_4A_min,59.0,55.0,-4.0
nonb_009_nb,hydration_count_pocket_4A_max,103.0,105.0,2.0
nonb_009_nb,hydration_count_pocket_4A_early20_mean,75.58367346938776,78.19183673469388,2.6081632653061178
nonb_009_nb,hydration_count_pocket_4A_late20_mean,83.16734693877551,79.42857142857143,-3.7387755102040785
nonb_009_nb,hydration_count_pocket_4A_drift20,7.5836734693877474,1.2367346938775512,-6.346938775510196
nonb_009_nb,hydration_count_pocket_4A_slope,11.133765520097478,0.5780524517572899,-10.555713068340188
nonb_009_nb,hydration_count_pocket_4A_slope_per_ns,0.0242169994999401,0.0012573190902822,-0.0229596804096579
nonb_009_nb,gate_bridge_occupancy,0.6469,0.5967,-0.05020000000000002
nonb_009_nb,triple_bridge_occupancy,0.1327,0.1694,0.03669999999999998
nonb_009_nb,mean_n_triple_bridge_waters,0.1447,0.1784,0.03370000000000001
nonb_009_nb,co_occurrence_occupancy,0.1724,0.3051,0.13269999999999998
nonb_009_nb,mean_run_duration_ns,0.6914,0.5075,-0.18390000000000006
