feature,n_nonzero_diffs,mean_standard,mean_qfix,mean_delta,median_delta,pct_change,p,q
delta_W_58,6,0.008966666666666687,-0.66205,-0.6710166666666667,-0.7559,-7483.457249070615,0.03125,0.33125
hydration_count_pocket_4A_std,6,6.823083450503671,6.34426423241683,-0.4788192180868423,-0.47316190011147263,-7.017636843522652,0.03125,0.33125
max_saltbridge_occupancy_pct,6,59.29666666666666,85.245,25.948333333333334,23.549999999999997,43.76018888076902,0.03125,0.33125
mean_top3_occupancy_pct,6,26.83666666666667,43.23833333333334,16.401666666666667,14.069999999999995,61.11663147435101,0.03125,0.33125
delta_D_58,6,0.04780000000000001,-0.24898333333333333,-0.29678333333333334,-0.2384,-620.8856345885633,0.03125,0.33125
delta_W_59,6,0.009116666666666662,-0.23594999999999997,-0.24506666666666665,-0.2539,-2688.1170018281546,0.03125,0.33125
W_117,6,0.3297833333333334,0.48628333333333335,0.1565,0.10349999999999998,47.45540001010764,0.03125,0.33125
delta_D_122,6,0.09698333333333331,-0.29911666666666675,-0.39609999999999995,-0.40545,-408.42069084035063,0.03125,0.33125
delta_W_122,6,0.036650000000000016,-0.5178166666666667,-0.5544666666666666,-0.5652,-1512.8694861300582,0.03125,0.33125
delta_W_164,6,0.08718333333333333,-0.05621666666666666,-0.1434,-0.0533,-164.48097878034793,0.03125,0.33125
I110 RMSF (A),6,0.8261666666666666,0.9453333333333332,0.11916666666666668,0.15050000000000002,14.424046802501516,0.0625,0.5520833333333334
Y23 RMSF (A),6,1.8941666666666663,1.3081666666666667,-0.5860000000000002,-0.31200000000000006,-30.937087549494073,0.0625,0.5520833333333334
Gate (r84-90) mean (A),6,0.5082133333333333,0.3678816666666667,-0.14033166666666666,-0.139855,-27.612747927379576,0.09375,0.7644230769230769
delta_D_59,6,0.2726166666666667,0.02121666666666669,-0.2514,-0.21795000000000003,-92.21739927859632,0.15625,0.8717105263157895
D_163,6,0.5743166666666667,0.41415,-0.16016666666666668,-0.1919,-27.888214980121305,0.15625,0.8717105263157895
delta_D_159,6,0.2962333333333334,0.4096666666666667,0.11343333333333333,0.14419999999999997,38.29188702599301,0.15625,0.8717105263157895
triple_bridge_occupancy,6,0.26349999999999996,0.36443333333333333,0.10093333333333333,0.10754999999999998,38.30487033523087,0.15625,0.8717105263157895
mean_n_triple_bridge_waters,6,0.3017166666666667,0.41278333333333334,0.11106666666666669,0.11730000000000002,36.81157819145998,0.15625,0.8717105263157895
Gate (r84-90) SD (A),6,0.11240833333333333,0.07334833333333333,-0.039060000000000004,-0.04527,-34.74831344058122,0.15625,0.8717105263157895
delta_D_89,6,0.43425,0.27681666666666666,-0.15743333333333334,-0.10555000000000005,-36.254077912109004,0.21875,0.9275
co_occurrence_occupancy,6,0.4073,0.5108499999999999,0.10354999999999999,0.1364,25.423520746378585,0.21875,0.9275
std_n_neg_charged,6,0.19057026528642787,0.27790252388133746,0.08733225859490955,0.09766256144828324,45.82680223677541,0.21875,0.9275
D_58,6,0.46426666666666666,0.24898333333333333,-0.21528333333333335,-0.15444999999999998,-46.37062033314188,0.21875,0.9275
D_117,6,0.3662,0.5065333333333334,0.1403333333333333,0.12389999999999995,38.32150009102493,0.21875,0.9275
W_87,6,0.2548166666666667,0.19709999999999997,-0.057716666666666666,-0.05374999999999999,-22.650271436980834,0.21875,0.9275
n_saltbridges_gt50pct,3,0.8333333333333334,1.5,0.6666666666666666,0.5,80.0,0.25,1.0
delta_D_164,6,0.312,0.15105,-0.16095,-0.23309999999999997,-51.58653846153847,0.3125,1.0
D_159,6,0.46085000000000004,0.5478000000000001,0.08695000000000001,0.07135000000000002,18.867310404686993,0.3125,1.0
hydration_count_pocket_4A_max,6,95.33333333333333,92.33333333333333,-3.0,-4.5,-3.146853146853147,0.3125,1.0
D_164,6,0.3849333333333333,0.18241666666666667,-0.20251666666666668,-0.24409999999999998,-52.610841704191216,0.3125,1.0
delta_D_120,6,0.5152333333333334,0.42134999999999995,-0.09388333333333339,-0.04280000000000003,-18.221517758944174,0.3125,1.0
W_110,6,0.17605,0.22143333333333334,0.04538333333333334,0.014250000000000013,25.77866136514248,0.3125,1.0
hydration_count_pocket_4A_slope_per_ns,6,0.020503431410253518,0.01401808639243205,-0.006485345017821467,-0.009482866115009253,-31.630534850757837,0.4375,1.0
hydration_count_pocket_4A_slope,6,9.426452590864079,6.444815218920645,-2.981637371943434,-4.359747696375527,-31.630534850757908,0.4375,1.0
D_88,5,0.27831666666666666,0.33525,0.05693333333333333,0.058300000000000005,20.45631474938619,0.4375,1.0
delta_W_116,6,0.21693333333333328,0.19683333333333333,-0.020099999999999996,-0.016749999999999966,-9.265519360786724,0.4375,1.0
delta_D_110,6,0.27098333333333335,0.2000833333333333,-0.07090000000000002,-0.10475000000000007,-26.163970723906765,0.4375,1.0
delta_W_62,6,0.05553333333333333,0.01343333333333333,-0.042100000000000005,-0.017499999999999998,-75.81032412965187,0.4375,1.0
delta_W_120,6,0.1092,0.07566666666666666,-0.033533333333333346,-0.05175000000000006,-30.708180708180716,0.4375,1.0
W_115,6,0.38766666666666666,0.42081666666666667,0.033149999999999985,0.07619999999999996,8.551160791057606,0.4375,1.0
hydration_count_pocket_4A_late20_mean,6,75.53877551020408,74.32721088435376,-1.211564625850336,-1.9306122448979508,-1.6038976243223233,0.4375,1.0
D_122,6,0.6806666666666666,0.7192333333333334,0.038566666666666694,0.08720000000000006,5.666013712047016,0.4375,1.0
W_62,6,0.10498333333333336,0.1749333333333333,0.06995,0.021599999999999998,66.62962374980154,0.4375,1.0
W_122,6,0.6150333333333333,0.60555,-0.009483333333333363,-0.07375000000000002,-1.541921847054365,0.4375,1.0
delta_W_88,6,0.30658333333333326,0.3306166666666666,0.024033333333333323,0.05739999999999998,7.839086708344658,0.4375,1.0
Latch RMSD SD (A),6,0.5740166666666667,0.6754333333333333,0.10141666666666667,0.05650000000000002,17.667895821840247,0.5625,1.0
occ_n_neg_charged_gt0,6,0.43280073911035016,0.400777152794761,-0.032023586315589145,-0.044550419825548096,-7.399152409354867,0.5625,1.0
delta_D_117,6,0.3414833333333333,0.3861666666666666,0.0446833333333333,0.01874999999999992,13.085070037581131,0.5625,1.0
W_92,6,0.0967,0.16598333333333334,0.06928333333333335,0.027299999999999998,71.6477076870045,0.5625,1.0
D_87,6,0.32613333333333333,0.27996666666666664,-0.04616666666666668,-0.06680000000000003,-14.15576451349142,0.5625,1.0
delta_D_87,6,0.31906666666666667,0.2797,-0.03936666666666669,-0.060250000000000026,-12.338069368992903,0.5625,1.0
mean_n_neg_charged,6,0.4356539224477582,0.40310045922665144,-0.03255346322110671,-0.04687372625743487,-7.472321846249503,0.5625,1.0
W_88,6,0.43711666666666665,0.4720166666666667,0.034899999999999994,0.055400000000000005,7.984138483242459,0.6875,1.0
delta_D_115,6,0.38739999999999997,0.4152666666666667,0.02786666666666666,0.014700000000000015,7.193254173119944,0.6875,1.0
delta_W_87,6,0.2091833333333333,0.1853,-0.023883333333333336,-0.0011499999999999913,-11.417416938889334,0.6875,1.0
delta_D_88,6,0.22941666666666663,0.2632666666666666,0.033849999999999957,0.06689999999999996,14.754812931347605,0.6875,1.0
W_116,6,0.2968,0.3277833333333333,0.030983333333333335,0.06805,10.439128481581312,0.6875,1.0
Latch RMSD mean (A),6,2.1460500000000002,2.4492833333333333,0.3032333333333334,0.027900000000000036,14.129835434092094,0.6875,1.0
Gate drift100 (A),6,0.42778333333333335,0.5331333333333333,0.10535,0.44155,15.413689677875588,0.6875,1.0
D_110,6,0.33713333333333334,0.24626666666666666,-0.09086666666666665,-0.06150000000000001,-26.95273877793157,0.6875,1.0
delta_W_117,6,0.26403333333333334,0.2945,0.03046666666666667,0.013049999999999999,11.538947102638557,0.6875,1.0
R79 RMSF (A),6,1.0015,0.8236666666666667,-0.1778333333333333,-0.03899999999999998,-17.75669828590447,0.6875,1.0
W_59,6,0.2697666666666667,0.32233333333333336,0.052566666666666685,0.07374999999999998,19.485975534412457,0.6875,1.0
W_160,6,0.16828333333333334,0.12726666666666667,-0.04101666666666667,-0.025299999999999993,-24.373576309794988,0.6875,1.0
W_159,6,0.3695833333333334,0.4838333333333334,0.11425,0.06804999999999997,30.913190529875983,0.6875,1.0
Latch drift100 (A),6,0.16051666666666667,0.27566666666666667,0.11515000000000002,0.13824999999999998,28.54133101995291,0.6875,1.0
delta_W_163,6,0.1939666666666667,0.14424999999999996,-0.049716666666666715,0.0027999999999999414,-25.631551813026316,0.84375,1.0
delta_W_115,6,0.26285000000000003,0.2546833333333333,-0.00816666666666672,0.028099999999999903,-3.1069684864625144,0.84375,1.0
D_62,6,0.21233333333333337,0.2816,0.06926666666666667,-0.050949999999999995,32.62166405023548,0.84375,1.0
delta_W_159,6,0.3068166666666667,0.3082,0.001383333333333292,-0.10025000000000008,0.4508664240317101,0.84375,1.0
delta_W_92,6,0.052,0.07185000000000001,0.019850000000000003,0.007000000000000003,38.173076923076934,0.84375,1.0
D_89,6,0.50025,0.43710000000000004,-0.06314999999999998,-0.08679999999999996,-12.623688155922036,0.84375,1.0
delta_W_89,6,0.18894999999999998,0.17278333333333332,-0.01616666666666666,-0.035899999999999974,-8.556055393843165,0.84375,1.0
W_83,6,0.06873333333333333,0.11354999999999998,0.04481666666666667,-0.011449999999999997,65.20368574199807,0.84375,1.0
delta_W_83,6,0.05391666666666667,0.0997,0.045783333333333336,-0.006500000000000001,84.91499227202473,0.84375,1.0
delta_D_83,6,0.3186666666666666,0.29611666666666664,-0.022549999999999997,-0.03259999999999996,-7.076359832635984,0.84375,1.0
delta_D_62,6,0.14293333333333333,0.24753333333333336,0.10459999999999998,-0.02485000000000001,73.18097014925372,0.84375,1.0
hydration_count_pocket_4A_mean,6,73.05881553925563,73.11749524585711,0.05867970660146682,-0.4922575387123018,0.08031844777162764,0.84375,1.0
Gate RMSD SD (A),6,0.7245833333333334,0.7122333333333334,-0.012349999999999944,0.08230000000000001,-1.7044278320873987,0.84375,1.0
delta_D_163,6,0.3711166666666667,0.32016666666666665,-0.050950000000000016,-0.12310000000000001,-13.728836394664754,0.84375,1.0
G163 RMSF (A),6,1.0128333333333333,1.0696666666666668,0.05683333333333337,-0.052999999999999936,5.611321375678792,0.84375,1.0
D_115,6,0.5047499999999999,0.5214833333333333,0.016733333333333333,0.014700000000000015,3.3151725276539548,0.84375,1.0
W_164,6,0.20320000000000002,0.2024,-0.0008000000000000044,-0.0497,-0.3937007874015769,0.84375,1.0
hydration_count_pocket_4A_drift20,6,5.825170068027209,5.553741496598641,-0.2714285714285672,-1.014285714285708,-4.078503526525544,0.84375,1.0
gate_bridge_occupancy,6,0.6613,0.6725499999999999,0.011250000000000019,-0.009750000000000036,1.7011946166641492,0.84375,1.0
delta_W_160,6,0.11015000000000001,0.09278333333333331,-0.017366666666666693,-0.0208,-15.766379179906211,0.84375,1.0
hydration_count_pocket_4A_min,6,52.333333333333336,51.833333333333336,-0.5,0.0,-0.9554140127388535,0.96875,1.0
hydration_count_pocket_4A_early20_mean,6,69.71360544217687,68.7734693877551,-0.9401360544217686,0.46938775510204067,-1.348568975107095,1.0,1.0
Latch slope (A/ns),6,0.000622,0.0004121666666666666,-0.00020983333333333327,5.55000000000001e-05,-14.735486891385765,1.0,1.0
delta_D_116,4,0.0845,0.13066666666666665,0.046166666666666634,0.0,54.635108481262286,1.0,1.0
W_58,6,0.6715666666666666,0.6657000000000001,-0.005866666666666687,0.004850000000000021,-0.8735791929319533,1.0,1.0
D_59,6,0.42064999999999997,0.42896666666666666,0.008316666666666667,0.026150000000000007,1.9770989341891518,1.0,1.0
D_83,6,0.3194833333333333,0.31621666666666665,-0.0032666666666666664,-0.019999999999999987,-1.0224842193124317,1.0,1.0
W_89,6,0.25808333333333333,0.25089999999999996,-0.007183333333333319,0.03425000000000006,-2.783338714885368,1.0,1.0
D_92,6,0.36715000000000003,0.4164666666666667,0.049316666666666654,-0.05459999999999998,13.43229379454355,1.0,1.0
D_116,4,0.08611666666666666,0.13338333333333333,0.04726666666666667,0.0,54.88678149796789,1.0,1.0
delta_D_160,6,0.46226666666666666,0.47406666666666664,0.01180000000000001,0.040700000000000014,2.552639169310645,1.0,1.0
D_120,6,0.5745833333333333,0.5555333333333333,-0.019050000000000022,0.010550000000000018,-3.3154459753444563,1.0,1.0
D_160,6,0.49065000000000003,0.48628333333333323,-0.0043666666666666715,0.02319999999999997,-0.8899758823329607,1.0,1.0
W_163,6,0.33549999999999996,0.28375,-0.05175000000000001,0.04029999999999999,-15.424739195231005,1.0,1.0
Gate RMSD mean (A),6,2.1469333333333336,2.1658666666666666,0.018933333333333358,-0.08915000000000006,0.8818780275742155,1.0,1.0
Gate slope (A/ns),6,0.0013195000000000001,0.0011756666666666667,-0.00014383333333333335,-3.75000000000001e-05,-6.994083799335442,1.0,1.0
delta_D_92,6,0.35996666666666677,0.38714999999999994,0.027183333333333292,-0.06595000000000001,7.551625150476883,1.0,1.0
delta_W_110,6,0.08653333333333334,0.06111666666666668,-0.025416666666666646,0.006500000000000001,-29.372110939907525,1.0,1.0
W_120,6,0.30928333333333335,0.2134,-0.09588333333333332,0.0056999999999999915,-31.001778304682865,1.0,1.0
mean_run_duration_ns,6,0.7987000000000001,0.7896833333333334,-0.009016666666666673,-0.019100000000000034,-1.1289178247986318,1.0,1.0
