res_index,chain,resSeq,resname,D,W,I,R
0,0,1,MET,0.0,0.0,0.0,
1,0,2,ALA,0.0,0.0,0.0,
2,0,3,SER,0.0,0.0,0.0,
3,0,4,GLU,0.0,0.0,0.0,
4,0,5,LEU,0.0,0.0,0.0,
5,0,6,THR,0.0,0.0,0.0,
6,0,7,PRO,0.0,0.0,0.0,
7,0,8,GLU,0.0,0.0,0.0,
8,0,9,GLU,0.0,0.0,0.0,
9,0,10,ARG,0.0,0.0,0.0,
10,0,11,SER,0.0,0.0,0.0,
11,0,12,GLU,0.0,0.0,0.0,
12,0,13,LEU,0.0,0.0,0.0,
13,0,14,LYS,0.0,0.0,0.0,
14,0,15,ASN,0.0,0.0,0.0,
15,0,16,SER,0.0,0.0,0.0,
16,0,17,ILE,0.0,0.0,0.0,
17,0,18,ALA,0.0,0.0,0.0,
18,0,19,GLU,0.0,0.0,0.0,
19,0,20,PHE,0.0,0.0,0.0,
20,0,21,HIS,0.0,0.0,0.0,
21,0,22,THR,0.0,0.0,0.0,
22,0,23,TYR,0.0,0.0,0.0,
23,0,24,GLN,0.0,0.0,0.0,
24,0,25,LEU,0.0,0.0,0.0,
25,0,26,ASP,0.0,0.0,0.0,
26,0,27,PRO,0.0,0.0,0.0,
27,0,28,GLY,0.0,0.0,0.0,
28,0,29,SER,0.0,0.0,0.0,
29,0,30,CYS,0.0,0.0,0.0,
30,0,31,SER,0.0,0.0,0.0,
31,0,32,SER,0.0,0.024,0.024,-0.0006
32,0,33,LEU,0.0,0.0052,0.0052,-0.0
33,0,34,HIS,0.018,0.1612,0.1634,-0.0234
34,0,35,ALA,0.0,0.0,0.0,
35,0,36,GLN,0.0,0.003,0.003,-0.0
36,0,37,ARG,0.0,0.0,0.0,
37,0,38,ILE,0.0,0.0,0.0,
38,0,39,HIS,0.0,0.0,0.0,
39,0,40,ALA,0.0,0.0,0.0,
40,0,41,PRO,0.0,0.0,0.0,
41,0,42,PRO,0.0,0.0,0.0,
42,0,43,GLU,0.0,0.0,0.0,
43,0,44,LEU,0.0,0.0,0.0,
44,0,45,VAL,0.0,0.0,0.0,
45,0,46,TRP,0.0,0.0,0.0,
46,0,47,SER,0.0,0.0,0.0,
47,0,48,ILE,0.0,0.0,0.0,
48,0,49,VAL,0.0,0.0562,0.0562,-0.0032
49,0,50,ARG,0.7016,0.8373,0.928,-0.1259
50,0,51,ARG,0.0172,0.06,0.0697,-0.003
51,0,52,PHE,0.1154,0.1769,0.1972,-0.0121
52,0,53,ASP,0.0,0.0,0.0,
53,0,54,LYS,0.0,0.0,0.0,
54,0,55,PRO,0.0,0.0765,0.0765,-0.0058
55,0,56,GLN,0.0,0.0,0.0,
56,0,57,THR,0.0,0.0667,0.0667,-0.0045
57,0,58,TYR,0.6702,0.7129,0.8786,-0.0375
58,0,59,ALA,0.2631,0.0255,0.2736,0.065
59,0,60,HIS,0.0007,0.0157,0.0157,-0.0002
60,0,61,PHE,0.6237,0.1642,0.6709,0.3083
61,0,62,ILE,0.0157,0.0022,0.018,0.0002
62,0,63,LYS,0.0,0.0,0.0,
63,0,64,SER,0.0,0.0,0.0,
64,0,65,CYS,0.0,0.0,0.0,
65,0,66,SER,0.0,0.0,0.0,
66,0,67,VAL,0.0,0.0,0.0,
67,0,68,GLU,0.0,0.0,0.0,
68,0,69,GLN,0.0,0.0,0.0,
69,0,70,ASN,0.0,0.0,0.0,
70,0,71,PHE,0.0,0.0,0.0,
71,0,72,GLU,0.0,0.0,0.0,
72,0,73,MET,0.0,0.0,0.0,
73,0,74,ARG,0.0,0.0,0.0,
74,0,75,VAL,0.0,0.0,0.0,
75,0,76,GLY,0.0,0.0,0.0,
76,0,77,CYS,0.0,0.0,0.0,
77,0,78,THR,0.0,0.0,0.0,
78,0,79,ARG,0.0,0.0007,0.0007,-0.0
79,0,80,ASP,0.0,0.0,0.0,
80,0,81,ASP,0.0,0.0,0.0,
81,0,82,ILE,0.0,0.0,0.0,
82,0,83,LEU,0.3321,0.0427,0.3643,0.1054
83,0,84,ILE,0.0,0.0,0.0,
84,0,85,SER,0.0,0.0,0.0,
85,0,86,GLY,0.0,0.0007,0.0007,-0.0
86,0,87,LEU,0.1912,0.1244,0.2789,0.0186
87,0,88,PRO,0.3328,0.3846,0.5367,-0.0278
88,0,89,ALA,0.3433,0.4025,0.5817,-0.0344
89,0,90,ASN,0.0,0.0,0.0,
90,0,91,THR,0.0202,0.3831,0.3846,-0.1395
91,0,92,MET,0.6589,0.449,0.8051,0.169
92,0,93,THR,0.0045,0.0607,0.0607,-0.0034
93,0,94,VAL,0.0067,0.0607,0.0675,-0.0036
94,0,95,ARG,0.0,0.0,0.0,
95,0,96,LEU,0.0,0.0,0.0,
96,0,97,ASP,0.0,0.0,0.0,
97,0,98,ILE,0.0,0.0,0.0,
98,0,99,LEU,0.0,0.0,0.0,
99,0,100,ASP,0.0,0.0,0.0,
100,0,101,ASP,0.0,0.0,0.0,
101,0,102,GLU,0.0,0.0,0.0,
102,0,103,ARG,0.0,0.0,0.0,
103,0,104,ARG,0.0,0.0,0.0,
104,0,105,VAL,0.0,0.0052,0.0052,-0.0
105,0,106,THR,0.0,0.003,0.003,-0.0
106,0,107,GLY,0.0,0.0015,0.0015,-0.0
107,0,108,ALA,0.0307,0.039,0.0675,-0.0006
108,0,109,SER,0.0225,0.0082,0.0307,0.0004
109,0,110,VAL,0.2151,0.4528,0.563,-0.1338
110,0,111,ILE,0.0135,0.1027,0.1034,-0.0092
111,0,112,GLY,0.039,0.2969,0.3013,-0.0777
112,0,113,GLY,0.3246,0.5517,0.6072,-0.1379
113,0,114,GLU,0.3598,0.3943,0.5855,-0.0202
114,0,115,HIS,0.6792,0.6949,0.8808,-0.0139
115,0,116,ARG,0.0052,0.0165,0.021,-0.0002
116,0,117,VAL,0.1717,0.2331,0.3231,-0.0199
117,0,118,THR,0.015,0.1417,0.1424,-0.018
118,0,119,ASN,0.0,0.1184,0.1184,-0.014
119,0,120,LEU,0.401,0.2204,0.5195,0.0939
120,0,121,LYS,0.0007,0.0022,0.003,-0.0
121,0,122,THR,0.4903,0.554,0.7706,-0.0491
122,0,123,VAL,0.0127,0.2639,0.2751,-0.0691
123,0,124,THR,0.0397,0.4063,0.4205,-0.1542
124,0,125,THR,0.0,0.0,0.0,
125,0,126,VAL,0.0,0.0,0.0,
126,0,127,HIS,0.0,0.0,0.0,
127,0,128,ARG,0.0,0.0,0.0,
128,0,129,PHE,0.0,0.0,0.0,
129,0,130,GLU,0.0,0.0,0.0,
130,0,131,LYS,0.0,0.0,0.0,
131,0,132,GLU,0.0,0.0,0.0,
132,0,133,ASN,0.0,0.0,0.0,
133,0,134,ARG,0.0,0.0,0.0,
134,0,135,ILE,0.0,0.0,0.0,
135,0,136,TRP,0.0,0.0,0.0,
136,0,137,THR,0.0,0.0,0.0,
137,0,138,VAL,0.0,0.0,0.0,
138,0,139,VAL,0.0,0.0007,0.0007,-0.0
139,0,140,LEU,0.0,0.0,0.0,
140,0,141,LYS,0.4055,0.7736,0.7946,-0.2925
141,0,142,SER,0.0877,0.3786,0.4055,-0.118
142,0,143,TYR,0.1732,0.2691,0.3928,-0.0377
143,0,144,VAL,0.0,0.0,0.0,
144,0,145,VAL,0.0,0.003,0.003,-0.0
145,0,146,ASP,0.0,0.0,0.0,
146,0,147,MET,0.0,0.0,0.0,
147,0,148,PRO,0.0,0.0,0.0,
148,0,149,GLU,0.0,0.0,0.0,
149,0,150,GLY,0.0,0.0,0.0,
150,0,151,ASN,0.0,0.0,0.0,
151,0,152,SER,0.0,0.0,0.0,
152,0,153,GLU,0.0,0.0,0.0,
153,0,154,ASP,0.0,0.0,0.0,
154,0,155,ASP,0.0,0.0,0.0,
155,0,156,THR,0.0,0.0,0.0,
156,0,157,ARG,0.0,0.0007,0.0007,-0.0
157,0,158,MET,0.0,0.0225,0.0225,-0.0005
158,0,159,ILE,0.2931,0.4318,0.5607,-0.0778
159,0,160,MET,0.6792,0.1417,0.7346,0.3949
160,0,161,ASP,0.0,0.033,0.033,-0.0011
161,0,162,THR,0.0,0.1004,0.1004,-0.0101
162,0,163,GLY,0.6559,0.3658,0.7429,0.2155
163,0,164,ILE,0.6334,0.4565,0.7804,0.1381
164,0,165,LYS,0.0,0.0,0.0,
165,0,166,LEU,0.0495,0.0847,0.1214,-0.0043
166,0,167,ILE,0.6049,0.2976,0.7226,0.2221
167,0,168,LEU,0.0037,0.0435,0.045,-0.0018
168,0,169,GLN,0.0,0.0,0.0,
169,0,170,LYS,0.0,0.0,0.0,
170,0,171,LEU,0.0,0.0045,0.0045,-0.0
171,0,172,ALA,0.0,0.0,0.0,
172,0,173,THR,0.0,0.0,0.0,
173,0,174,VAL,0.0,0.0,0.0,
174,0,175,ALA,0.0,0.0,0.0,
175,0,176,GLU,0.0,0.0,0.0,
176,0,177,ALA,0.0,0.0,0.0,
177,0,178,MET,0.0,0.0,0.0,
178,0,179,ALA,0.0,0.0,0.0,
179,0,180,ARG,0.0,0.0,0.0,
180,0,181,ASN,0.0,0.0,0.0,
