seq_id,mean_n_hydrophobic,std_n_hydrophobic,occ_n_hydrophobic_gt0,mean_n_polar,std_n_polar,occ_n_polar_gt0,mean_n_pos_charged,std_n_pos_charged,occ_n_pos_charged_gt0,mean_n_neg_charged,std_n_neg_charged,occ_n_neg_charged_gt0,mean_n_other,std_n_other,occ_n_other_gt0,mean_n_total,std_n_total,occ_n_total_gt0,mean_frac_hydrophobic,std_frac_hydrophobic
bind_019_binder,14.588489443221652,2.2064826399239026,1.0,1.441672780630961,0.7861303241113665,0.9129371484470532,1.9811689899730984,0.7621010950849502,0.9971468166625906,0.5602021684193365,0.5036987751334602,0.5565337898426673,0.0,0.0,0.0,18.571533382245047,2.514294009610423,1.0,0.7852798635427829,0.0501579643191559
bind_020_binder,13.961359745659085,1.2078951615940567,1.0,2.8621504850411674,0.861856984837914,0.9988587266650364,0.9943751528491074,0.2724566890188184,0.9618488628026411,0.0486671557838102,0.2151712428084305,0.0486671557838102,0.0,0.0,0.0,17.86655253933317,1.4518310375561996,1.0,0.7822116855912977,0.0435203091403287
bind_022_binder,12.94342545039537,1.8591193820483356,1.0,2.2176571288823674,1.06290512264164,0.9598108747044918,2.524904214559387,0.6108407463625999,0.999429363332518,1.0101899404907475,0.1126708940639681,0.9986956876171844,0.0,0.0,0.0,18.69617673432787,2.624679396180293,1.0,0.6933316184029634,0.0439166350311896
bind_034_binder,13.532322491236652,1.4082040226876604,1.0,3.603081438004402,0.5513054326671568,1.0,0.8112823021113557,0.4618059517260774,0.7817722344501508,8.151952392598027e-05,0.0090284482882275,8.151952392598027e-05,0.0,0.0,0.0,17.946767750876337,1.5355423214700723,1.0,0.7535284426543498,0.0366415008173297
bind_041_binder,14.280753240401076,1.494728266234388,1.0,1.6224830846987854,0.903455643379856,0.9158718513083884,1.272275209912774,0.6930815333072096,0.9189695932175757,0.0954593625173229,0.3567487542177987,0.0749979620119018,0.0,0.0,0.0,17.27097089752996,1.6576496785274426,1.0,0.8276949785718292,0.052188141247516
bind_043_binder,14.119915219695116,1.3478243086496529,1.0,1.2316784869976358,0.4836589284540756,0.9799461971142088,2.467351430667645,0.9105091999413438,0.99959240238037,0.3797179424472161,0.4853166251333956,0.3797179424472161,0.0,0.0,0.0,18.198663079807613,1.900278606323472,1.0,0.777905892908914,0.0468015674236951
bind_069_binder,17.489850819271215,1.221645438664724,1.0,1.0675796853346375,0.264619255766362,0.999836960952148,1.5773212684437925,0.5620690718665791,1.0,0.0409228010108421,0.1993420239483511,0.0406782424390641,0.0,0.0,0.0,20.175674574060487,1.2954517602507791,1.0,0.8670655140228786,0.0310526912142726
bind_076_binder,13.339447297627782,1.6148345643776605,1.0,5.657291921415179,0.9146888437618408,1.0,1.1336104997146816,0.5269312180898675,0.9445667237303336,0.0005706366674818,0.0238811859269088,0.0005706366674818,0.0,0.0,0.0,20.130920355425125,2.0495162818132786,1.0,0.6625731870082144,0.0431181869116203
bind_080_binder,14.126110703513492,1.7028813530953557,1.0,1.1558653297464745,0.6381773724029727,0.8873400179342953,2.217820167930219,0.7920688060403059,0.9974728947582946,0.181462460259232,0.385400876719162,0.181462460259232,0.0,0.0,0.0,17.681258661449416,2.074697854688813,1.0,0.799993931457009,0.0490290999997542
bind_083_binder,15.680035868590528,1.4406873621094192,1.0,0.9644574875682728,0.7831947013431154,0.7268280753240401,1.967066112333904,0.6220516802733218,0.9990217657128884,0.0014673514306676,0.0382779089090112,0.0014673514306676,0.0,0.0,0.0,18.613026819923373,1.7791588567070735,1.0,0.8442022812571168,0.0505780219007346
bind_088_binder,12.330072552376294,1.5959958515760666,1.0,4.937229966576995,1.409816261934786,1.0,0.6806880247819352,0.577438862366397,0.6229722018423413,0.0002445585717779,0.0156364562124194,0.0002445585717779,0.0,0.0,0.0,17.948235102307002,1.7781526353633037,1.0,0.6880215457162105,0.069683270666406
bind_099_binder,14.98173962664058,1.5679472055589727,1.0,2.911062199396756,0.9823571579015608,0.991766528083476,0.6671557838102226,0.8791859226753832,0.4307491644248797,0.0,0.0,0.0,0.0,0.0,0.0,18.55995760984756,1.726527148814767,1.0,0.8073747131276873,0.0422309223389378
bind_100_binder,14.562240156517486,1.527744811710675,1.0,0.8806554169723649,0.8050990758437594,0.6343849351919785,1.735713703431972,0.909770691917144,0.9183174370261676,0.0056248471508926,0.0747877546488844,0.0056248471508926,0.0,0.0,0.0,17.184234124072717,1.7321597810536984,1.0,0.8490510795700673,0.0587938027617349
bind_101_binder,13.50639928262819,1.541952860385145,1.0,2.157414200701068,0.8760759227682532,0.9787234042553192,1.529143229803538,0.9351836502616686,0.8327219369038885,0.0019564685742235,0.0441886954428573,0.0019564685742235,0.0,0.0,0.0,17.19491318170702,1.6206401485578197,1.0,0.7852619460638728,0.0471284983260127
bind_102_binder,12.367408494334391,1.4242393210982924,1.0,2.9552457813646367,0.6955371327177684,0.9956794652319232,0.5227847069373115,0.6688873307381901,0.4248797587022092,0.549849188880737,0.4975088525523266,0.549849188880737,0.0,0.0,0.0,16.395288171517077,2.101683628244295,1.0,0.7574231604150002,0.0558420937037668
bind_110_binder,14.23404255319149,1.764736687417727,1.0,2.788375315888155,0.9710332357657684,0.9861416809325834,0.9228010108420966,0.6535698483649097,0.7794896877802233,0.0,0.0,0.0,0.0,0.0,0.0,17.94521887992174,1.9278835300986032,1.0,0.7932593230102031,0.0516483898643898
pair_3061_binder,12.291106219939676,1.818347558776728,1.0,3.951903480883672,0.9056592743753212,1.0,1.3526534605037908,0.5082206037767977,0.9962501018994048,0.0070921985815602,0.0839160252921931,0.0070921985815602,0.0,0.0,0.0,17.6027553599087,2.074255878026803,1.0,0.6971736401492284,0.046744015649307
pair_3078_binder,13.599331539903806,1.5228408138543856,1.0,1.231352408901932,0.8447335574243203,0.8589712236080541,3.1460014673514305,1.0396677616115682,0.9992663242846662,0.6869650281242358,0.5574477548143902,0.6391130675796853,0.0,0.0,0.0,18.663650444281405,1.546913760007451,1.0,0.7287708492586373,0.0564941450306092
pair_3080_binder,13.210809488872584,1.3220618792015302,1.0,3.292573571370343,1.026944149644122,0.9966576995190348,1.9686149832884976,0.321623212587648,1.0,0.0030977419091872,0.0555710887445199,0.0030977419091872,0.0,0.0,0.0,18.47509578544061,1.7770293623708937,1.0,0.7160698875371848,0.0424573341038788
nonb_006_nb,11.785603652074672,1.3287441690105042,1.0,1.2536887584576506,0.8051619042112806,0.8323143392842586,1.479253281160838,0.8476260232435335,0.8786174288742153,0.0172006195483818,0.130018299617914,0.0172006195483818,0.0,0.0,0.0,14.535746311241542,1.5418689989709955,1.0,0.8127223247991364,0.0637035292915014
nonb_008_nb,12.837042471671966,1.4210349523961556,1.0,3.4051520339121217,0.5830682338930262,1.0,2.9393494741990707,0.4593951890704808,1.0,0.9772560528246516,0.1616774479965604,0.975299584250428,0.0,0.0,0.0,20.15880003260781,1.4594504867239677,1.0,0.6357414339507018,0.0405249983377855
nonb_009_nb,17.096437596804435,1.6025300552221489,1.0,1.901279856525638,0.4337075256907072,0.999755441428222,2.610581234205592,0.5269880049539062,0.9991848047607402,0.0004075976196299,0.0201849320982353,0.0004075976196299,0.0,0.0,0.0,21.608706285155296,1.6794518220225725,1.0,0.7906605938294626,0.0298991564046971
nonb_010_nb,12.268688350860032,1.3519247740651157,1.0,2.111600228254667,0.602717906510458,0.9970652971386648,3.282872748023152,0.7422561037896003,0.999755441428222,1.3244477052254016,0.4963959234226746,0.9867938371239912,0.0,0.0,0.0,18.98760903236325,2.047932120435809,1.0,0.6471567821601475,0.0400379629607428
nonb_011_nb,15.487894350696992,2.271190663041321,1.0,1.45447134588734,1.311738869173834,0.7568272601288009,1.9038069617673432,0.7146176761006355,0.992255645227032,0.5806635689247575,0.4936156680011007,0.5805820494008315,0.0,0.0,0.0,19.426836227276432,2.500168503557156,1.0,0.7965632558764669,0.0501545368292305
nonb_013_nb,13.99290780141844,1.2625624701739806,1.0,4.032363250998614,0.5862582081879719,1.0,2.350941550501345,0.4816851605324871,1.0,1.218879921741257,0.4444624465572629,0.9867123176000652,0.0,0.0,0.0,21.595092524659652,1.5528468104610806,1.0,0.6476258248354005,0.0294635694863934
nonb_014_nb,12.13589304638461,1.653739701568628,1.0,5.521235835982718,0.8265790382996233,1.0,1.321920599983696,1.1963687739607798,0.624113475177305,0.4903399364147713,0.5000697173588711,0.4902584168908453,0.0,0.0,0.0,19.469389418765797,1.8523658192406465,1.0,0.6246467386468996,0.0739191031169236
nonb_017_nb,13.300888562810794,1.3888661702943033,1.0,2.280508681829298,0.7867912586581366,0.999918480476074,2.3520828238363087,0.591532482405805,1.0,0.0997798972853998,0.3005211914768587,0.0995353387136219,0.0,0.0,0.0,18.0332599657618,1.542909001107636,1.0,0.7377217869514682,0.0471057486756088
nonb_018_nb,14.190185049319313,1.6028450056589425,1.0,2.747534034401239,0.7900659457448047,0.999836960952148,2.474769707344909,0.9815673496628368,0.9979620119018504,0.0023640661938534,0.0485641574093951,0.0023640661938534,0.0,0.0,0.0,19.414852857259312,2.086532174835181,1.0,0.7322395953408877,0.0510694143606591
nonb_019_nb,14.931197521806473,1.9761340100135656,1.0,3.086736773457243,0.5392941587847162,0.9990217657128884,1.255645227031874,0.6477064506453153,0.8957365288986713,0.0011412733349637,0.0337634540611387,0.0011412733349637,0.0,0.0,0.0,19.274720795630557,2.0778872993546096,1.0,0.7732942317988637,0.0443769647386622
nonb_021_nb,14.45365615064808,1.8947698352550468,1.0,1.756175103937393,1.0058004001408598,0.9166055270237222,1.595989239422842,0.6889006173133653,0.9431808918235918,8.151952392598027e-05,0.0090284482882275,8.151952392598027e-05,0.0,0.0,0.0,17.80590201353224,1.9478999545247997,1.0,0.8128232898223037,0.0734743131805004
nonb_022_nb,13.971957283769465,1.377134345632146,1.0,0.8108747044917257,0.9367904614510072,0.5063992826281895,2.001141273334964,0.8528281714171799,0.9825548218798402,0.0682318415260454,0.2521433269551469,0.0682318415260454,0.0,0.0,0.0,16.8522051031222,2.037814998762744,1.0,0.8341282850629207,0.0702977402957865
nonb_023_nb,18.77329420396185,1.4111705184363257,1.0,1.2589875275128393,0.6925871118959231,0.9810059509252466,1.063585228662265,0.2579783448583745,1.0,0.0,0.0,0.0,0.0,0.0,0.0,21.095866960136952,1.263945941302543,1.0,0.8898086181144872,0.039189319170361
nonb_024_nb,13.821227684030326,1.3780397027217806,1.0,3.325833537132143,0.6421667990274152,1.0,1.566153093665933,0.6636681628506216,0.93388766609603,0.020298361457569,0.1410189277356304,0.020298361457569,0.0,0.0,0.0,18.73351267628597,1.795528374563858,1.0,0.7385897436735557,0.040622830104113
nonb_025_nb,14.634629493763756,1.4047982091971634,1.0,0.7282139072307817,0.9453936052135256,0.4871606749816581,2.900790739382082,0.3164290763880485,1.0,0.574468085106383,0.4945882563794256,0.574386565582457,0.0,0.0,0.0,18.838102225483,1.621784300472303,1.0,0.7778972139932664,0.05257345588522
nonb_026_nb,11.56623461318986,1.130836602809382,1.0,4.828319882611885,0.902630670358068,1.0,1.5486263960218472,0.6831983269322031,0.950762207548708,0.6113964294448521,0.4879343733029002,0.6111518708730741,0.0,0.0,0.0,18.554577321268443,1.9115565121035736,1.0,0.6257761344646551,0.0522408033516356
nonb_029_nb,12.951006766120486,1.5957664671334753,1.0,2.116083802070596,0.9215010325992902,0.9779082090160592,2.128311730659493,0.742673644672676,0.9765223771093176,0.1539088611722507,0.3608613634415737,0.1539088611722507,0.0,0.0,0.0,17.349311160022825,1.7790251368946304,1.0,0.7475348197089925,0.0658103861845131
nonb_032_nb,13.88236732697481,1.4170138556574476,1.0,1.066193853427896,0.5518852864933359,0.9110621993967556,3.0922801010842096,0.3798051747688215,1.0,0.4016466943833048,0.4902311977774048,0.4016466943833048,0.0,0.0,0.0,18.442487975870225,1.5872282933116375,1.0,0.7525156409715712,0.038053703463303
nonb_046_nb,15.876742479823918,2.0844569653569303,1.0,2.3864025434091465,0.7668889671141189,0.98418521235836,2.515774027879677,0.98574240242212,0.9903806961767344,0.6537865818863617,0.5254299161891691,0.6289231270889378,0.0,0.0,0.0,21.432705632999102,2.8253011246479347,1.0,0.7421444110557791,0.0446781689322791
nonb_047_nb,15.693894187657945,1.47873083231258,1.0,2.885057471264368,0.8458189640450667,0.9964131409472567,1.6796282709708976,0.537721849311672,0.9685334637645716,0.0022010271460014,0.0468634465815739,0.0022010271460014,0.0,0.0,0.0,20.26078095703921,2.003843248715326,1.0,0.7764555208007816,0.0483577471188294
nonb_048_nb,11.32550745903644,1.999658581685552,1.0,1.177712562158637,0.8386884242480342,0.7468818782098312,3.4352327382408085,0.8284544097898289,1.0,1.756419662509171,0.4311372718255781,0.9991848047607402,0.0,0.0,0.0,17.694872421945057,2.520364719701884,1.0,0.6381227701561822,0.0552054355792861
nonb_049_nb,14.525311812179018,1.421311510853394,1.0,2.302111355669683,0.6275108733201433,1.0,2.822205918317437,0.61827492872577,1.0,0.5902013532240972,0.4917964171042135,0.5902013532240972,0.0,0.0,0.0,20.239830439390232,1.583686780061114,1.0,0.7176966757607859,0.0441332218269957
nonb_050_nb,8.634058857096274,1.5182992970160956,0.9984511290454064,0.8122605363984674,0.7430357082222204,0.6353631694790902,2.384609113882775,0.6296532460775558,0.9962501018994048,0.1158392434988179,0.3235785218990392,0.1151870873074101,0.0,0.0,0.0,11.946767750876337,2.10656505131584,0.9985326485693324,0.7246559794455923,0.0731022000976399
nonb_051_nb,13.14135485448765,1.2862464097335355,1.0,0.8764164017282139,0.6234884560401708,0.743621097252792,3.429281812994212,0.8422197731643434,1.0,0.3484959647835656,0.476493995044153,0.3484959647835656,0.0,0.0,0.0,17.79554903399364,1.72323272262477,1.0,0.7407471114610702,0.0593747810845629
nonb_052_nb,13.423575446319392,1.691719314752243,1.0,0.8772315969674737,0.5185961247203439,0.7997065297138665,2.689003016222385,0.7389602981470524,0.9988587266650364,0.2776554984918888,0.4575664227553365,0.2732534441998859,0.0,0.0,0.0,17.267465558001142,1.8447408608203475,1.0,0.7771222467414565,0.0491779524073848
nonb_053_nb,11.5986793837124,1.5306786009404052,1.0,2.557838102225483,0.7118300606569181,0.999673921904296,2.153501263552621,0.4305483734843696,1.0,0.1661367897611478,0.3752571165466891,0.164995516426184,0.0,0.0,0.0,16.47615553925165,1.6282382060370808,1.0,0.703006856613187,0.0507108797002949
nonb_054_nb,13.07075894676775,1.4063691092411916,1.0,3.942121138012554,0.9228362824849916,1.0,2.9888318252221406,0.3524096279321141,1.0,0.7161490176897367,0.4596395495347501,0.7121545610173636,0.0,0.0,0.0,20.717860927692183,1.767862445731341,1.0,0.6308237811564585,0.0394589092408718
nonb_056_nb,12.667400342382,1.5343939625227223,0.999918480476074,1.5525393331702944,1.2933882065673723,0.7431319801092362,2.425450395369691,1.0712976624399615,0.9804353142577648,0.0491562729273661,0.2161942038058754,0.0491562729273661,0.0,0.0,0.0,16.694546343849353,1.871916968050075,0.999918480476074,0.7603309594892433,0.0613779108605591
nonb_066_nb,13.056900627700337,1.5766672008141698,1.0,1.3115676204450966,0.5111608798302053,0.9947012309448112,2.5267791636096844,0.9821905204036376,0.9598923942284175,0.4416727806309611,0.5166989611584014,0.4314828401402136,0.0,0.0,0.0,17.336920192386078,1.9200305705306095,1.0,0.7547934030328992,0.0664026570530566
nonb_067_nb,12.664302600472814,1.2225163351363906,1.0,4.549115513165403,1.0547558083372426,1.0,1.975544142822206,0.4340094094718703,1.0,0.0859215782179832,0.2802482125090438,0.0859215782179832,0.0,0.0,0.0,19.274883834678405,1.5633960988772313,1.0,0.6578876841166191,0.0489128142674274
nonb_068_nb,12.030406782424391,1.3138605637594651,1.0,4.056819108176408,1.111439479213086,0.999510882856444,2.819026656884324,0.6183413821770521,0.999918480476074,0.0020379880981495,0.0450980565286499,0.0020379880981495,0.0,0.0,0.0,18.908290535583276,1.7223002995178696,1.0,0.6371023331401119,0.0518620618383561
nonb_071_nb,14.455123502078749,1.69809078333912,1.0,1.235428385098231,0.5628424484134659,0.9368223689573651,2.476074019727725,0.9307885391106993,0.999510882856444,0.5847395451210565,0.605850611913424,0.5226216678894595,0.0,0.0,0.0,18.75136545202576,1.7400022354297269,1.0,0.7711396858019828,0.0607234708910187
nonb_072_nb,11.304067824243909,1.3106354590655231,1.0,6.203146653623543,1.1676098810673865,1.0,1.78544061302682,0.5882798479853429,1.0,0.0597538110377435,0.2370301523102265,0.0597538110377435,0.0,0.0,0.0,19.35240890193201,1.7286714288310912,1.0,0.5850611244963052,0.0545669768593265
nonb_073_nb,12.752099127741094,1.2539700856008074,1.0,2.8574223526534603,0.7991207207742922,0.999918480476074,1.4494986549278552,0.9302513668384662,0.9801907556859868,0.3106709056819108,0.5317837278352615,0.2763511861090731,0.0,0.0,0.0,17.36969104100432,1.8017511641748416,1.0,0.7368272205495087,0.0591518974507011
nonb_074_nb,13.617021276595745,1.4576650205356378,1.0,1.8633732779000567,0.7146474145923575,0.9928262818945136,1.93307247085677,0.3862447519944509,0.999429363332518,0.0052172495312627,0.0720418617096426,0.0052172495312627,0.0,0.0,0.0,17.418684274883834,1.658100696077734,1.0,0.7819527644893044,0.0442724227434286
nonb_075_nb,14.707426428629656,2.173957360452727,1.0,2.258579929893209,0.9240226853689492,0.9530447542186352,2.340262492867041,0.6399478479742887,0.999918480476074,0.0,0.0,0.0,0.0,0.0,0.0,19.30626885138991,2.915963097551572,1.0,0.763320001081697,0.0421729055812461
nonb_080_nb,11.666340588570964,1.7269209045673903,1.0,1.835004483573816,0.9405604043309884,0.9316866389500286,3.019727724790087,0.3160377055092672,1.0,0.0128800847803048,0.1127572090660151,0.0128800847803048,0.0,0.0,0.0,16.53395288171517,1.7115408810651644,1.0,0.7037460303605618,0.0559929154319719
nonb_081_nb,10.638542430912205,1.158341084007727,1.0,1.3829787234042554,0.6034307204143979,0.9867123176000652,2.8905192793674086,0.3731389669981706,1.0,0.1214640906497106,0.3281597166311873,0.1209749735061547,0.0,0.0,0.0,15.033504524333578,1.383067008176853,1.0,0.7076737848476115,0.042966335544917
nonb_082_nb,14.413956142496128,1.3526941950879694,0.999918480476074,1.2283361865166706,0.7747666331913399,0.8352490421455939,2.252302926550909,0.6514603771517424,0.999918480476074,0.0049726909594847,0.070341760740731,0.0049726909594847,0.0,0.0,0.0,17.89956794652319,1.4661270853788566,0.999918480476074,0.8058115395961835,0.0471417452646604
nonb_085_nb,15.38958180484226,1.982091266175902,0.9989402461889624,0.8284829216597375,0.7464558834981303,0.6276188147061221,2.737425613434417,0.6942947167704856,0.9983696095214804,1.1565174859378822,0.492834977525845,0.9445667237303336,0.0,0.0,0.0,20.112007825874297,2.664711028550019,0.9991032852368142,0.7661577099680676,0.0538591235426242
nonb_086_nb,13.475258824488463,1.2981177641565007,1.0,3.0714926224830847,1.01606485321383,0.9929078014184396,2.0556778348414446,0.4764762268470601,0.999836960952148,0.0,0.0,0.0,0.0,0.0,0.0,18.602429281812995,1.5156596138865972,1.0,0.7247285651097208,0.0447967733554433
nonb_087_nb,14.4615635444689,1.3261185090673702,1.0,3.247982391782832,0.8321041344886658,1.0,1.2050216026738405,0.4105253618692236,1.0,1.9029102470041572,0.3028849766088569,0.9979620119018504,0.0,0.0,0.0,20.81747778592973,1.3761862906252866,1.0,0.6948782064091784,0.0473934222724171
nonb_088_nb,14.928914975136545,1.186869202214175,1.0,3.525230292655091,0.5912972575291503,1.0,2.131572511616532,0.6765977088547748,0.9638868509007908,8.151952392598027e-05,0.0090284482882275,8.151952392598027e-05,0.0,0.0,0.0,20.58579929893209,1.4210119579882412,1.0,0.7254392599605539,0.0342666063428633
nonb_089_nb,7.87405233553436,2.401400552907628,0.9885057471264368,2.3037417461482024,1.0095435309354697,0.983206978071248,2.3291758376131084,1.225552913409096,0.9855710442651014,0.7121545610173636,0.5271327125395995,0.677916360968452,0.0,0.0,0.0,13.219124480313036,3.721701666107478,0.9894024618896226,0.5886113756613462,0.0920853321281389
nonb_115_nb,16.354202331458385,1.455180541792939,1.0,0.7461482024944974,0.5007132356959071,0.7157414200701068,1.943180891823592,0.6761008360858964,0.979538599494579,0.0025271052417053,0.0502067623015339,0.0025271052417053,0.0,0.0,0.0,19.04605853101818,1.612976666117704,1.0,0.8592800764729535,0.0407974163957401
nonb_116_nb,13.69316051194261,1.9213154818101448,1.0,0.925735713703432,0.8662651794609296,0.6334882204287927,2.1766528083475998,0.5356906637099506,0.9986956876171844,0.4605853101817885,0.501541846844031,0.4590364392271949,0.0,0.0,0.0,17.25613434417543,1.9783046374753872,1.0,0.7933071561388838,0.0639621873675556
nonb_117_nb,14.376294122442324,1.243652714354941,1.0,1.0844542267873156,0.807082522330787,0.7718268525311812,2.4578136463683053,0.7129288834737576,0.9992663242846662,8.151952392598027e-05,0.0090284482882275,8.151952392598027e-05,0.0,0.0,0.0,17.91864351512187,1.555966755712977,1.0,0.8037080649343931,0.0469580692179726
pair_0091_nb,15.925083557512025,1.553275314910126,1.0,1.5887340017934295,0.5349269294452776,0.999918480476074,3.4108584005869407,0.512282789322047,1.0,0.0041574957202249,0.0643444710100355,0.0041574957202249,0.0,0.0,0.0,20.92883345561262,1.5781294335085423,1.0,0.760281069231841,0.0357916274677644
pair_0272_nb,14.751691530121464,1.261634609565429,1.0,2.7331050786663407,0.980954446088032,0.9951088285644412,1.9060079889133448,0.2926544550867067,1.0,0.0,0.0,0.0,0.0,0.0,0.0,19.39080459770115,1.4982526372674012,1.0,0.7615598053395204,0.0448922885738432
pair_0506_nb,13.271704573245293,1.4027366333549278,1.0,0.7382408086736774,0.620463727671826,0.6426184071085025,2.0349718757642457,0.5290914910733645,0.9972283361865166,1.0128800847803048,0.441209435074937,0.90975788701394,0.0,0.0,0.0,17.05779734246352,1.7115745322623692,1.0,0.7788713961537865,0.0454707829320082
pair_0567_nb,14.833781690714924,1.6883664604916186,1.0,0.8049237792451293,0.5436953922234712,0.7375071329583435,2.087878046792207,0.6997925291744106,0.9971468166625906,0.0008967147631857,0.0299317668342392,0.0008967147631857,0.0,0.0,0.0,17.727480231515447,1.9082220407508608,1.0,0.8374692135805945,0.0464754559752572
pair_0736_nb,15.77492459444037,1.4858800329035486,1.0,1.4159126110703513,0.6135619701495112,0.9560609766038968,1.830357870710035,0.7051716357485726,0.9977989728539984,0.0,0.0,0.0,0.0,0.0,0.0,19.02119507622076,1.7472681697196666,1.0,0.8301607196475378,0.0405438371022573
pair_0782_nb,12.49987772071411,1.660584397436917,1.0,2.381185293877884,0.760330209218587,0.9707344909105732,0.7000081519523926,0.720838325162766,0.5480557593543653,0.6765305290617103,0.6771295095117142,0.5571044265101491,0.0,0.0,0.0,16.2576016956061,2.0897366235033963,1.0,0.7708504564436486,0.0619426906163787
pair_0811_nb,15.809244314013206,1.6341816238563596,1.0,2.6003097741909187,0.926645097003139,0.9944566723730334,1.866634058857096,0.4250082904825546,0.999429363332518,0.0366837857666911,0.1879842696305056,0.0366837857666911,0.0,0.0,0.0,20.312871932827917,2.004096186861487,1.0,0.779060319879731,0.0423630533088725
pair_0822_nb,12.218553843645552,1.412282850687262,1.0,3.0724708567701966,0.8284190342954972,0.999510882856444,1.0141028776391945,0.7693356946851541,0.7399527186761229,0.1824406945463438,0.3866292353347008,0.1822776554984919,0.0,0.0,0.0,16.487568272601287,1.9961823464670247,1.0,0.7443358629905592,0.0645495992394415
pair_1654_nb,13.357789190511127,1.2592743333560306,1.0,3.190348088367164,0.710960506458063,1.0,0.975951740441836,0.6009357776599741,0.8107116654438739,0.0622809162794489,0.2420021545248991,0.0621993967555229,0.0,0.0,0.0,17.586369935599578,1.6750155538099332,1.0,0.7610338182074516,0.0467370763345976
cdca_001_binder,13.45406374826771,1.1966797672416698,1.0,2.326567212847477,0.6977220002796007,0.9784788456835412,1.574386565582457,0.4962459756886885,0.9991848047607402,0.586777533219206,0.5981122524741704,0.5292247493274639,0.0,0.0,0.0,17.94179505991685,1.8309682976192732,1.0,0.7523565589120309,0.045843953747588
glca_001_binder,11.310996983777615,1.3024218997057606,1.0,4.605282465150403,1.004545700595307,1.0,3.723648813890927,0.492477816286727,1.0,0.9475829461155948,0.607639728898899,0.7878046792206733,0.0,0.0,0.0,20.58751120893454,1.8252239939146957,1.0,0.5497079795669423,0.0453440860046761
lca3s_001_binder,14.354365370506237,2.287385593898234,1.0,1.4276514225156924,0.6032803886384674,0.9946197114208852,3.603244477052254,0.4898905328230118,1.0,0.462541778756012,0.5507976050596946,0.4351512187168826,0.0,0.0,0.0,19.847803048830198,3.00477661487032,1.0,0.7230923779532912,0.0353385536746106
lca_001_binder,11.661286378087553,1.780844353477064,0.9986956876171844,2.3625173228988343,0.7181675925900721,0.9979620119018504,2.55343604793348,0.7960591505901112,0.9968207385668868,0.6590853509415505,0.7042647419411724,0.5234368631287193,0.0,0.0,0.0,17.236325099861418,2.6975451997683915,0.9987772071411104,0.6791543854886006,0.067587357714171
pair_0008_low_pkt,10.729762778185377,1.006992897442112,1.0,0.908698133202902,0.7204826777379574,0.7309855710442651,2.970652971386647,0.2933233103874665,1.0,1.185701475503383,0.5283957702925323,0.938208200864107,0.0,0.0,0.0,15.794815358278308,1.263084296435795,1.0,0.6799738402106986,0.0445514094005543
pair_0065_low_pkt,13.80003260780957,1.380449028252014,1.0,1.4021358115268607,1.1664749883325038,0.6548463356973995,2.4978397326159616,0.8450843167870064,0.999429363332518,0.3318659819026657,0.4714022370566363,0.3316214233308877,0.0,0.0,0.0,18.03187413385506,1.790269643398968,1.0,0.7673785495030312,0.0568550909917297
pair_0393_low_pkt,10.99168500855955,1.5200931833684348,0.999673921904296,2.117388114453412,0.9756537864489816,0.9966576995190348,1.91848047607402,0.5792870865642931,0.9930708404662916,0.8066356892475748,0.6215695686682908,0.6921822776554984,0.0,0.0,0.0,15.834189288334557,1.523671030553527,0.999673921904296,0.6951137327329835,0.081737509204245
pair_0482_low_pkt,12.13956142496128,1.4853176935894523,1.0,1.8557919621749408,0.8504309123609444,0.958669601369528,2.6585147142740686,0.4769504273236807,1.0,1.0386402543409146,0.6064572319044106,0.834678405478112,0.0,0.0,0.0,17.6925083557512,1.702456075831506,1.0,0.6858396304774382,0.0490757229219952
pair_0947_low_pkt,13.082008641069535,1.440810667662782,1.0,3.235672943670009,0.6189626982844868,0.9991032852368142,2.72845846580256,0.6044922419642423,1.0,1.0505421048341077,0.4636157735382322,0.917013124643352,0.0,0.0,0.0,20.09668215537621,1.6087854646313924,1.0,0.6505901440892906,0.0453572282150536
pair_0948_low_pkt,13.823021113556695,1.458559901696592,1.0,0.640417379962501,0.8112320389185891,0.4352327382408086,2.3460503790657863,0.5137718698683441,1.0,1.8365533545284096,0.5339451030779838,0.9960055433276268,0.0,0.0,0.0,18.646042227113394,1.7619640839019657,1.0,0.7420904561873243,0.0489765132118864
pair_1331_low_pkt,13.39300562484715,1.7616217850300473,1.0,5.109562240156517,1.0131904314337332,1.0,1.0403521643433602,0.2119418575801891,0.9969022580908128,0.0013858319067416,0.0372009593514457,0.0013858319067416,0.0,0.0,0.0,19.54430586125377,1.8629725737381144,1.0,0.6843434199359327,0.0492270515493167
pair_1413_low_pkt,12.205918317437026,2.12578011287579,1.0,0.5190348088367164,0.7076141672865016,0.4033586043857504,2.799380451618162,1.1283952702073807,0.9979620119018504,1.6845194424064562,0.7365594261303614,0.984103692834434,0.0,0.0,0.0,17.20885302029836,3.198226950331234,1.0,0.7138068313782121,0.0689662057532239
pair_1931_low_pkt,14.260780957039213,1.3389695534641797,1.0,2.5227847069373115,0.9883309413336088,0.9853264856933236,1.9937229966576997,0.0820165819508293,1.0,2.004075976196299,0.2791344681175801,1.0,0.0,0.0,0.0,20.78136463683052,1.7710667013458987,1.0,0.6867833555796176,0.0387468811486818
pair_0014_fail_gate,12.864596070758946,1.0446966330712724,1.0,0.8242439064155865,0.4353602970687583,0.8019075568598679,2.6048748675307736,0.8136876497380554,1.0,1.8372055107198173,0.4041743750952212,1.0,0.0,0.0,0.0,18.130920355425125,1.3683272218631517,1.0,0.710479955411356,0.0430684404389524
pair_0263_fail_gate,11.597375071329584,0.9891576345868902,1.0,2.656639765223771,0.6029577576258991,0.99959240238037,2.843890111681748,0.7832751607768872,1.0,0.2232004565093339,0.4183448376661035,0.2223852612700741,0.0,0.0,0.0,17.321105404744436,1.4227239000917806,1.0,0.6713064690478041,0.0515109025542731
pair_0540_fail_gate,15.216923453167034,1.1915905540554208,1.0,2.6329991032852367,0.9831780662985486,0.999918480476074,1.6546017771256216,0.6901907192670437,0.9726909594847966,0.945952555637075,0.2261112958716601,0.945952555637075,0.0,0.0,0.0,20.45047688921497,1.4988559728042792,1.0,0.7449694936704694,0.0417621777703774
pair_0715_fail_gate,11.77288660634222,1.3526137809948435,1.0,5.606505258009293,1.217170198366633,1.0,1.1511371973587674,0.6712845466243286,0.8662264612374664,0.1143718920681503,0.3182624111843899,0.1143718920681503,0.0,0.0,0.0,18.64490095377843,1.8347654104569824,1.0,0.6325039530709714,0.0540201305304961
pair_0997_fail_gate,13.48406293307247,1.1990877997857303,1.0,2.9235346865574305,0.8418748140758652,1.0,3.168745414526779,0.6624159540801416,1.0,0.1764082497758213,0.3811671276315059,0.1764082497758213,0.0,0.0,0.0,19.7527512839325,1.5461460973908094,1.0,0.6838848228435752,0.050831826228622
pair_1094_fail_gate,12.916524007499795,1.4748930178743804,1.0,0.4513736039781528,0.7049270726646651,0.3506154724056411,2.8259558164180323,0.4530105150914747,0.999755441428222,1.082579277737018,0.41270157302776,0.9527186761229316,0.0,0.0,0.0,17.276432705633,1.603666640543442,1.0,0.7472797552951537,0.0447651252320386
pair_1682_fail_gate,11.581315725116164,1.42213566266001,0.999918480476074,1.1220347273171924,0.6704656987012296,0.8676938126681341,1.966576995190348,0.4082279791846235,0.9993478438085922,1.6263145023233063,0.6096307102581612,0.9393494741990708,0.0,0.0,0.0,16.296241949947014,1.665895070936948,0.999918480476074,0.7102889364860868,0.0464127952986146
pair_1739_fail_gate,14.884894432216516,1.844387867172306,1.0,2.536969104100432,0.8561672129380955,0.9941305942773294,1.7326974810467106,0.7553248402365178,0.9701638542430912,0.9964131409472567,0.1169718532883036,0.991358930463846,0.0,0.0,0.0,20.15097415831092,1.9199007953690497,1.0,0.7373977514309499,0.0443425389614038
pair_1745_fail_gate,16.484389011168176,1.6184958626934884,1.0,2.156191407842178,0.7559841030175133,0.979212521398875,1.7243009700823346,0.5330509371602672,0.9969022580908128,0.0,0.0,0.0,0.0,0.0,0.0,20.364881389092687,2.023276769860186,1.0,0.8104506043977957,0.0375820724396023
pair_1941_fail_gate,13.460666829705714,1.3391829296850295,1.0,2.0555963153175187,0.5393222163050582,0.999918480476074,1.8252221407026985,0.5948939188917429,0.9888318252221407,0.0014673514306676,0.0382779089090112,0.0014673514306676,0.0,0.0,0.0,17.3429526371566,1.4615586771145763,1.0,0.7758065004857065,0.0352864118665448
