seq_id,seq_type,hydration_count_pocket_3A_mean,hydration_count_pocket_3A_std,hydration_count_pocket_3A_min,hydration_count_pocket_3A_max,hydration_count_pocket_3A_early20_mean,hydration_count_pocket_3A_late20_mean,hydration_count_pocket_3A_drift20,hydration_count_pocket_3A_slope,hydration_count_pocket_3A_slope_per_ns,hydration_count_pocket_4A_mean,hydration_count_pocket_4A_std,hydration_count_pocket_4A_min,hydration_count_pocket_4A_max,hydration_count_pocket_4A_early20_mean,hydration_count_pocket_4A_late20_mean,hydration_count_pocket_4A_drift20,hydration_count_pocket_4A_slope,hydration_count_pocket_4A_slope_per_ns,hydration_count_pocket_5A_mean,hydration_count_pocket_5A_std,hydration_count_pocket_5A_min,hydration_count_pocket_5A_max,hydration_count_pocket_5A_early20_mean,hydration_count_pocket_5A_late20_mean,hydration_count_pocket_5A_drift20,hydration_count_pocket_5A_slope,hydration_count_pocket_5A_slope_per_ns,hydration_count_pocket_6A_mean,hydration_count_pocket_6A_std,hydration_count_pocket_6A_min,hydration_count_pocket_6A_max,hydration_count_pocket_6A_early20_mean,hydration_count_pocket_6A_late20_mean,hydration_count_pocket_6A_drift20,hydration_count_pocket_6A_slope,hydration_count_pocket_6A_slope_per_ns,hydration_count_pocket_8A_mean,hydration_count_pocket_8A_std,hydration_count_pocket_8A_min,hydration_count_pocket_8A_max,hydration_count_pocket_8A_early20_mean,hydration_count_pocket_8A_late20_mean,hydration_count_pocket_8A_drift20,hydration_count_pocket_8A_slope,hydration_count_pocket_8A_slope_per_ns,n_frames
bind_019_binder,Binder,17.947025264873677,3.405441333844013,9.0,29.0,16.248979591836736,20.853061224489796,4.60408163265306,6.464229112079196,0.014060313457486014,65.79951100244499,7.174542953425482,44.0,87.0,60.6530612244898,70.95510204081633,10.302040816326532,15.124678448269,0.03289761489563675,112.03667481662592,9.432873107151657,83.0,141.0,104.42040816326531,119.2408163265306,14.820408163265299,22.063275009357845,0.0479897226957212,168.3960880195599,11.435140125253564,140.0,205.0,159.08979591836734,177.77959183673468,18.689795918367338,27.081114659573288,0.05890400143463465,355.2290138549307,16.379481248042723,310.0,400.0,343.0204081632653,366.24897959183676,23.228571428571456,34.057166521984975,0.0740775780793583,1227
bind_020_binder,Binder,21.91931540342298,2.9232246299444724,12.0,33.0,21.555102040816326,21.23673469387755,-0.3183673469387749,1.183214800538375,0.0025736047863803703,72.55827220863895,6.578879021115696,54.0,95.0,73.93877551020408,71.44897959183673,-2.4897959183673493,1.7506908882393697,0.0038079192783890613,119.44906275468622,7.6564138818835525,100.0,144.0,122.17551020408163,118.25714285714285,-3.91836734693878,1.341247023406574,0.0029173399095303444,176.79788101059495,9.177586641888956,151.0,206.0,180.05714285714285,175.91836734693877,-4.138775510204084,1.8286756448953954,0.003977543545177578,367.16462917685413,13.83376522257456,328.0,412.0,373.5795918367347,368.1510204081633,-5.428571428571445,2.691931540342293,0.005855207265562384,1227
bind_022_binder,Binder,19.264873675631623,2.9167917386739903,10.0,30.0,18.457142857142856,18.914285714285715,0.45714285714285907,0.7377810342218654,0.0016047439569806734,71.12061939690301,7.887356327464632,48.0,100.0,64.43673469387755,76.31836734693877,11.881632653061217,16.920486130468365,0.03680366749422158,118.61450692746536,11.188925926454527,91.0,159.0,107.63673469387756,127.28979591836735,19.65306122448979,27.737685464667155,0.060332105415262946,176.11572942135288,13.991835039651802,141.0,219.0,161.23673469387754,187.23673469387754,26.0,35.21356609829329,0.07659285720129046,368.6723716381418,23.287478987353193,312.0,452.0,344.61632653061224,387.47755102040816,42.861224489795916,60.03223083233116,0.1305758147522157,1227
bind_034_binder,Binder,20.6039119804401,2.616090456518301,11.0,30.0,21.6734693877551,20.36326530612245,-1.3102040816326515,-0.9415273607671053,-0.0020479116058012064,67.54686226568867,5.665495978098544,51.0,93.0,69.01632653061225,65.30204081632652,-3.7142857142857224,-3.27578984254916,-0.007125154633059614,110.87938060309699,7.022733391951035,87.0,144.0,112.93877551020408,106.61632653061224,-6.32244897959184,-6.682549795720076,-0.014535181719891413,166.35452322738385,8.854836848419833,139.0,199.0,168.25306122448978,161.36326530612246,-6.8897959183673265,-8.253792916703167,-0.017952785028174375,353.6845965770171,13.856492888584695,315.0,415.0,353.934693877551,344.7795918367347,-9.155102040816303,-11.150983968207187,-0.024254451263093408,1227
bind_041_binder,Binder,20.39119804400978,3.0050521082824018,9.0,29.0,20.816326530612244,20.06122448979592,-0.7551020408163254,-0.9192118697386966,-0.0019993732892630697,71.85248573757131,6.0794991267397736,52.0,97.0,72.91428571428571,71.53469387755102,-1.37959183673469,-2.0942156527002362,-0.004555118331050001,117.54034229828851,7.373864785268438,96.0,154.0,120.02857142857142,117.2,-2.828571428571422,-3.275168640443446,-0.007123803459365832,173.09046454767727,9.486874149096149,149.0,214.0,179.18775510204082,171.71020408163264,-7.477551020408185,-7.594856765129854,-0.016519536193865914,363.1157294213529,14.423944550059284,320.0,423.0,376.069387755102,356.63673469387754,-19.43265306122447,-18.47618327054945,-0.04018745681468068,1227
bind_043_binder,Binder,19.25427872860636,2.5624498383664225,11.0,27.0,19.653061224489797,19.57551020408163,-0.07755102040816553,0.005065186400452595,1.1017262426214699e-05,67.36919315403424,5.373707877231007,48.0,86.0,66.27755102040817,68.63673469387756,2.3591836734693885,1.3059420370650572,0.0028405482046004525,112.24694376528117,6.54258048823898,91.0,133.0,109.86122448979592,112.87346938775511,3.0122448979591923,0.29828054442789315,0.0006487885686305423,167.45313773431133,8.006825502082648,140.0,191.0,164.4816326530612,167.4,2.918367346938794,-0.3047235252423082,-0.0006628026650186182,353.0,11.64714865190796,318.0,394.0,349.55510204081634,352.14285714285717,2.5877551020408305,-1.3223800004778434,-0.0028763023392666615,1227
bind_069_binder,Binder,22.91442542787286,2.75604317403054,14.0,32.0,23.23673469387755,22.959183673469386,-0.2775510204081648,-0.5759339932942037,-0.0012527112415317088,78.38875305623472,6.105668588261151,58.0,98.0,78.51428571428572,78.84081632653061,0.32653061224489477,0.16129751598798964,0.00035083744641215925,125.98288508557457,7.573526608305616,105.0,152.0,126.60816326530612,126.14285714285714,-0.46530612244897895,0.38426128716261965,0.0008358048660415865,182.63325183374084,9.23040947670952,156.0,216.0,183.84897959183672,183.16326530612244,-0.6857142857142833,1.1071892197542275,0.002408241913549161,374.3317033414833,14.151295560735175,335.0,429.0,373.2122448979592,376.6530612244898,3.440816326530637,9.04555482108583,0.01967494251459669,1227
bind_076_binder,Binder,19.854115729421352,2.706641099897882,12.0,28.0,19.706122448979592,19.155102040816328,-0.5510204081632644,0.5364558030630046,0.0011668424210179529,68.17766911165444,6.212566341619992,47.0,89.0,66.5469387755102,65.65714285714286,-0.8897959183673407,1.8193576133096525,0.003957275939770862,113.13936430317848,7.332101587902275,89.0,146.0,109.10612244897959,111.0326530612245,1.9265306122449033,6.068841935920612,0.013200308724134016,169.26650366748166,10.000971969908528,141.0,210.0,161.29387755102042,166.9551020408163,5.661224489795899,11.388745092105152,0.024771604333018286,359.4295028524857,15.024583278308576,310.0,419.0,347.2,355.8122448979592,8.612244897959215,16.64824828970318,0.03621152428429185,1227
bind_080_binder,Binder,22.594132029339853,2.8707384348025093,14.0,33.0,21.877551020408163,22.253061224489795,0.3755102040816318,0.04394606691461754,9.558687746517996e-05,70.55664221678892,5.962721285035039,52.0,89.0,69.96326530612245,72.90612244897959,2.942857142857136,4.2995149845097655,0.00935185423493152,114.51833740831296,7.546991466960463,95.0,139.0,111.39183673469388,119.53877551020408,8.146938775510193,10.955161950574613,0.023828519740238377,171.24042379788102,9.714593622058942,142.0,204.0,166.0530612244898,178.10204081632654,12.04897959183674,15.927064501485313,0.03464288091677066,358.4335778321108,15.805906496944504,314.0,407.0,350.66530612244895,370.0163265306122,19.351020408163265,27.36521905338356,0.059521955526663534,1227
bind_083_binder,Binder,17.62673186634067,3.0375325629083596,9.0,29.0,16.885714285714286,18.13877551020408,1.2530612244897945,3.5553945031577765,0.007733321377178418,67.52567237163814,6.796131343568407,50.0,89.0,64.28979591836735,69.17142857142858,4.8816326530612315,9.969600917467725,0.02168483070683572,113.25101874490628,8.000442440219004,92.0,144.0,109.71020408163265,114.87346938775511,5.1632653061224545,11.944617443036565,0.025980679593336744,169.88590057049714,9.391686229652402,142.0,204.0,166.58775510204083,170.28979591836736,3.70204081632653,10.559830523322953,0.02296863626606406,359.9714751426243,13.737793770964641,321.0,411.0,357.265306122449,361.2122448979592,3.9469387755102048,13.778183063482071,0.02996885930066792,1227
bind_088_binder,Binder,22.37082314588427,2.7406617724178797,14.0,31.0,22.6734693877551,21.212244897959184,-1.4612244897959172,-1.3874947237641657,-0.0030179330587583823,72.1841890790546,5.641733338944123,53.0,92.0,71.37959183673469,70.05714285714286,-1.322448979591826,0.9478668078972292,0.002061700506573639,117.48166259168704,6.5253775434847165,101.0,143.0,117.13061224489796,115.8,-1.3306122448979636,1.8782125307614528,0.0040852909858867855,173.96658516707416,8.404486615277667,151.0,203.0,174.0938775510204,172.81224489795918,-1.281632653061223,2.8097050882823784,0.00611137593971153,360.7538712306438,12.36531907475174,328.0,409.0,360.6938775510204,358.0530612244898,-2.6408163265306257,3.1868544077475063,0.00693171159923329,1227
bind_099_binder,Binder,18.551752241238795,2.594813919501532,11.0,27.0,17.526530612244898,18.914285714285715,1.387755102040817,1.066452697052475,0.0023196361001685166,64.16136919315403,5.015221240491817,48.0,83.0,63.91836734693877,64.55510204081632,0.6367346938775498,1.3353615316613974,0.0029045384049187543,106.60961695191524,6.182896099139349,84.0,134.0,108.02857142857142,106.70612244897958,-1.3224489795918402,0.24931707589018923,0.0005422883651771395,161.14262428687857,7.814476814275191,130.0,196.0,163.60408163265305,161.05714285714285,-2.546938775510199,-0.36063171475673655,-0.0007844082974589135,345.03422982885087,12.395695625764946,312.0,417.0,351.7387755102041,345.3061224489796,-6.432653061224528,-3.0346200711993245,-0.006600587430558605,1227
bind_100_binder,Binder,22.21923390383048,2.9133123447631966,13.0,31.0,22.35918367346939,23.277551020408165,0.9183673469387763,1.695483542126264,0.003687838047039181,82.57131214343929,7.48105513760199,59.0,108.0,81.53877551020408,87.58367346938776,6.044897959183686,9.458335656204452,0.02057278011137456,132.91768541157293,9.757728896023274,104.0,166.0,128.95102040816326,141.0122448979592,12.061224489795933,16.93966375444996,0.03684538065133214,193.08475957620212,12.591545300051772,162.0,236.0,186.62448979591838,203.78775510204082,17.16326530612244,23.912004332486468,0.052010884899372445,395.2722086389568,16.903896396328943,348.0,464.0,387.35102040816327,406.38775510204084,19.036734693877577,26.84774177106313,0.05839639319426458,1227
bind_101_binder,Binder,20.929095354523227,2.747871858750642,13.0,32.0,21.39591836734694,21.057142857142857,-0.3387755102040835,-0.37517421533413536,-0.0008160396200851221,69.0,5.8468640373198895,51.0,101.0,70.69795918367348,67.83265306122449,-2.8653061224489846,-3.136122902447377,-0.006821365747574501,113.05378973105134,6.679070564116593,94.0,148.0,114.86938775510204,111.34285714285714,-3.5265306122448976,-3.8627302628959175,-0.008401805900806778,168.99837000814995,8.040849088674838,145.0,209.0,172.80816326530612,168.18775510204082,-4.620408163265296,-3.251284215891623,-0.00707185256311392,357.28606356968214,12.139859774476893,320.0,405.0,362.42448979591836,358.40408163265306,-4.0204081632653015,0.2527496157307491,0.0005497544659722641,1227
bind_102_binder,Binder,26.28280358598207,3.1435198938896067,15.0,38.0,26.457142857142856,26.277551020408165,-0.1795918367346907,-0.6533453326218712,-0.0014210882710644288,103.6960065199674,9.372122668777918,75.0,131.0,106.24897959183673,96.2204081632653,-10.028571428571425,-12.527814722489909,-0.027249189173441882,175.3162184189079,14.25947996063423,127.0,209.0,178.5265306122449,160.95102040816326,-17.575510204081638,-21.699935490550565,-0.04719942466677664,257.03096984515076,19.96939025061008,195.0,305.0,260.67755102040815,236.03673469387755,-24.640816326530597,-30.460215190780715,-0.06625386664661387,500.079869600652,33.928086524879646,395.0,576.0,504.7061224489796,463.1591836734694,-41.54693877551023,-52.106830833923986,-0.113337315571341,1227
bind_110_binder,Binder,20.628361858190708,2.9500781152663675,11.0,30.0,19.710204081632654,20.044897959183672,0.3346938775510182,0.5325852360966203,0.001158423569541318,73.46617766911166,5.888902605608624,57.0,94.0,72.53877551020408,73.67755102040816,1.1387755102040842,2.773555904207449,0.006032748024377269,121.82151589242054,6.940890964726485,105.0,147.0,120.96326530612245,121.7673469387755,0.8040816326530518,2.95670699170934,0.006431119068427062,184.6275468622657,8.888184739723028,160.0,220.0,184.3877551020408,185.19591836734693,0.8081632653061206,2.6474439126175695,0.0057584424418000435,391.46943765281173,12.943851029421912,352.0,437.0,392.68979591836734,392.9020408163265,0.2122448979591809,1.3427442797639428,0.0029205965845871527,1227
pair_3061_binder,Binder,21.15566422167889,3.0181828940262125,11.0,31.0,18.514285714285716,21.408163265306122,2.893877551020406,2.9342401822192836,0.0063822516198353135,69.70741646291769,5.774064664228228,53.0,88.0,65.47755102040816,68.4,2.9224489795918487,3.662551866393761,0.007966398839355652,115.54604726976365,7.149363980195648,94.0,144.0,109.83673469387755,113.70612244897958,3.8693877551020393,4.577566639854102,0.009956643044815871,173.6642216788916,9.288794913592586,141.0,206.0,166.08979591836734,171.95102040816326,5.861224489795916,6.5831654229351,0.014319011251626107,359.80603096984515,12.809170365523038,322.0,418.0,351.82448979591834,356.34285714285716,4.518367346938817,4.463512340418755,0.009708564090089723,1227
pair_3078_binder,Binder,18.221678891605542,2.8633227603996607,9.0,28.0,17.008163265306123,19.50204081632653,2.4938775510204074,3.6871052778286595,0.008019804845739335,67.00977995110024,6.278764785978374,48.0,93.0,64.4734693877551,71.41224489795918,6.938775510204081,9.923616033385635,0.021584809208016597,113.22167889160554,7.976927984281201,90.0,138.0,108.34693877551021,120.16326530612245,11.816326530612244,16.627788440862357,0.03616702216609539,170.38630806845967,9.951098442296322,140.0,204.0,164.11836734693878,179.0938775510204,14.975510204081615,21.059595581500915,0.04580662442958329,362.1466992665037,15.721226524440985,319.0,407.0,351.78367346938774,374.71836734693875,22.934693877551013,34.144142780914756,0.0742667597192273,1227
pair_3080_binder,Binder,19.334963325183374,2.5727127541809587,10.0,28.0,19.783673469387754,19.26938775510204,-0.5142857142857125,0.047410463273416276,0.00010312226921895971,71.65362673186634,5.543029526654945,57.0,94.0,72.26122448979592,72.04897959183674,-0.2122448979591809,0.3980949802091378,0.0008658944648377122,118.9405052974735,6.217247147400747,98.0,139.0,119.14285714285714,120.2530612244898,1.1102040816326593,2.765679380072154,0.006015615834849711,176.01059494702525,7.907310549025861,151.0,207.0,175.86938775510205,178.44489795918366,2.57551020408161,4.960235101104622,0.010788983362924687,366.40097799511,12.240217184712742,328.0,414.0,365.6326530612245,372.0040816326531,6.371428571428567,10.559926092877681,0.022968844138940035,1227
nonb_006_nb,False Positive,21.079054604726977,2.7411161539844424,12.0,29.0,20.457142857142856,21.759183673469387,1.3020408163265316,1.2250264807307887,0.0026645491696156353,75.67889160554198,6.147035867245759,56.0,96.0,73.80816326530612,76.37551020408164,2.567346938775515,3.7659023756998473,0.008191196031973562,125.37326813365934,7.852192172835519,101.0,157.0,121.98775510204082,126.95510204081633,4.967346938775506,6.855769613660074,0.014911951307580369,184.8728606356968,9.556257577677991,152.0,218.0,181.1469387755102,185.9918367346939,4.844897959183697,6.890939209799064,0.014988448525935977,374.9511002444988,13.690461703618606,324.0,423.0,371.8979591836735,373.734693877551,1.8367346938775313,4.053980870160796,0.008817794171094738,1227
nonb_008_nb,False Positive,19.403422982885086,3.0270857713134345,11.0,29.0,19.64081632653061,21.30204081632653,1.66122448979592,3.0377260817278957,0.006607343299027511,71.80358598207009,5.999026287580869,53.0,91.0,69.86122448979592,74.9673469387755,5.1061224489795904,7.863192182410422,0.017103191261360357,119.62021189894051,7.322527717942604,98.0,144.0,116.18367346938776,124.76326530612245,8.579591836734693,12.072784180053043,0.026259454442747233,177.91524042379788,8.586924775607132,153.0,214.0,173.70612244897958,181.43673469387755,7.730612244897969,11.278234830324216,0.024531233997442562,370.6992665036675,12.492411040720377,324.0,414.0,362.40408163265306,374.0775510204082,11.67346938775512,12.804974395323462,0.027852037836483875,1227
nonb_009_nb,False Positive,22.78239608801956,3.0551704748508466,14.0,32.0,22.179591836734694,23.03265306122449,0.8530612244897959,1.7124949228674065,0.003724839418961186,81.3920130399348,7.151660246189592,59.0,103.0,75.58367346938776,83.16734693877551,7.5836734693877474,11.133765520097478,0.024216999499940148,133.94213528932355,9.06451078832926,101.0,160.0,124.43673469387755,137.39591836734695,12.959183673469397,17.33882592802019,0.03771359636328482,196.8084759576202,11.193853529772444,156.0,231.0,185.34285714285716,200.91836734693877,15.57551020408161,21.22034357254923,0.046156266606958644,406.0171149144254,18.570657170162313,352.0,455.0,385.6326530612245,413.2857142857143,27.65306122448976,38.542373151326416,0.08383332931229237,1227
nonb_010_nb,False Positive,21.41238793806031,3.2039263431769536,13.0,34.0,21.836734693877553,20.00408163265306,-1.832653061224491,-3.789659374178698,-0.008242869764390865,71.6919315403423,6.080387199355875,52.0,89.0,70.72244897959183,70.08571428571429,-0.6367346938775427,-3.9177703622882505,-0.008521523354623717,118.41809290953545,7.349385170044899,98.0,144.0,116.55102040816327,116.7795918367347,0.22857142857142776,-4.686507968111623,-0.010193600800677815,176.27872860635696,9.108361277657156,154.0,209.0,172.62857142857143,175.20408163265307,2.575510204081638,-3.4878347920963972,-0.007586372576609896,362.6332518337408,14.609309290669243,321.0,415.0,362.47755102040816,357.1387755102041,-5.338775510204073,-16.93994249898457,-0.03684598694722038,1227
nonb_011_nb,False Positive,21.559902200489,3.943606876738504,11.0,35.0,18.33469387755102,24.791836734693877,6.4571428571428555,8.315682167517503,0.01808740003810223,78.40342298288509,12.417463634579889,47.0,108.0,63.33469387755102,91.28979591836735,27.955102040816328,36.23540374154806,0.07881545131386203,129.73838630806847,17.56837897172892,93.0,174.0,107.65714285714286,148.22040816326532,40.56326530612246,53.68794151143253,0.11677638175406747,191.94621026894865,20.716789585346305,142.0,237.0,165.29387755102042,213.05714285714285,47.763265306122435,62.49526532497628,0.1359331491570991,397.7375713121434,28.572011112981716,333.0,475.0,360.43265306122447,426.7387755102041,66.30612244897964,83.96745856661593,0.18263721276044803,1227
nonb_013_nb,False Positive,19.038304808475957,2.7181061042217167,11.0,29.0,18.714285714285715,18.79591836734694,0.08163265306122369,-0.6107850242507747,-0.0013285155503007598,70.67155664221679,6.5173980267410165,53.0,98.0,70.86122448979592,67.73877551020408,-3.1224489795918373,-5.271083041978925,-0.01146510721474481,119.51915240423799,8.411788789706065,95.0,153.0,120.87346938775511,114.57551020408164,-6.29795918367347,-9.431305400476253,-0.02051398673295542,179.5077424612877,10.502092640719006,150.0,239.0,181.6,173.35102040816327,-8.24897959183673,-11.154384651529508,-0.024261848072929876,375.49796251018745,15.529102077504605,333.0,457.0,379.47755102040816,364.4530612244898,-15.024489795918385,-19.493879566432785,-0.042401043102627045,1227
nonb_014_nb,False Positive,21.750611246943766,2.9881165129013683,12.0,32.0,21.346938775510203,21.518367346938774,0.17142857142857082,0.3074711499406675,0.0006687790102026479,69.8280358598207,5.7784916917655,51.0,87.0,66.86530612244898,71.03673469387755,4.171428571428564,5.986771580800076,0.013021797891897937,113.69519152404239,6.974981582527869,92.0,139.0,109.90204081632653,115.00408163265305,5.102040816326522,8.520822216735825,0.01853359916636394,168.6275468622657,8.948225109647282,141.0,198.0,164.04897959183674,170.11836734693878,6.069387755102042,10.711244554526417,0.023297976192553374,352.8247758761206,13.152336919082519,315.0,395.0,344.0448979591837,354.3387755102041,10.293877551020387,16.294617044830087,0.03544234267499746,1227
nonb_017_nb,False Positive,23.21841890790546,3.186087284801588,14.0,37.0,21.146938775510204,23.66530612244898,2.518367346938774,2.750762565405413,0.005983170343459301,75.44743276283619,6.66984598679257,55.0,103.0,72.83265306122449,73.84081632653061,1.0081632653061234,0.8934479106106104,0.0019433342264504835,122.92909535452323,7.873326333880406,98.0,149.0,121.21632653061225,119.71428571428571,-1.5020408163265415,-1.4604541146675396,-0.003176626676819003,180.879380603097,9.648008367949222,149.0,224.0,180.8938775510204,177.8204081632653,-3.0734693877550967,-1.868942283953077,-0.004065127316918055,373.2909535452323,13.24002998936469,330.0,428.0,374.4,369.1510204081633,-5.248979591836701,-3.0275877447974304,-0.006585291451435414,1227
nonb_018_nb,False Positive,19.45884270578647,3.0350669285053837,11.0,29.0,17.59591836734694,20.09387755102041,2.497959183673469,3.2809426343747763,0.007136362445622136,78.05541972290139,7.496819834264304,55.0,103.0,73.17142857142858,76.13469387755102,2.9632653061224374,1.2206382453429734,0.0026550043400608513,128.61369193154033,10.10365552217606,96.0,165.0,122.29795918367347,125.21632653061225,2.91836734693878,0.1533333864275323,0.0003335147067482975,189.2999185004075,13.534032384814026,150.0,238.0,181.5795918367347,184.71020408163264,3.1306122448979465,-1.4528802274555463,-0.0031601527513986736,393.5835370823146,21.194873122001763,334.0,465.0,381.130612244898,386.56326530612245,5.432653061224471,-0.9711141020842152,-0.0021122655836524552,1227
nonb_019_nb,False Positive,22.517522412387937,2.8548666277449146,15.0,34.0,22.322448979591837,22.39183673469388,0.06938775510204209,-0.5656124813838472,-0.0012302609709273458,73.84270578647107,6.309889407363754,55.0,102.0,76.03673469387755,75.99591836734695,-0.040816326530602964,0.5961628823777717,0.001296711000277913,120.50692746536268,7.548090380463243,101.0,157.0,122.80816326530612,123.84897959183674,1.0408163265306172,3.0123284725595876,0.006552101082239461,180.28117359413204,9.800869641488008,152.0,224.0,179.96326530612245,186.5795918367347,6.616326530612241,9.611430118745172,0.02090577513593294,377.31458842705786,14.095510994979245,340.0,445.0,374.41224489795917,385.0571428571429,10.644897959183709,14.25920852480428,0.031015135453625407,1227
nonb_021_nb,False Positive,19.380603096984515,2.982871279600723,11.0,30.0,19.89387755102041,20.461224489795917,0.5673469387755077,1.4080262497710312,0.0030625910816118127,74.17766911165444,7.248936528452183,56.0,103.0,75.36326530612244,78.80816326530612,3.4448979591836775,5.4371112509258275,0.011826234368517298,123.77261613691931,10.085355360537855,102.0,165.0,124.39183673469388,131.87755102040816,7.48571428571428,10.460167406003363,0.022751859501910523,184.67807660961697,12.95430626248651,158.0,234.0,185.22857142857143,194.24897959183673,9.020408163265301,12.575806567221234,0.027353576002656296,385.5533822330888,20.333993071125285,338.0,460.0,385.53877551020406,402.3265306122449,16.78775510204082,22.57808430827553,0.04910948191033284,1227
nonb_022_nb,False Positive,23.00081499592502,3.6415378663125506,13.0,34.0,20.718367346938777,24.877551020408163,4.159183673469386,6.902160668349753,0.015012856266122357,76.68133659331703,9.698990554352577,52.0,103.0,66.59183673469387,84.40816326530613,17.81632653061226,24.8487133948695,0.05404831624767702,125.3643031784841,12.283003426267392,91.0,162.0,111.23673469387755,135.51020408163265,24.2734693877551,32.63880283204447,0.0709925020816628,183.96088019559903,14.972131738987864,148.0,221.0,166.64081632653063,197.1795918367347,30.53877551020406,39.59374975112096,0.08612017346627719,382.2290138549307,20.37686191025268,327.0,443.0,359.2612244897959,396.41224489795917,37.151020408163276,49.1702810541322,0.10695004035700312,1227
nonb_023_nb,False Positive,19.649551752241237,2.8819913050187242,11.0,29.0,19.8734693877551,18.79591836734694,-1.077551020408162,-0.9811011205530284,-0.0021339882991909293,75.57375713121435,5.799282968607387,53.0,95.0,73.26938775510204,74.99591836734695,1.7265306122449005,1.0732301713084267,0.002334377751622461,126.78239608801955,7.5734329412955725,91.0,152.0,122.55510204081632,125.63265306122449,3.0775510204081655,1.5280377181175948,0.003323627445606523,193.30073349633253,10.271856032716222,154.0,224.0,187.75918367346938,190.9142857142857,3.155102040816331,1.5748349434148514,0.0034254158638713627,406.8590057049715,16.665426392000548,345.0,458.0,395.8530612244898,403.68979591836734,7.836734693877531,6.459609916934137,0.014050266268480983,1227
nonb_024_nb,False Positive,22.41401792991035,2.8530540823949573,15.0,34.0,22.60408163265306,22.726530612244897,0.12244897959183731,0.5253378781966023,0.001142659876447205,76.52078239608802,5.827891515656044,61.0,97.0,76.22857142857143,77.18775510204081,0.9591836734693828,3.098834847845306,0.006740260680468309,123.67889160554198,7.2828231947430355,105.0,146.0,122.13877551020408,125.68571428571428,3.546938775510199,8.150107913955543,0.017727260280490587,181.08312958435206,9.909020561801775,153.0,217.0,178.47755102040816,183.6326530612245,5.155102040816331,11.805651346336102,0.025678415108942032,369.41890790546046,14.616886365518768,318.0,420.0,366.1265306122449,375.35102040816327,9.224489795918373,19.184210316733427,0.04172748301627718,1227
nonb_025_nb,False Positive,21.56479217603912,2.874670743628662,13.0,30.0,20.84081632653061,22.66530612244898,1.8244897959183675,1.8067742886041254,0.003929906011101965,72.69682151589242,6.510302637127258,54.0,98.0,73.2530612244898,76.35918367346939,3.1061224489795904,3.686109761633603,0.008017639503281352,117.96740016299918,8.14551321270712,98.0,151.0,119.22448979591837,123.42857142857143,4.2040816326530575,5.193233675525434,0.011295777434530573,174.5916870415648,10.312020316386187,149.0,211.0,177.29795918367347,181.0448979591837,3.746938775510216,5.39325278943638,0.011730838041188425,360.7318663406683,15.829850790843695,318.0,419.0,366.41224489795917,370.29795918367347,3.8857142857143003,4.9922270095490004,0.010858568808154416,1227
nonb_026_nb,False Positive,22.82151589242054,2.8992751223499824,13.0,33.0,23.20408163265306,22.33469387755102,-0.8693877551020393,0.28976688992776595,0.000630270559929887,73.4718826405868,7.694438552501638,55.0,98.0,76.2326530612245,68.32244897959184,-7.910204081632656,-6.4508175178993765,-0.014031141963892074,118.88590057049714,10.735313922762977,95.0,153.0,124.7469387755102,109.62857142857143,-15.118367346938768,-14.559161536439872,-0.03166756179758537,173.440097799511,14.101978890545542,144.0,215.0,181.61632653061224,160.76734693877552,-20.848979591836724,-22.48279349808463,-0.04890221533025477,355.62591687041567,23.31572212044867,311.0,425.0,373.48979591836735,332.0367346938776,-41.45306122448977,-48.848052372115994,-0.10624916231020332,1227
nonb_029_nb,False Positive,19.139364303178485,3.1863053417993186,10.0,31.0,21.616326530612245,17.66938775510204,-3.9469387755102048,-4.040003822782185,-0.008787392762984642,79.26568867155665,6.56367380114104,53.0,97.0,80.2326530612245,76.08979591836734,-4.142857142857153,-6.157490662058092,-0.013393128139332442,132.4873675631622,8.509573409198818,102.0,165.0,132.35510204081632,127.7469387755102,-4.608163265306118,-7.945310322308317,-0.017281806030034416,194.72697636511816,10.909105723163012,164.0,229.0,195.96326530612245,187.25714285714287,-8.706122448979585,-13.143625112493329,-0.028588635372470538,398.4555827220864,16.39101293450265,350.0,459.0,396.2530612244898,387.2448979591837,-9.00816326530611,-13.639368285243263,-0.02966692394832685,1227
nonb_032_nb,False Positive,22.41646291768541,3.0990425538644018,14.0,34.0,20.718367346938777,23.183673469387756,2.465306122448979,2.018954628353893,0.0043914184412265226,74.119804400978,5.8861369845339,55.0,94.0,70.77551020408163,73.18367346938776,2.408163265306129,1.0542755429545312,0.0022931496312224727,120.01140994295028,7.419211183749792,98.0,149.0,115.0734693877551,118.28571428571429,3.212244897959195,0.9653958570598034,0.002099827856573798,174.7766911165444,8.879103485197254,149.0,213.0,170.69387755102042,172.3673469387755,1.673469387755091,-1.2927534385129384,-0.0028118617477171,357.89812550937245,13.165558092107904,320.0,404.0,349.8612244897959,354.82448979591834,4.963265306122423,2.665817159513548,0.005798406002204568,1227
nonb_046_nb,False Positive,17.273023634881827,3.464047159605765,8.0,30.0,15.424489795918367,21.6734693877551,6.248979591836735,6.82536256699824,0.014845813087543751,63.86960065199674,7.885753927142628,44.0,92.0,58.72244897959184,74.08979591836734,15.367346938775505,17.432277024282627,0.03791686139050055,106.84759576202119,10.030536115972915,83.0,141.0,99.07755102040817,119.7591836734694,20.68163265306123,24.222294784291545,0.0526857961594161,161.7041564792176,12.043104084571144,134.0,203.0,152.0448979591837,175.76734693877552,23.72244897959183,28.53520543472202,0.06206678724246223,347.21515892420535,18.045247802427838,303.0,403.0,329.28979591836736,366.58775510204083,37.29795918367347,45.426606564035616,0.09880719209143139,1227
nonb_047_nb,False Positive,20.012224938875306,2.6742176038840375,12.0,28.0,20.31020408163265,19.877551020408163,-0.43265306122448877,-0.5091308745410674,-0.0011074081012312506,70.77261613691931,5.983511703693063,53.0,92.0,75.0530612244898,68.02857142857142,-7.02448979591837,-8.114834784132272,-0.017650537866519343,115.6120619396903,7.1254529293572775,95.0,142.0,121.89387755102041,112.48163265306123,-9.412244897959184,-10.168074990243946,-0.022116530701998784,171.40260798696008,8.810654791795029,148.0,209.0,178.50204081632654,167.4,-11.102040816326536,-12.493831781655427,-0.02717527304329619,357.1540342298288,13.013624843418935,317.0,402.0,367.60408163265305,352.0489795918367,-15.555102040816337,-17.474797512005928,-0.0380093474975659,1227
nonb_048_nb,False Positive,26.969845150774248,3.6443215109434597,13.0,40.0,24.163265306122447,27.710204081632654,3.546938775510206,4.266001927319354,0.009278960146425999,94.55827220863895,11.056444924018312,58.0,125.0,80.69795918367348,105.91428571428571,25.216326530612236,28.211137038777345,0.061361907642800084,152.58842705786472,16.815532939981424,107.0,198.0,129.25714285714287,171.5795918367347,42.322448979591826,47.63638173665806,0.10361366337500401,221.56968215158923,22.945326608776046,159.0,274.0,189.3469387755102,247.74285714285713,58.39591836734692,66.50862913437874,0.14466259735590808,437.999185004075,38.61705708557151,337.0,531.0,384.6857142857143,482.0081632653061,97.3224489795918,113.16739007510172,0.2461498424689543,1227
nonb_049_nb,False Positive,18.229013854930724,2.8062462502287566,10.0,30.0,19.0,18.23673469387755,-0.7632653061224488,-1.421644911319417,-0.003092212966437014,66.46862265688672,6.417398288435315,49.0,89.0,70.51428571428572,66.77551020408163,-3.7387755102040927,-6.284327389437968,-0.013669010091219074,111.36837815810921,7.825287258530024,93.0,141.0,117.36734693877551,112.31836734693877,-5.048979591836741,-8.555744924858436,-0.018609559379789965,167.44091279543602,9.524663056442922,138.0,199.0,175.16326530612244,168.15510204081633,-7.008163265306109,-9.87856295246211,-0.021486814469738148,358.079869600652,12.757412239837695,320.0,400.0,366.1591836734694,358.8204081632653,-7.338775510204073,-9.536073524844099,-0.020741867373233497,1227
nonb_050_nb,False Positive,20.26324368378158,2.819187414375733,12.0,32.0,19.526530612244898,21.453061224489797,1.9265306122448997,2.2003297149638037,0.004785926514331274,78.82559087204564,6.314797852713409,56.0,101.0,75.35918367346939,81.43265306122449,6.073469387755097,6.402538964503877,0.013926131516049753,132.10676446617768,7.281901617112987,109.0,163.0,127.93469387755103,133.5673469387755,5.632653061224474,5.056425857935852,0.01099820741258479,192.70497147514263,8.818517953886403,164.0,223.0,189.72244897959183,192.65714285714284,2.9346938775510125,1.164761912346792,0.0025334679985792117,393.18174409127954,13.41131852588728,347.0,440.0,387.8,393.2530612244898,5.4530612244897725,3.314845933913658,0.007210105348371187,1227
nonb_051_nb,False Positive,22.815810920945395,2.850867162165058,15.0,34.0,23.073469387755104,23.17142857142857,0.09795918367346701,-0.037678296950534526,-8.195388134972205e-05,75.40179299103505,5.809591881395622,58.0,96.0,73.08571428571429,78.27755102040817,5.191836734693879,6.788170081950891,0.014764915893313524,122.35778321108394,7.202391003107337,103.0,150.0,119.03673469387755,126.44897959183673,7.412244897959184,10.486210109666063,0.02280850486061134,179.47840260798696,8.815143008856673,154.0,210.0,175.79591836734693,184.22040816326532,8.42448979591839,12.095131527599682,0.02630806205024403,368.2844335778321,12.482611628073832,331.0,423.0,365.66530612244895,369.0367346938776,3.3714285714286234,7.321065919100373,0.01592401504970173,1227
nonb_052_nb,False Positive,19.13447432762836,2.879940988022446,11.0,28.0,20.102040816326532,19.62857142857143,-0.4734693877551024,-0.8484107579462108,-0.0018453741336513544,71.2436837815811,5.714915538867335,51.0,89.0,71.92244897959183,71.77142857142857,-0.15102040816326223,-0.3207951386953149,-0.0006977599536602857,117.99429502852486,6.50978575427678,100.0,141.0,117.29387755102042,119.28571428571429,1.9918367346938766,0.6156829639304572,0.0013391690351940342,174.67726161369194,8.287528340679925,148.0,200.0,170.71020408163264,176.41632653061225,5.706122448979613,4.1205689574158,0.00896262959742425,363.20945395273026,12.347890162710938,325.0,401.0,354.9795918367347,369.51020408163265,14.530612244897952,13.979707397879956,0.030407193905122212,1227
nonb_053_nb,False Positive,22.381418092909534,3.35504295493162,13.0,35.0,21.60816326530612,21.29795918367347,-0.31020408163265145,-2.18208389414079,-0.004746240117761369,73.15566422167889,6.028678280031481,54.0,95.0,71.16734693877551,72.55510204081632,1.3877551020408134,-0.6604891568376057,-0.00143662676854291,120.14017929910351,6.772943990762079,97.0,141.0,117.7469387755102,119.41632653061224,1.6693877551020364,-0.728056832028541,-0.0015835928918511003,177.5085574572127,8.82819167976762,153.0,210.0,174.59591836734694,175.70204081632653,1.1061224489795904,-2.7421613054801135,-0.005964461784622331,371.53952730236347,13.72297916757763,327.0,423.0,364.70204081632653,369.8326530612245,5.130612244897975,-0.8382883492748726,-0.001823356931538591,1227
nonb_054_nb,False Positive,22.202118989405054,3.074446364593015,13.0,32.0,20.212244897959184,23.897959183673468,3.6857142857142833,4.336428725022498,0.009432145133273515,75.93887530562347,6.464019634508164,58.0,98.0,70.37142857142857,81.18367346938776,10.81224489795919,11.113910945103258,0.02417381390995812,123.47106764466177,7.714534113894773,99.0,147.0,116.40408163265306,130.33469387755102,13.930612244897958,14.22553618502266,0.030941894910326607,181.91442542787286,9.206408537871832,153.0,210.0,174.37551020408162,189.81224489795918,15.436734693877554,15.66029005359859,0.034062621106250336,377.00977995110026,13.926746374539725,332.0,422.0,365.0979591836735,388.1387755102041,23.040816326530603,23.470703949411856,0.05105101457185826,1227
nonb_056_nb,False Positive,25.2159739201304,3.261712255666591,15.0,35.0,26.551020408163264,24.60408163265306,-1.9469387755102048,-3.2059762828221676,-0.00697330349716622,88.00081499592503,7.607153540704522,61.0,110.0,89.48571428571428,90.51428571428572,1.0285714285714391,-3.6128795903251754,-0.007858356912072165,139.84107579462102,9.845175129640584,113.0,169.0,141.4816326530612,145.75918367346938,4.277551020408168,-2.4111481885587334,-0.005244476755973304,200.26650366748166,12.366511463912078,162.0,240.0,201.465306122449,207.4204081632653,5.955102040816314,-2.0231039398548876,-0.004400443588591397,399.2037489812551,18.82785791596858,341.0,456.0,400.0,412.55918367346936,12.559183673469363,1.4066643836162085,0.003059628893129304,1227
nonb_066_nb,False Positive,24.057049714751425,2.9957871152789264,15.0,36.0,22.6,24.787755102040816,2.187755102040814,1.8007135860086174,0.003916723406217764,77.92909535452323,6.756012824704082,58.0,97.0,74.08979591836734,81.46938775510205,7.379591836734704,6.276992426112789,0.013653055847988664,125.01140994295028,8.648993339523507,96.0,152.0,119.46530612244898,132.75510204081633,13.289795918367346,12.307168513017364,0.02676926267105464,184.25101874490628,11.18652285489936,147.0,222.0,175.09795918367348,195.0204081632653,19.92244897959182,19.506526604174788,0.04242855161321326,377.75631621841893,16.79528542507161,319.0,430.0,361.8489795918367,394.60408163265305,32.755102040816325,33.54986739724282,0.07297415420824974,1227
nonb_067_nb,False Positive,20.729421352893237,2.7206487865979234,12.0,30.0,21.644897959183673,21.26530612244898,-0.37959183673469354,-0.12335640276196053,-0.0002683119146535269,68.66340668296658,5.476331748662241,50.0,87.0,69.54285714285714,69.01632653061225,-0.5265306122448976,1.1202902128811818,0.0024367378202962103,112.43031784841075,6.376709363877291,94.0,144.0,113.43265306122449,111.93469387755103,-1.4979591836734585,1.0407843074791143,0.0022638049102318963,167.53626731866342,8.214282595140467,145.0,198.0,168.21632653061224,167.0938775510204,-1.1224489795918373,2.639065648319969,0.005740218919673665,353.09372453137735,12.181399293014453,317.0,403.0,353.3673469387755,354.7877551020408,1.4204081632653356,6.117574444701069,0.013306306568137175,1227
nonb_068_nb,False Positive,21.855745721271393,3.120438577081343,13.0,32.0,22.489795918367346,22.1265306122449,-0.3632653061224467,0.48801000294672786,0.0010614681956426922,74.66585167074165,5.895656073922189,55.0,96.0,73.66938775510204,78.06530612244897,4.395918367346937,5.816809091850308,0.012652113304731497,121.67400162999185,7.036498203640963,102.0,144.0,119.33469387755102,126.2408163265306,6.906122448979588,7.916129751598801,0.017218335511906033,180.2722086389568,9.47862874388354,151.0,213.0,176.0612244897959,187.61632653061224,11.555102040816337,12.815845432173493,0.027875683376125067,370.49470252648734,14.421773235248079,320.0,429.0,363.2326530612245,381.8612244897959,18.628571428571433,20.25787055103813,0.04406279619584148,1227
nonb_071_nb,False Positive,21.119804400977994,3.08628809541005,13.0,30.0,21.420408163265307,22.755102040816325,1.3346938775510182,1.3785191497495275,0.002998410331157211,75.2885085574572,6.870668553034427,56.0,101.0,76.26530612244898,76.17551020408163,-0.08979591836734357,-2.5321551731003553,-0.005507678462426005,123.63080684596576,8.723674123959768,100.0,151.0,124.65306122448979,125.25714285714285,0.6040816326530631,-2.8069096788066576,-0.006105295658089513,182.7913610431948,11.472606132200077,149.0,217.0,184.6734693877551,184.3877551020408,-0.2857142857142776,-5.5865422138687375,-0.012151260932830314,376.6536267318663,16.85630799681988,322.0,432.0,376.8612244897959,381.57142857142856,4.710204081632639,1.0803899237832753,0.00234995089458028,1227
nonb_072_nb,False Positive,23.379788101059496,3.223161232898061,13.0,37.0,22.746938775510205,24.49795918367347,1.7510204081632637,3.1418889322491492,0.006833907411091136,76.49225753871231,6.824417809645103,57.0,100.0,76.48979591836735,81.78775510204082,5.29795918367347,7.618725261422553,0.01657145244463851,121.43683781581092,8.985719673612731,101.0,154.0,122.31836734693877,129.2,6.881632653061217,9.547828580075343,0.02076743573697736,176.02689486552566,11.305425361275828,146.0,211.0,178.78775510204082,185.73469387755102,6.946938775510205,9.933953473555105,0.021607294124100288,361.71882640586796,16.88418759181847,322.0,414.0,367.7918367346939,375.68979591836734,7.897959183673436,12.40197351130508,0.02697547256401323,1227
nonb_073_nb,False Positive,27.686226568867156,4.491248143344661,13.0,41.0,23.918367346938776,31.975510204081633,8.057142857142857,9.712646241329047,0.021125929834320944,87.1157294213529,9.425362722291094,54.0,113.0,77.2530612244898,95.69795918367348,18.444897959183677,22.718117598337095,0.0494140676418425,141.2241238793806,13.343538248360847,100.0,176.0,124.3061224489796,154.39591836734695,30.089795918367358,37.2949754306603,0.08112012056696097,207.83374083129584,18.18751560334704,154.0,247.0,183.5061224489796,225.39183673469387,41.88571428571427,52.05421182991804,0.11322286423038183,419.1955990220049,30.438269142481705,331.0,491.0,375.6530612244898,450.8897959183673,75.23673469387751,90.07084889656984,0.19591266752924386,1227
nonb_074_nb,False Positive,23.123879380603096,3.104951790077069,14.0,34.0,21.012244897959185,24.163265306122447,3.1510204081632622,3.8243192660258196,0.008318258327407981,81.0040749796251,6.999882384918407,60.0,109.0,74.66122448979591,83.51836734693877,8.857142857142861,9.818433774280646,0.021356027785275997,129.40260798696008,8.725138701369923,102.0,160.0,121.88979591836734,131.71020408163264,9.820408163265299,10.922732015004417,0.023757981544327175,189.21515892420538,11.638650656967174,146.0,230.0,179.12244897959184,192.5142857142857,13.391836734693868,13.594649697761293,0.02956965676511426,387.18581907090464,16.50925583794142,326.0,445.0,375.069387755102,389.67755102040815,14.608163265306132,15.5900145743571,0.03390976525145643,1227
nonb_075_nb,False Positive,23.940505297473514,4.550599061982287,13.0,37.0,19.755102040816325,27.975510204081633,8.220408163265308,11.22696176421398,0.024419710199486633,81.26894865525672,13.443874909054527,50.0,118.0,64.53061224489795,90.5469387755102,26.016326530612247,36.02024481734269,0.07834746017910317,131.8834555827221,19.454507445360537,89.0,191.0,107.48571428571428,142.5795918367347,35.09387755102041,50.88444844420728,0.1106785175512937,192.63732681336595,24.963667330314365,140.0,270.0,161.32244897959183,205.57142857142858,44.24897959183676,64.25325135589306,0.13975693606502027,390.0676446617767,36.8651520270795,312.0,520.0,345.3061224489796,404.0979591836735,58.7918367346939,87.0411267650502,0.18932273358357848,1227
nonb_080_nb,False Positive,23.63162184189079,3.131132037167478,13.0,36.0,21.60408163265306,23.620408163265306,2.016326530612247,2.1931301418411477,0.004770266757675142,71.9877750611247,5.977192226789069,54.0,95.0,71.7469387755102,72.06938775510204,0.32244897959184016,-0.6745458455118154,-0.0014672014040496264,116.02118989405054,7.179356048447431,93.0,144.0,116.40408163265306,115.59183673469387,-0.8122448979591894,-2.674314885754561,-0.00581688936542591,171.11980440097798,8.63425961397649,144.0,206.0,170.9061224489796,170.61632653061224,-0.2897959183673606,-2.3935713546187993,-0.005206245469535175,356.9119804400978,12.258373512816922,318.0,405.0,354.2448979591837,354.9020408163265,0.6571428571428442,-2.443721478461012,-0.005315326761198506,1227
nonb_081_nb,False Positive,24.8280358598207,2.998874492270886,16.0,34.0,24.551020408163264,25.253061224489795,0.7020408163265301,0.2704538757436504,0.0005882629162450257,82.75305623471883,5.684318069436568,67.0,100.0,81.81632653061224,84.02857142857142,2.212244897959181,3.1960051926124713,0.006951615427107063,131.8647106764466,6.837950929887685,111.0,152.0,129.37142857142857,134.41224489795917,5.040816326530603,5.693102267387685,0.012383039189532761,191.98207008964954,8.484782175110015,162.0,215.0,188.49795918367346,194.97142857142856,6.473469387755102,7.413489642649507,0.016125045443500827,382.2722086389568,12.147996716219035,340.0,423.0,377.1102040816327,385.69795918367345,8.587755102040774,8.440798642912322,0.01835954027822147,1227
nonb_082_nb,False Positive,21.08068459657702,3.0573187971381146,12.0,31.0,19.293877551020408,20.62857142857143,1.3346938775510218,1.8135199063418355,0.003944578371597251,76.72697636511818,6.496035847320868,55.0,93.0,74.45714285714286,74.6,0.1428571428571388,0.8645859050835075,0.001880556617908653,125.65362673186634,7.916114364694148,95.0,149.0,123.7469387755102,121.36734693877551,-2.37959183673469,-2.8778382166721066,-0.006259571977535851,183.76120619396903,9.498210418446364,153.0,216.0,182.34285714285716,177.68571428571428,-4.657142857142873,-5.90487643652987,-0.012843668159934462,375.1670741646292,14.875981467110716,325.0,435.0,375.7265306122449,362.7591836734694,-12.967346938775506,-15.8267403614122,-0.03442466636522501,1227
nonb_085_nb,False Positive,22.91035044824776,2.9203133866991107,14.0,33.0,23.044897959183672,23.926530612244896,0.8816326530612244,1.258929780269665,0.002738292072364687,80.82559087204564,7.047439462101013,56.0,106.0,78.37959183673469,86.84081632653061,8.461224489795924,10.0218933921617,0.021798571815468626,132.55501222493888,9.432773187346632,107.0,166.0,128.0612244897959,143.0612244897959,15.0,17.679372108025447,0.038454316711311484,195.52811735941322,12.516583293209852,161.0,243.0,188.9918367346939,210.56326530612245,21.571428571428555,25.045570749344954,0.05447649972668831,393.82233088834556,18.83223380971522,339.0,463.0,388.0489795918367,415.31836734693877,27.26938775510206,31.98034452824477,0.06956029261173417,1227
nonb_086_nb,False Positive,15.829665851670741,2.838408154237175,8.0,25.0,16.975510204081633,16.591836734693878,-0.38367346938775526,-0.20691605011030328,-0.00045006209920674925,64.78158109209454,6.128311770880255,47.0,86.0,62.118367346938776,68.51428571428572,6.395918367346944,8.494341485947293,0.018476001056981602,111.44335778321108,7.704337486711949,87.0,135.0,106.6,117.0530612244898,10.453061224489801,14.64155045674283,0.031846765539408003,169.4164629176854,9.440164044522755,135.0,199.0,163.31836734693877,175.66122448979593,12.342857142857156,17.23773723150928,0.03749371882873145,360.71475142624286,13.488688339522497,316.0,403.0,352.38775510204084,364.9877551020408,12.599999999999966,18.468529742041845,0.04017080966186372,1227
nonb_087_nb,False Positive,20.11328443357783,2.8836799397457686,12.0,29.0,18.43265306122449,20.889795918367348,2.457142857142859,2.9135015888438445,0.00633714320575062,77.66096169519152,6.983445325238444,56.0,97.0,70.54285714285714,79.66530612244898,9.122448979591837,10.03590229605855,0.021829042514537364,130.8769356153219,9.18888175480347,98.0,153.0,119.20408163265306,135.29387755102042,16.089795918367358,17.792590173856947,0.038700576778372915,194.37408312958436,11.925512358940573,157.0,226.0,178.6204081632653,199.91020408163266,21.28979591836736,23.755700325732903,0.05167090881072951,401.120619396903,19.705164790499683,333.0,455.0,375.9510204081633,409.82448979591834,33.87346938775505,37.44655670858454,0.08144982427098321,1227
nonb_088_nb,False Positive,21.114914425427873,2.7466801574887674,13.0,30.0,20.571428571428573,20.885714285714286,0.31428571428571317,0.16960410311954965,0.00036890506388156496,75.78647106764465,6.433539322560568,57.0,97.0,74.83673469387755,73.08979591836734,-1.746938775510202,-4.382198577606458,-0.00953169891812172,122.75061124694376,8.06037158516435,100.0,155.0,120.35918367346939,119.58367346938776,-0.7755102040816269,-4.501772018827204,-0.00979178253143491,179.19804400977995,9.849514623035573,145.0,225.0,175.86938775510205,176.28163265306122,0.4122448979591695,-3.6167023725141956,-0.007866671827110813,367.06601466992663,15.393868655591543,325.0,448.0,364.0530612244898,359.69795918367345,-4.355102040816348,-12.649132308084384,-0.027513066466741464,1227
nonb_089_nb,False Positive,24.077424612876936,3.5242372647292797,13.0,36.0,22.17142857142857,25.383673469387755,3.2122448979591844,5.2240628210539715,0.01136283375976938,88.54523227383864,9.24643324739516,63.0,114.0,81.2204081632653,95.97142857142858,14.75102040816327,21.773970038944594,0.04736045685469188,145.81988590057048,12.760127728384346,114.0,189.0,134.6530612244898,157.84489795918367,23.19183673469388,33.898560881788434,0.07373259571895255,209.91850040749796,16.88891386697656,167.0,260.0,194.4530612244898,225.4408163265306,30.987755102040808,45.72639232895042,0.09945925465785842,418.8418907905461,28.83572513146971,359.0,501.0,391.51020408163265,443.865306122449,52.35510204081635,78.38411793283053,0.17049291556896254,1227
nonb_115_nb,False Positive,20.927465362673185,2.8733869245751444,13.0,31.0,22.90612244897959,20.053061224489795,-2.853061224489796,-2.696725946337695,-0.005865635554840017,73.47269763651181,6.551024442605494,54.0,94.0,78.85306122448979,73.15918367346939,-5.693877551020407,-4.849828373007971,-0.010548838222964593,122.31947840260798,7.798645968726884,100.0,153.0,128.75510204081633,120.88571428571429,-7.869387755102039,-7.776295564776245,-0.016914182848887974,181.5036674816626,9.918360042375017,154.0,221.0,190.74285714285713,180.15102040816328,-10.591836734693857,-11.224723843807492,-0.02441484250964109,382.9405052974735,15.020948612460769,339.0,435.0,397.0571428571429,380.9510204081633,-16.10612244897959,-16.62714334636796,-0.03616561902418262,1227
nonb_116_nb,False Positive,25.903830480847596,3.8244539799952997,14.0,41.0,22.857142857142858,26.620408163265306,3.763265306122449,5.223417726559578,0.011361430617856608,90.0122249388753,7.020915117267608,66.0,113.0,90.33877551020409,87.42857142857143,-2.9102040816326564,-3.5353089684063,-0.007689633427746154,142.3121434392828,8.749593031064588,113.0,172.0,145.84897959183672,138.16326530612244,-7.685714285714283,-9.926467191768275,-0.021591010748816263,202.9356153219234,11.264324887334624,168.0,242.0,209.75510204081633,197.50204081632654,-12.253061224489784,-14.822742368372856,-0.03224087518950049,404.91768541157296,16.583755128739174,362.0,478.0,417.6857142857143,396.55918367346936,-21.12653061224495,-24.664073015139806,-0.0536467058513101,1227
nonb_117_nb,False Positive,22.990220048899754,3.003377973329695,13.0,34.0,23.951020408163266,21.314285714285713,-2.6367346938775533,-3.058807132674433,-0.006653196590917747,78.39282803585982,6.041196312189232,63.0,100.0,79.18775510204081,74.16326530612245,-5.024489795918356,-7.537714135533554,-0.016395245536777722,125.35941320293398,7.636318807962565,104.0,154.0,125.92244897959183,119.57551020408164,-6.346938775510196,-10.29313571673184,-0.02238854968294038,183.07008964955176,9.619152497802965,155.0,217.0,183.28163265306122,175.70612244897958,-7.575510204081638,-12.128134880498234,-0.026379847483411066,373.94784026079867,13.335574234366605,333.0,422.0,371.9836734693878,366.41224489795917,-5.571428571428612,-10.860149884918329,-0.023621859456048572,1227
pair_0091_nb,False Positive,21.58272208638957,3.1343658291531455,11.0,32.0,21.518367346938774,20.930612244897958,-0.5877551020408163,-1.0159043667322372,-0.0022096886715219964,84.68459657701712,7.794892005773215,62.0,114.0,85.18367346938776,85.13469387755102,-0.04897959183674061,-0.23764166195455963,-0.0005168932288299231,139.04726976365117,10.27365017016022,113.0,184.0,138.55510204081634,140.73469387755102,2.179591836734687,2.437238676998798,0.00530122605111212,206.90057049714753,13.313163317669613,173.0,271.0,205.4,209.9142857142857,4.514285714285705,6.258332470552626,0.013612468668956233,427.2575387123064,19.3393876175143,364.0,510.0,423.7469387755102,432.81632653061223,9.069387755102014,13.484856207640782,0.029330845476108286,1227
pair_0272_nb,False Positive,22.922575387123064,3.4795531125273387,13.0,34.0,19.420408163265307,24.60816326530612,5.187755102040814,6.388856589919004,0.013896371049307243,76.71801140994295,6.568951688196405,55.0,95.0,70.57142857142857,80.03673469387755,9.465306122448979,12.301959972284829,0.026757933599314474,122.8875305623472,7.446986187333155,100.0,151.0,116.28979591836735,126.55918367346939,10.269387755102045,13.645094494397231,0.02967937899814516,181.2241238793806,8.398750534483158,153.0,208.0,176.31836734693877,184.54285714285714,8.224489795918373,12.167700676154597,0.026465906854061118,381.73838630806847,13.025366199580038,334.0,434.0,376.55918367346936,384.60816326530613,8.048979591836769,11.837834393889917,0.025748416299923697,1227
pair_0482_nb,False Positive,28.961695191524043,3.2312653139186334,20.0,39.0,29.23265306122449,28.1265306122449,-1.1061224489795904,-2.420394542978425,-0.005264588456723057,91.2599837000815,7.079940854973419,68.0,120.0,93.51836734693877,88.87755102040816,-4.6408163265306115,-8.315204319743874,-0.0180863606737224,143.5835370823146,8.721171508279363,119.0,188.0,147.0,140.934693877551,-6.0653061224489875,-11.425738473913492,-0.02485206845875692,205.97147514262429,10.34017972435004,178.0,257.0,209.45714285714286,204.10204081632654,-5.35510204081632,-11.371247899460824,-0.02473354627397678,410.61450692746536,15.089050034738717,359.0,471.0,416.52244897959184,410.1510204081633,-6.371428571428567,-11.291829599483922,-0.02456080391404877,1227
pair_0506_nb,False Positive,27.047269763651183,3.444431192191393,15.0,38.0,25.09795918367347,28.2,3.1020408163265287,3.076702531796787,0.006692120786942441,83.12632436837816,6.626821825002325,56.0,104.0,79.20816326530613,85.33877551020409,6.130612244897961,5.393507641582316,0.011731392368857669,132.97392013039934,8.395635020864342,105.0,165.0,128.66938775510204,135.31836734693877,6.648979591836735,5.490869125458931,0.01194316286124836,193.28280358598207,10.33012019169915,154.0,229.0,189.57142857142858,194.08163265306123,4.510204081632651,2.873434053025174,0.0062499925025017375,390.4237978810106,14.907200720955663,339.0,442.0,385.7755102040816,390.1224489795918,4.346938775510182,1.3472838336133874,0.002930470546195559,1227
pair_0567_nb,False Positive,21.339853300733495,3.2626509056324977,12.0,32.0,19.220408163265308,22.057142857142857,2.836734693877549,4.091722880147812,0.00889988663436175,76.29013854930726,7.375299127907821,56.0,103.0,72.12653061224489,81.02448979591837,8.897959183673478,12.642434475124041,0.027498498042684186,125.52567237163814,8.915337613338899,101.0,161.0,120.39591836734694,133.0530612244898,12.657142857142858,17.16658569801614,0.03733895747257452,185.2762836185819,10.582902814978514,149.0,234.0,181.35510204081632,194.11836734693878,12.763265306122463,17.08994687925584,0.037172260748789196,386.62754686226566,15.54132669055022,346.0,453.0,379.61224489795916,399.54285714285714,19.930612244897986,27.787493130938252,0.06044044182912073,1227
pair_0736_nb,False Positive,18.290138549307255,2.8646043656172027,8.0,28.0,16.632653061224488,20.461224489795917,3.828571428571429,5.04297444310824,0.010968949305292526,66.12061939690301,6.3770516349178,46.0,88.0,64.24489795918367,70.97142857142858,6.7265306122449005,9.541640451406861,0.020753975968258537,111.20211898940505,7.548370209548373,92.0,137.0,108.82448979591837,118.10204081632654,9.277551020408168,12.360400754999482,0.026885047862967876,166.4604726976365,9.764831902027062,136.0,199.0,165.36326530612246,175.1265306122449,9.763265306122435,12.959231620780004,0.028187561981033185,355.8524857375713,15.518222847909358,306.0,409.0,351.3591836734694,369.2857142857143,17.926530612244903,23.625972619322575,0.051388738704344905,1227
pair_0782_nb,False Positive,19.88671556642217,2.6949276910087656,12.0,29.0,18.346938775510203,20.15918367346939,1.8122448979591859,1.6350835835397377,0.0035564623894284654,71.039934800326,6.196000181702525,51.0,91.0,73.73061224489796,69.46122448979592,-4.269387755102031,-5.809593590468529,-0.01263641890259604,119.64955175224124,7.799614813669757,91.0,150.0,124.8,117.24489795918367,-7.5551020408163225,-10.696367560507474,-0.023265617314861278,177.90138549307252,10.344792170786905,150.0,216.0,185.48979591836735,173.4408163265306,-12.04897959183674,-15.907345316693606,-0.034599989813362944,372.3838630806846,15.720827512457626,326.0,427.0,387.14285714285717,367.130612244898,-20.012244897959192,-24.939209799065,-0.054245154538477454,1227
pair_0811_nb,False Positive,19.989405052974735,3.1574883844397243,10.0,30.0,19.722448979591835,17.624489795918368,-2.097959183673467,-1.1185062478596397,-0.002432857526611508,74.33659331703342,6.867590811444386,56.0,98.0,76.63265306122449,70.75510204081633,-5.877551020408163,-5.417638954150502,-0.011783880270039165,122.88590057049714,8.526483316731756,98.0,157.0,127.42857142857143,116.63673469387756,-10.791836734693874,-10.388458383440977,-0.022595885553977117,184.54686226568867,10.836942740941021,152.0,228.0,189.18775510204082,175.21632653061224,-13.97142857142859,-14.2644409579255,-0.031026516493584566,385.8549307253464,16.752578355462724,333.0,450.0,393.29795918367347,370.9510204081633,-22.346938775510182,-22.36405629046773,-0.04864395060460626,1227
pair_0822_nb,False Positive,19.614506927465364,2.7919814419514677,10.0,29.0,17.90612244897959,19.440816326530612,1.534693877551021,1.8978759666462248,0.0041280608301168574,69.61776691116545,6.364232052497869,51.0,92.0,65.13877551020408,68.2530612244898,3.114285714285714,3.8008171196929026,0.00826713892265993,116.1002444987775,8.490690521453034,91.0,142.0,108.07755102040817,114.06530612244897,5.987755102040808,7.199039525975001,0.015658596032572067,172.22982885085574,10.646394305427979,142.0,208.0,163.27755102040817,168.35102040816327,5.073469387755097,6.7954015115917885,0.014780644940928315,361.2078239608802,16.133105795221734,322.0,416.0,349.1061224489796,353.265306122449,4.159183673469386,8.436290945581103,0.01834973560757172,1227
pair_1654_nb,False Positive,19.319478402607988,3.007836066767233,10.0,29.0,16.742857142857144,20.253061224489795,3.5102040816326507,4.924906222374424,0.010712139689775803,65.62021189894051,5.85348263521844,46.0,88.0,61.36734693877551,67.72244897959183,6.35510204081632,9.15264050715577,0.019907864072116952,109.70334148329259,7.178707099140868,87.0,137.0,103.16734693877551,112.86938775510204,9.70204081632653,13.074353113576446,0.028437962182874255,165.79462102689487,8.84643249958218,138.0,190.0,157.80408163265307,169.465306122449,11.661224489795927,15.634040282567318,0.03400552535631825,353.4506927465363,11.682702923761342,318.0,391.0,344.134693877551,355.9142857142857,11.77959183673471,15.900958084786128,0.03458609697615254,1227
cdca_001_binder,Binder,20.316218418907905,2.8890523841658786,11.0,32.0,20.228571428571428,21.64081632653061,1.4122448979591837,1.556549301944044,0.0033856428536031408,72.24857375713121,5.957003302742023,53.0,93.0,69.7795918367347,73.55510204081632,3.775510204081627,5.373517676385558,0.01168791229230138,119.08149959250204,6.462218580477309,99.0,140.0,117.2326530612245,119.15510204081633,1.9224489795918345,2.386093036961523,0.0051899794169908125,175.06764466177668,7.872112761264125,153.0,201.0,174.26530612244898,175.45714285714286,1.1918367346938794,-0.24977899540469675,-0.0005432930840776435,362.71393643031786,12.298202957991828,325.0,404.0,366.3795918367347,360.64897959183673,-5.730612244897941,-9.714247031370707,-0.021129411704993377,1227
glca_001_binder,Binder,21.26242868785656,2.8063698011645752,14.0,33.0,21.224489795918366,20.755102040816325,-0.46938775510204067,-0.348128031346814,-0.0007572115961866535,69.97962510187449,5.531600750995715,54.0,91.0,69.56734693877551,72.02448979591837,2.4571428571428555,3.54106703407851,0.0077021577685231326,116.53382233088834,6.553357350377799,94.0,149.0,115.0204081632653,119.71428571428571,4.693877551020407,5.379164244243927,0.011700194114723056,174.35289323553383,8.517693231512647,144.0,207.0,172.16734693877552,177.69387755102042,5.526530612244898,6.532648949133107,0.014209133113938236,366.1801140994295,12.836797491279984,327.0,413.0,361.51020408163265,371.61224489795916,10.102040816326507,11.89649817223227,0.02587601560028769,1227
lca3s_001_binder,Binder,19.28280358598207,2.742236155507158,12.0,28.0,18.979591836734695,20.142857142857142,1.1632653061224474,0.9419972444111724,0.0020489336474413746,69.09779951100245,6.405113588409152,47.0,87.0,62.61224489795919,72.7673469387755,10.155102040816317,11.621202105715849,0.025277220458327032,115.75468622656886,8.34217105390325,89.0,139.0,106.42040816326531,121.56734693877551,15.146938775510208,17.343253984055814,0.037723227806537925,172.5158924205379,10.369554524732555,134.0,200.0,160.39183673469387,179.0612244897959,18.669387755102036,21.41204813519906,0.04657324227340742,357.6128769356153,15.761959833307884,300.0,399.0,340.0408163265306,366.32244897959185,26.28163265306125,29.573504933778267,0.06432518745791901,1227
lca_001_binder,Binder,20.34637326813366,3.453945614879981,10.0,29.0,17.759183673469387,20.016326530612243,2.2571428571428562,4.534464770672888,0.00986289237775506,67.6039119804401,6.504559320190167,49.0,88.0,63.68163265306122,70.44081632653061,6.759183673469387,10.605170312910653,0.023067254622970417,112.92176039119805,7.72101615479174,89.0,136.0,109.17142857142858,116.36326530612244,7.191836734693865,11.943295397529534,0.02597780401855253,169.13447432762837,9.560036851041382,143.0,199.0,165.0408163265306,173.4857142857143,8.444897959183692,13.90609494835262,0.030247079822409175,357.18663406682964,13.232614520211115,319.0,405.0,351.3469387755102,361.8734693877551,10.526530612244926,17.468107643175134,0.03799479639624827,1227
pair_0008_low_pkt,Low Confidence,29.667481662591687,3.2757453121248967,20.0,42.0,30.816326530612244,29.8734693877551,-0.9428571428571431,-0.05971504344432563,-0.00012988590199962288,88.58516707416463,7.543184558596233,62.0,115.0,91.26122448979592,86.75510204081633,-4.506122448979596,-2.06325111696917,-0.004487767519236914,141.5810920945395,8.971324476687332,117.0,175.0,144.22857142857143,139.82448979591837,-4.40408163265306,-0.969107141434981,-0.0021079002532571594,203.05134474327627,11.170084818396958,167.0,244.0,207.88163265306122,199.5265306122449,-8.35510204081632,-4.915620047306935,-0.010691941375327738,399.8239608801956,16.64378157138649,356.0,457.0,406.9102040816326,394.19591836734696,-12.714285714285666,-7.463719407787316,-0.01623429996256079,1227
pair_0065_low_pkt,Low Confidence,29.97962510187449,4.066930926609755,18.0,42.0,26.39591836734694,31.79591836734694,5.399999999999999,6.557544818139103,0.014263283998127462,92.7799511002445,10.315582202834113,64.0,119.0,83.11020408163266,94.69795918367348,11.587755102040816,14.020881947707524,0.03049675246918439,145.72534637326814,14.571310798711899,102.0,184.0,130.6326530612245,148.46938775510205,17.83673469387756,20.45704546721565,0.04449602059209496,208.65118174409128,17.543117351575287,162.0,254.0,191.04897959183674,210.61632653061224,19.5673469387755,23.326768235865664,0.050737940697913333,412.4237978810106,25.365874069706155,340.0,477.0,388.29795918367347,412.18367346938777,23.8857142857143,32.93091914019257,0.07162788284979353,1227
pair_0393_low_pkt,Low Confidence,22.23390383048085,3.540413966173464,12.0,33.0,21.824489795918367,20.53469387755102,-1.2897959183673464,-3.019265229406753,-0.006567189188486682,78.8679706601467,6.566356872805975,56.0,105.0,75.46938775510205,76.40408163265306,0.9346938775510125,0.2511567898186546,0.0005462899180394907,130.37082314588426,7.495517566720093,110.0,152.0,125.40816326530613,127.89795918367346,2.489795918367335,2.4766690824526374,0.0053869909351878945,191.4083129584352,8.940372757500176,163.0,223.0,185.79591836734693,188.91020408163266,3.114285714285728,4.621265818752337,0.010051692917351486,393.66911165444174,12.810309982007816,353.0,431.0,385.0408163265306,391.62857142857143,6.5877551020408305,9.966279875441012,0.02167760712439589,1227
pair_0482_low_pkt,Low Confidence,28.636511817440912,3.527038911112861,17.0,40.0,27.26938775510204,30.10612244897959,2.836734693877549,3.994759602749219,0.008688982278954252,87.44009779951101,8.072630124169546,62.0,116.0,83.39591836734694,84.7265306122449,1.3306122448979636,2.48081839395363,0.0053960160825527615,139.68215158924207,10.106202115831374,104.0,168.0,135.40408163265306,135.84489795918367,0.44081632653060865,1.2717838853802519,0.002766250974182158,201.51833740831296,12.925664765253929,167.0,239.0,197.37551020408162,194.9061224489796,-2.4693877551020194,-1.5866935323303806,-0.0034512094232308646,409.7424612876936,19.73526123661281,355.0,467.0,404.77142857142854,395.9510204081633,-8.820408163265256,-7.966789579732879,-0.01732852545890785,1227
pair_0947_low_pkt,Low Confidence,21.283618581907092,2.9551525228264186,13.0,31.0,22.37142857142857,20.195918367346938,-2.1755102040816325,-1.756544523466308,-0.0038206514920419966,69.94865525672371,5.565770729659765,53.0,90.0,72.80408163265307,68.14693877551021,-4.657142857142858,-4.294433869850193,-0.009340802327025981,115.46617766911166,6.376616970462754,97.0,141.0,120.2204081632653,112.18367346938776,-8.036734693877548,-8.095609375373318,-0.017608720772970782,172.34066829665852,7.900646329909674,150.0,206.0,176.66938775510204,170.89795918367346,-5.771428571428572,-5.535022259742122,-0.0120392001299448,360.0586797066015,11.744556909553108,323.0,406.0,366.2612244897959,361.5469387755102,-4.714285714285666,-1.6086187810103294,-0.003498898925525457,1227
pair_0948_low_pkt,Low Confidence,22.62917685411573,3.51713415379115,12.0,32.0,20.224489795918366,23.579591836734693,3.355102040816327,5.267539004324522,0.011457398595594394,75.90138549307254,6.813684612521286,54.0,100.0,71.57959183673469,77.88163265306123,6.302040816326539,10.015498196124652,0.021784661655518563,122.08801955990221,7.750305296062632,97.0,152.0,118.26938775510204,124.80408163265307,6.534693877551021,10.940715019551941,0.023797096290488172,178.33740831295844,9.094913494578567,148.0,205.0,175.31020408163266,182.3877551020408,7.077551020408151,11.21711013594769,0.024398281970522444,364.6120619396903,13.415962632946494,319.0,412.0,365.2938775510204,370.5795918367347,5.285714285714334,8.777243296193939,0.01909133941532125,1227
pair_1331_low_pkt,Low Confidence,22.182559087204563,3.3620329410510617,11.0,35.0,19.877551020408163,22.387755102040817,2.5102040816326543,3.127808351186254,0.0068032808073654315,82.08883455582722,8.650005160072839,59.0,107.0,73.79591836734694,85.91428571428571,12.118367346938768,16.675899747537095,0.03627166883640478,135.19315403422982,12.348683892729174,106.0,169.0,123.44897959183673,140.92244897959185,17.473469387755117,25.296647897868,0.055022616417331166,198.35370823145885,16.001387741049292,153.0,251.0,183.63673469387754,205.66530612244898,22.02857142857144,32.12545893296591,0.06987593025114937,405.7465362673187,25.86710082866786,340.0,492.0,380.2040816326531,417.9183673469388,37.71428571428572,54.70180706099723,0.11898163580423553,1227
pair_1413_low_pkt,Low Confidence,26.19478402607987,3.4084183878890952,15.0,37.0,23.783673469387754,25.461224489795917,1.6775510204081634,0.9280679818099258,0.002018636175769283,86.65036674816626,8.061044974180751,64.0,110.0,79.96326530612245,83.52244897959184,3.5591836734693914,2.624547040131252,0.005708639565266457,143.279543602282,11.349709507479501,112.0,177.0,132.87755102040816,137.3469387755102,4.469387755102048,3.5153349314686633,0.007646187996669206,209.66748166259168,15.010464497550462,175.0,256.0,195.67755102040817,201.71836734693878,6.040816326530603,6.034086474518768,0.013124712288240938,418.93561532192336,24.652101147002607,360.0,494.0,395.61224489795916,405.22857142857146,9.616326530612298,10.016414071024123,0.02178665377057992,1227
pair_1931_low_pkt,Low Confidence,21.366748166259168,2.9307357717753453,14.0,33.0,22.99591836734694,21.306122448979593,-1.689795918367345,-2.535149685815089,-0.005514191812539616,76.33496332518338,5.82559132811497,61.0,95.0,78.84897959183674,75.69795918367348,-3.1510204081632622,-5.093626307112764,-0.011079121929554679,129.28443357783212,6.601951545298427,107.0,160.0,133.11020408163265,128.13877551020408,-4.971428571428561,-8.031944123667001,-0.017470242792097888,193.11572942135288,8.405841025337685,169.0,230.0,198.0938775510204,191.67755102040817,-6.416326530612224,-10.383982542628008,-0.022586150174286033,394.88508557457214,12.273466357102214,360.0,440.0,402.0040816326531,392.65714285714284,-9.346938775510239,-14.182880307096834,-0.03084911431668697,1227
pair_0014_fail_gate,Fail Geometry,24.43439282803586,3.370792209001436,14.0,36.0,21.383673469387755,24.012244897959185,2.62857142857143,2.3928944036061583,0.005204773036663747,86.21678891605542,8.162486704426682,61.0,110.0,76.50204081632653,86.62857142857143,10.126530612244906,8.688395466817449,0.018898086931631225,142.73268133659332,10.990412932597938,101.0,174.0,126.92244897959183,144.63673469387754,17.714285714285708,16.432261096023502,0.035741731584607965,209.16951915240423,13.799907279618939,164.0,245.0,189.77142857142857,212.0530612244898,22.281632653061223,21.488535635497712,0.04673960986513913,418.158924205379,20.211675472645336,346.0,472.0,391.76326530612243,422.35510204081635,30.591836734693914,27.059117733727316,0.05885615602768309,1227
pair_0263_fail_gate,Fail Geometry,21.301548492257538,2.777313357331562,14.0,32.0,21.355102040816327,21.146938775510204,-0.20816326530612272,-0.15088839865246984,-0.00032819662567149405,74.85330073349633,5.5503617165936125,55.0,96.0,75.60816326530612,75.5265306122449,-0.08163265306122014,0.19440440257082117,0.00042284807519482376,119.90546047269764,6.472878242507356,100.0,141.0,121.63673469387756,120.26938775510204,-1.367346938775512,-0.9190685154066082,-0.001999061479949122,174.33414832925834,7.90154365702155,142.0,200.0,177.04897959183674,173.68979591836734,-3.3591836734694027,-2.207170902256237,-0.004800806747702531,362.7449062754686,12.274673459131124,325.0,401.0,367.069387755102,361.3387755102041,-5.730612244897941,-2.9124582878714254,-0.006334873926854653,1227
pair_0540_fail_gate,Fail Geometry,20.13691931540342,2.6546690511240962,11.0,30.0,21.62857142857143,19.461224489795917,-2.1673469387755127,-2.4335353567531843,-0.005293170977168424,70.79543602281989,5.456925826856248,55.0,87.0,72.66938775510204,70.16734693877551,-2.5020408163265273,-1.8446277964049929,-0.0040122409927242884,118.30317848410758,6.202716338729215,98.0,140.0,120.66122448979591,118.19183673469388,-2.4693877551020336,-1.7713339120600824,-0.0038528198195977846,180.49877750611248,7.863274801254769,156.0,211.0,182.45714285714286,181.18367346938774,-1.2734693877551138,0.15868528149215874,0.00034515558780241035,386.13854930725347,12.02091516821713,344.0,443.0,386.53469387755104,387.28979591836736,0.7551020408163254,1.3259399663913745,0.0028840456038964095,1227
pair_0715_fail_gate,Fail Geometry,23.10920945395273,2.982885976280368,14.0,32.0,22.3265306122449,22.3265306122449,0.0,0.20925750420107897,0.0004551549846679243,77.87938060309699,6.910072513572839,54.0,99.0,72.68571428571428,80.28163265306122,7.59591836734694,9.968557616495309,0.021682561427939763,127.60880195599022,8.580897689994767,92.0,152.0,119.86938775510204,130.82448979591837,10.955102040816328,14.571171443817049,0.03169368448899847,184.54604726976365,10.457432959327306,147.0,219.0,175.59183673469389,189.5061224489796,13.914285714285711,18.144453381967615,0.03946591273946192,371.27383863080684,14.963633999721708,322.0,414.0,356.7918367346939,380.1020408163265,23.310204081632605,28.531310975366953,0.06205831642276659,1227
pair_0997_fail_gate,Fail Geometry,21.286063569682153,3.015389985069106,13.0,30.0,20.56326530612245,22.06122448979592,1.4979591836734691,1.715760215987194,0.0037319417422233686,86.3561532192339,8.757782011244341,58.0,110.0,77.9673469387755,88.8,10.832653061224491,13.878053248170247,0.030186086456052724,141.60309698451508,12.344211206508392,110.0,176.0,130.0326530612245,143.20408163265307,13.171428571428578,17.86660879399186,0.038861574320808834,206.4482477587612,16.070988194844382,164.0,254.0,192.4612244897959,206.27755102040817,13.816326530612258,19.042839052905716,0.041419987064504,416.0048899755501,24.52944226068606,360.0,497.0,396.1877551020408,412.0163265306122,15.828571428571422,21.215023534002853,0.04614469501686319,1227
pair_1094_fail_gate,Fail Geometry,21.290138549307255,2.9195558878485413,12.0,31.0,22.187755102040818,20.653061224489797,-1.534693877551021,-1.9687328273456346,-0.004282181244906222,78.45150774246129,7.081080357594182,59.0,102.0,80.17551020408163,82.51836734693877,2.3428571428571416,3.5449694575631394,0.007710645910958426,130.05134474327627,9.232387151722673,106.0,162.0,133.35510204081632,137.31836734693877,3.9632653061224516,5.042130245374832,0.010967113094888162,190.21515892420538,11.192950906491014,162.0,225.0,196.12244897959184,198.66122448979593,2.53877551020409,4.192875289695216,0.009119902750832435,388.36837815810924,17.37935460954412,343.0,451.0,396.44081632653064,403.6938775510204,7.253061224489784,8.315514920796739,0.01808703626056929,1227
pair_1682_fail_gate,Fail Geometry,29.151589242053788,3.8177516564934537,14.0,40.0,26.930612244897958,29.485714285714284,2.555102040816326,4.147240827313782,0.009020643452558519,94.04156479217603,9.508323475688899,54.0,131.0,86.04081632653062,97.6,11.559183673469377,16.788847032963535,0.036517339930317624,151.52648736756316,12.77859511853262,103.0,189.0,139.84081632653061,157.07755102040815,17.236734693877537,24.069646313006224,0.052353771208278894,219.0757946210269,15.688230605896942,155.0,265.0,203.70204081632653,227.17551020408163,23.473469387755102,30.81809131670954,0.06703228127614906,428.59739201303995,23.078144271033903,337.0,511.0,406.1020408163265,440.5265306122449,34.42448979591842,44.706888175656864,0.09724173610800835,1227
pair_1739_fail_gate,Fail Geometry,21.728606356968214,3.0070043085893357,10.0,31.0,20.477551020408164,23.351020408163265,2.873469387755101,2.881660998861128,0.00626788689257451,72.07334963325184,5.845149183344776,54.0,91.0,71.56326530612245,74.34285714285714,2.7795918367346957,3.90974251969131,0.00850406203304255,120.13447432762837,7.487605174128505,97.0,151.0,119.93877551020408,123.59591836734694,3.6571428571428584,5.7105676035137725,0.012421027957615604,180.8638956805216,9.460434082140855,150.0,208.0,181.11020408163265,185.45714285714286,4.3469387755102105,6.747823801597603,0.01467715889417641,381.319478402608,14.642514504817118,334.0,426.0,382.2040816326531,387.1795918367347,4.9755102040816155,8.719352038418965,0.018965420420704652,1227
pair_1745_fail_gate,Fail Geometry,18.6479217603912,2.631063602598791,11.0,27.0,17.551020408163264,19.783673469387754,2.2326530612244895,2.623909909766411,0.005707253746093338,66.1638141809291,7.104188724440247,50.0,92.0,61.86938775510204,75.31836734693877,13.448979591836732,14.783821667210884,0.03215621896076319,110.70986145069274,9.929692150684883,90.0,141.0,104.63673469387756,125.71836734693878,21.08163265306122,22.91882162739024,0.04985061800411142,166.79299103504482,11.599097136367671,137.0,203.0,159.35102040816327,183.89795918367346,24.5469387755102,26.266607201165947,0.05713237020373237,353.31051344743275,17.658000081890247,310.0,412.0,339.930612244898,379.1102040816327,39.17959183673469,43.3913732548601,0.09438036597033195,1227
pair_1941_fail_gate,Fail Geometry,19.517522412387937,3.318267493592573,9.0,29.0,17.46530612244898,21.722448979591835,4.257142857142856,5.5438226229064265,0.012058341757273364,85.01303993480033,7.767180203510708,64.0,110.0,79.0,92.08163265306122,13.08163265306122,16.86340721390856,0.03667951541905069,143.1792991035045,9.999044542669205,112.0,177.0,133.8530612244898,153.80816326530612,19.955102040816314,24.06325111696917,0.052339861048328815,211.74898125509372,12.914763076383826,175.0,248.0,199.73469387755102,224.86530612244897,25.130612244897947,30.720992649108414,0.06682108243416732,436.0717196414018,17.537564495575673,374.0,493.0,425.41224489795917,452.6612244897959,27.248979591836758,32.62203833931971,0.07095603771467038,1227
