seq_id,seq_type,hydration_count_ligand_3A_mean,hydration_count_ligand_3A_std,hydration_count_ligand_3A_min,hydration_count_ligand_3A_max,hydration_count_ligand_3A_early20_mean,hydration_count_ligand_3A_late20_mean,hydration_count_ligand_3A_drift20,hydration_count_ligand_3A_slope,hydration_count_ligand_3A_slope_per_ns,hydration_count_ligand_4A_mean,hydration_count_ligand_4A_std,hydration_count_ligand_4A_min,hydration_count_ligand_4A_max,hydration_count_ligand_4A_early20_mean,hydration_count_ligand_4A_late20_mean,hydration_count_ligand_4A_drift20,hydration_count_ligand_4A_slope,hydration_count_ligand_4A_slope_per_ns,hydration_count_ligand_5A_mean,hydration_count_ligand_5A_std,hydration_count_ligand_5A_min,hydration_count_ligand_5A_max,hydration_count_ligand_5A_early20_mean,hydration_count_ligand_5A_late20_mean,hydration_count_ligand_5A_drift20,hydration_count_ligand_5A_slope,hydration_count_ligand_5A_slope_per_ns,hydration_count_ligand_6A_mean,hydration_count_ligand_6A_std,hydration_count_ligand_6A_min,hydration_count_ligand_6A_max,hydration_count_ligand_6A_early20_mean,hydration_count_ligand_6A_late20_mean,hydration_count_ligand_6A_drift20,hydration_count_ligand_6A_slope,hydration_count_ligand_6A_slope_per_ns,hydration_count_ligand_8A_mean,hydration_count_ligand_8A_std,hydration_count_ligand_8A_min,hydration_count_ligand_8A_max,hydration_count_ligand_8A_early20_mean,hydration_count_ligand_8A_late20_mean,hydration_count_ligand_8A_drift20,hydration_count_ligand_8A_slope,hydration_count_ligand_8A_slope_per_ns,n_frames
bind_019_binder,Binder,3.0488997555012225,1.4242818046519778,0.0,7.0,1.8489795918367347,4.004081632653061,2.155102040816326,3.1160771883437004,0.006777764411840565,6.737571312143439,2.960415007927218,2.0,17.0,3.453061224489796,9.085714285714285,5.63265306122449,7.929214816466633,0.017246796773173756,11.252648736756317,4.783808511274167,2.0,24.0,5.702040816326531,15.318367346938775,9.616326530612245,13.474717870710316,0.029308793628516197,16.19722901385493,6.550180607988409,4.0,35.0,8.685714285714285,21.59591836734694,12.910204081632655,18.25182577670174,0.03969945791561007,35.2999185004075,11.895210421140224,13.0,66.0,22.261224489795918,45.28163265306122,23.020408163265305,33.478835325693076,0.07281965269318776,1227
bind_020_binder,Binder,2.9103504482477587,0.9631086541995211,0.0,8.0,3.053061224489796,2.8938775510204082,-0.1591836734693879,0.02595509823753807,5.645480856452003e-05,8.112469437652813,1.9915222146748779,3.0,17.0,9.0,7.808163265306122,-1.1918367346938776,-0.8658044169062545,-0.0018832069970772247,14.008964955175225,2.881651108238349,7.0,27.0,15.8,13.371428571428572,-2.428571428571429,-1.8607870152831656,-0.004047388831502261,20.125509372453138,3.729075996627645,9.0,40.0,22.473469387755102,19.240816326530613,-3.2326530612244895,-2.2855299730015974,-0.004971245183255246,41.880195599022,6.0916250946901975,23.0,65.0,45.563265306122446,40.56734693877551,-4.995918367346938,-2.7547924149630036,-0.005991935649729214,1227
bind_022_binder,Binder,2.577832110839446,1.2149962967651726,0.0,6.0,1.6653061224489796,2.63265306122449,0.9673469387755103,1.0300725532202948,0.002240505825384004,8.148329258353709,3.0426209151647905,1.0,18.0,4.56734693877551,9.526530612244898,4.959183673469387,6.672053072959389,0.014512350349014436,13.249388753056234,5.350143158712317,1.0,27.0,6.746938775510204,16.89387755102041,10.146938775510206,14.549349728821388,0.031646220182319496,19.21515892420538,8.040707253780743,4.0,40.0,9.318367346938775,25.416326530612245,16.09795918367347,23.486122504240885,0.05108455139584752,42.24205378973105,17.709995382558528,11.0,74.0,20.955102040816328,57.093877551020405,36.13877551020408,52.64322292395054,0.11450401941044161,1227
bind_034_binder,Binder,2.34718826405868,0.8631257044437725,0.0,6.0,2.0040816326530613,2.257142857142857,0.25306122448979584,0.15653496651083518,0.00034047844809317104,3.924205378973105,1.282428135838281,1.0,10.0,3.473469387755102,3.5428571428571427,0.06938775510204076,-0.25428669273591803,-0.0005530977547273899,5.829665851670741,1.6551517861535117,2.0,13.0,5.322448979591837,5.424489795918367,0.1020408163265305,-0.22776614129958675,-0.0004954130316467354,8.506112469437653,2.011520235161029,3.0,17.0,8.824489795918367,8.053061224489795,-0.7714285714285722,-0.8549174517971054,-0.001859526811956727,20.43439282803586,4.41283124105914,11.0,37.0,25.281632653061223,17.37142857142857,-7.910204081632653,-8.442901173116281,-0.018364113481492732,1227
bind_041_binder,Binder,3.6096169519152403,1.1603355471071815,0.0,7.0,3.36734693877551,3.6653061224489796,0.2979591836734694,0.14270127346431663,0.00031038884929704576,8.01955990220049,1.9724117106408534,2.0,15.0,7.473469387755102,7.126530612244898,-0.34693877551020424,-0.516656976975701,-0.0011237780902135974,13.161369193154034,2.6102501386403185,5.0,22.0,12.17142857142857,12.408163265306122,0.2367346938775512,-0.16703168927152082,-0.0003633098189701384,18.493072534637328,3.420143969639266,8.0,32.0,17.314285714285713,18.387755102040817,1.0734693877551038,0.19358409722609354,0.00042106383300944783,37.72534637326813,6.354537599810817,14.0,64.0,36.546938775510206,41.587755102040816,5.04081632653061,4.411960529773898,0.009596433996245561,1227
bind_043_binder,Binder,3.9600651996740015,1.3110536256923033,0.0,7.0,2.5714285714285716,3.779591836734694,1.2081632653061223,1.2533469254477845,0.002726148831860323,7.8288508557457215,1.7933270041607472,3.0,15.0,6.840816326530613,8.26530612244898,1.424489795918367,1.483669552336278,0.003227122462939157,12.431132844335778,2.322234177962982,5.0,22.0,11.236734693877551,12.93061224489796,1.6938775510204085,1.371518679865884,0.00298318364299268,17.711491442542787,3.243182049305742,8.0,28.0,15.048979591836735,18.122448979591837,3.073469387755102,2.225400794820131,0.004840458498793105,39.07253463732681,5.600860367113006,21.0,58.0,34.481632653061226,39.714285714285715,5.2326530612244895,3.2756385240875106,0.007124825501005996,1227
bind_069_binder,Binder,1.0994295028524856,0.48938995394137613,0.0,4.0,1.0612244897959184,1.089795918367347,0.02857142857142847,0.20361093634271243,0.0004428731622462478,2.3512632436837815,1.0944051023705874,1.0,7.0,2.3877551020408165,2.1551020408163266,-0.23265306122448992,0.03390329953887693,7.374290274905243e-05,4.530562347188264,1.6328943188537266,1.0,12.0,4.636734693877551,4.453061224489796,-0.18367346938775508,0.14717711427729505,0.0003201242289881351,7.568867155664222,2.219960337492045,2.0,18.0,7.604081632653061,7.3428571428571425,-0.26122448979591884,0.17200927024680807,0.0003741365312600509,26.72045639771801,3.859293395554751,16.0,43.0,27.68979591836735,25.930612244897958,-1.7591836734693906,-1.1329133582345123,-0.0024641943626634295,1227
bind_076_binder,Binder,2.1010594947025263,0.9396927755137852,0.0,5.0,1.7183673469387755,2.057142857142857,0.3387755102040815,0.36555354682509933,0.0007951137505711794,4.387938060309699,1.399540465765774,0.0,8.0,3.510204081632653,4.489795918367347,0.9795918367346936,1.3865390282169114,0.0030158543299987186,6.232273838630807,1.7957665411307444,1.0,15.0,4.8040816326530615,6.187755102040816,1.3836734693877544,1.8616630695348146,0.004049294332865286,8.560717196414018,2.550265110604397,1.0,17.0,5.461224489795918,9.093877551020409,3.6326530612244907,4.448364565994763,0.00967561623924907,20.122249388753055,6.427304136341506,2.0,36.0,9.122448979591837,21.738775510204082,12.616326530612245,14.419152138766991,0.031363028034294714,1227
bind_080_binder,Binder,2.9902200488997557,1.1180823321820856,0.0,7.0,2.5061224489795917,3.4448979591836735,0.9387755102040818,1.0574293382604747,0.0023000094361293635,8.425427872860636,1.9934543763896744,3.0,15.0,8.212244897959184,7.53469387755102,-0.6775510204081643,-0.8785629524621104,-0.001910958026018729,13.315403422982886,2.341806517004611,6.0,21.0,12.591836734693878,12.653061224489797,0.06122448979591866,0.39698796620023424,0.0008634866040244346,17.41483292583537,2.665217114289144,10.0,27.0,15.848979591836734,17.68979591836735,1.8408163265306143,2.8301808653823173,0.006155912703387315,30.14995925020375,4.84296240326262,17.0,47.0,28.481632653061226,32.18775510204082,3.706122448979592,5.259049242213074,0.011438932555112717,1227
bind_083_binder,Binder,1.8035859820700897,1.3254650340090133,0.0,6.0,0.17551020408163265,2.595918367346939,2.4204081632653063,3.1447082341135535,0.006840039660932142,2.8223308883455585,1.5044807116149073,0.0,8.0,1.1428571428571428,3.5510204081632653,2.4081632653061225,3.0770927741452505,0.00669296960118597,4.474327628361858,2.2688028646638574,0.0,11.0,1.889795918367347,5.877551020408164,3.9877551020408166,5.1073564664749975,0.011108986332735172,6.767726161369193,3.3842246274812173,1.0,16.0,2.6653061224489796,9.612244897959183,6.946938775510203,9.492167278577286,0.02064636710946664,19.317033414832927,8.631346465680739,2.0,44.0,9.097959183673469,27.979591836734695,18.881632653061224,24.974124543058064,0.05432109742916383,1227
bind_088_binder,Binder,3.2029339853300733,1.1327780787763166,0.0,7.0,3.4938775510204083,2.857142857142857,-0.6367346938775511,-0.8541051105819384,-0.0018577598925110113,6.223308883455583,1.4213454161890322,2.0,11.0,6.404081632653061,6.204081632653061,-0.20000000000000018,-0.16852894562888754,-0.00036656649402694384,9.079869600651996,1.7463835677531143,4.0,16.0,9.085714285714285,9.248979591836735,0.16326530612244916,0.6257894443426806,0.0013611515918274728,12.128769356153219,2.086096021525638,6.0,25.0,12.30204081632653,11.93469387755102,-0.36734693877551017,-0.03797296974427163,-8.259482271728509e-05,26.378158109209455,4.7355953796859955,12.0,47.0,27.53061224489796,20.910204081632653,-6.6204081632653065,-6.443912617570463,-0.014016123148603508,1227
bind_099_binder,Binder,2.2249388753056234,1.046559493270635,0.0,5.0,1.346938775510204,2.240816326530612,0.893877551020408,0.9018978520742569,0.0019617136532338385,3.8924205378973107,1.3462494343654503,0.0,8.0,2.5428571428571427,3.906122448979592,1.3632653061224493,1.4418578721438644,0.003136178079703892,5.583537082314589,1.6400119886115259,0.0,11.0,4.240816326530612,5.583673469387755,1.3428571428571434,1.3654898337886165,0.0029700703290671377,6.859005704971475,1.8298903701803064,1.0,13.0,5.518367346938776,6.530612244897959,1.0122448979591834,0.9814674705128078,0.0021347851452154665,14.341483292583536,3.602941669232067,3.0,26.0,11.481632653061224,12.848979591836734,1.3673469387755102,0.26493473395825207,0.0005762582576579686,1227
bind_100_binder,Binder,3.4295028524857374,1.2608621766378636,0.0,7.0,3.759183673469388,3.053061224489796,-0.7061224489795919,-0.6863168290021742,-0.00149280441327281,8.463732681336593,2.0608383463403737,3.0,15.0,8.979591836734693,8.10204081632653,-0.8775510204081627,-0.987942307845464,-0.002148868532562183,13.30480847595762,2.706808950474689,6.0,22.0,13.640816326530611,13.36734693877551,-0.2734693877551013,-0.16934925097361492,-0.00036835073621232194,17.512632436837816,3.6651349913296674,9.0,31.0,17.114285714285714,17.983673469387757,0.8693877551020428,1.3393913812189882,0.0029133037111886665,31.643031784841074,8.123619457499796,16.0,65.0,29.00408163265306,32.546938775510206,3.5428571428571445,4.799980886089053,0.010440415195408495,1227
bind_101_binder,Binder,2.6862265688671556,1.1005656206800505,0.0,7.0,2.5795918367346937,2.1061224489795918,-0.47346938775510194,-0.606564035583731,-0.001319334498278914,5.69437652811736,1.6568720832581998,1.0,11.0,5.848979591836735,4.571428571428571,-1.277551020408164,-1.2416077984756653,-0.0027006151135957916,8.988590057049715,2.4317648416632953,3.0,17.0,9.457142857142857,6.8979591836734695,-2.559183673469388,-2.389740608300215,-0.005197913231756857,12.493887530562347,2.9578269293232564,4.0,24.0,13.093877551020409,9.453061224489796,-3.6408163265306133,-4.050707612911447,-0.008810674525092885,23.991035044824777,5.493635747754688,11.0,46.0,23.195918367346938,18.83265306122449,-4.363265306122447,-7.125873067703065,-0.015499452023280184,1227
bind_102_binder,Binder,3.589242053789731,1.1891173180198367,0.0,7.0,3.840816326530612,3.2285714285714286,-0.6122448979591835,-1.1988404227359972,-0.0026075920016008633,8.311328443357784,2.4002635916504826,3.0,16.0,9.63265306122449,6.551020408163265,-3.0816326530612246,-4.855076734388315,-0.010560253908403075,14.092909535452323,4.095578580157094,4.0,26.0,16.681632653061225,9.616326530612245,-7.06530612244898,-10.009110964217165,-0.021770768818308136,19.766911165444174,5.6001903996998905,7.0,34.0,23.13061224489796,12.383673469387755,-10.746938775510205,-14.433654818696592,-0.0313945727432226,37.17440912795436,9.716464339233546,16.0,62.0,41.96326530612245,22.881632653061224,-19.081632653061227,-24.076543249205567,-0.052368772700827786,1227
bind_110_binder,Binder,2.0709046454767726,1.3171897475945953,0.0,7.0,2.820408163265306,1.1142857142857143,-1.7061224489795919,-2.5876970126550014,-0.005628487248841767,3.6324368378158107,1.8757729216702912,0.0,9.0,4.995918367346939,2.1142857142857143,-2.881632653061225,-4.383377268781411,-0.009534262683591971,5.017114914425428,2.5291520506266782,0.0,12.0,6.910204081632653,2.583673469387755,-4.326530612244898,-6.227455540246728,-0.01354530840727945,6.937245313773431,3.006671187427668,1.0,20.0,9.114285714285714,3.7020408163265306,-5.412244897959184,-7.3402276148228385,-0.015965693561332987,17.16870415647922,3.9359250891943605,8.0,41.0,16.942857142857143,15.70204081632653,-1.240816326530613,-0.48897366262354486,-0.0010635642471420125,1227
pair_3061_binder,Binder,2.220048899755501,1.0038989991741198,0.0,6.0,1.3387755102040817,1.9918367346938775,0.6530612244897958,0.6074480539649422,0.001321257322381603,4.670741646291768,2.1085032998615865,1.0,11.0,2.1346938775510202,4.240816326530612,2.1061224489795918,2.778660911255705,0.006043851900501801,8.009779951100244,3.5480038627968247,1.0,19.0,2.9673469387755103,7.979591836734694,5.012244897959183,6.836918518990467,0.014870948382796014,11.6519967400163,5.175360296997529,1.0,25.0,3.9591836734693877,12.183673469387756,8.224489795918368,11.234081696041029,0.02443519672874613,26.41646291768541,7.419669636412296,9.0,49.0,16.742857142857144,26.506122448979593,9.763265306122449,13.927526420999813,0.030293695314844618,1227
pair_3078_binder,Binder,3.0122249388753057,1.157103649496436,0.0,6.0,1.6693877551020408,3.4571428571428573,1.7877551020408164,2.042671806184942,0.004443005559945499,6.295843520782396,1.8684549012420777,0.0,11.0,5.7673469387755105,6.83265306122449,1.0653061224489795,1.797551826573115,0.003909846278571211,9.97718011409943,2.857575619561387,0.0,18.0,8.522448979591836,11.69795918367347,3.1755102040816343,5.0810509465367995,0.011051769323625444,14.50122249388753,4.5308638372683046,0.0,25.0,10.56326530612245,17.579591836734693,7.016326530612243,10.981467470512808,0.02388573674934815,33.468622656886716,13.284472677579071,0.0,59.0,17.612244897959183,44.26122448979592,26.64897959183674,39.00599698955902,0.08484175527908434,1227
pair_3080_binder,Binder,2.545232273838631,0.8045508341076846,0.0,6.0,2.804081632653061,2.23265306122449,-0.5714285714285712,-0.6981355972698962,-0.001518511358933978,5.572127139364303,1.903192262765787,2.0,13.0,6.959183673469388,4.395918367346939,-2.5632653061224495,-3.129536567300876,-0.006807039841872489,9.10757946210269,2.5588110254369454,4.0,19.0,12.004081632653062,7.510204081632653,-4.493877551020408,-5.312823045005294,-0.0115558956933231,12.877750611246944,3.5580713473546837,6.0,28.0,17.59591836734694,10.644897959183673,-6.9510204081632665,-7.706314758328488,-0.016761967935461638,31.617766911165443,5.831771779440523,20.0,57.0,38.608163265306125,29.33061224489796,-9.277551020408165,-9.130938254103514,-0.01986065960653292,1227
nonb_006_nb,False Positive,3.6764466177669113,1.1814062412261241,0.0,8.0,3.8,3.326530612244898,-0.47346938775510194,-0.5544706641287641,-0.0012060264581376056,8.880195599022004,2.2226126818915533,3.0,17.0,8.142857142857142,8.395918367346939,0.2530612244897963,0.6419327349617328,0.0013962647851261173,15.25916870415648,3.2125954683239453,5.0,26.0,13.448979591836734,14.46938775510204,1.0204081632653068,1.900830658713155,0.004134487566532147,21.23879380603097,4.216341227346538,8.0,33.0,18.473469387755102,19.991836734693877,1.5183673469387742,2.462994671997322,0.0053572477911850444,42.62673186634067,7.914428407210714,15.0,68.0,36.04081632653061,43.00816326530612,6.967346938775513,7.977947325247091,0.017352794617176915,1227
nonb_008_nb,False Positive,2.7277913610431948,1.1487147116069005,0.0,7.0,2.453061224489796,3.204081632653061,0.751020408163265,1.0396772934702103,0.002261397049418619,6.3357783211083945,1.821196247404262,2.0,13.0,6.204081632653061,6.755102040816326,0.5510204081632653,1.7513598751224493,0.003809374388520822,10.686226568867156,2.2421096329948407,3.0,17.0,10.387755102040817,11.738775510204082,1.351020408163265,2.5773277159672814,0.005605933041799421,14.570497147514262,2.971016196969801,5.0,23.0,13.183673469387756,16.457142857142856,3.2734693877550995,5.300900743053288,0.011529963552046303,27.334963325183374,4.4233331527705495,13.0,43.0,23.946938775510205,30.46530612244898,6.518367346938774,9.614464452107711,0.020912375099744872,1227
nonb_009_nb,False Positive,1.2387938060309698,0.9122160228797084,0.0,4.0,0.5795918367346938,1.620408163265306,1.0408163265306123,1.7649705725412737,0.00383897895060636,2.784841075794621,1.1677540784000853,0.0,6.0,2.061224489795918,2.889795918367347,0.8285714285714287,1.3436044057564729,0.00292246744047085,4.232273838630807,1.4940255799583424,0.0,11.0,3.6816326530612247,3.9714285714285715,0.28979591836734686,0.6735025445393953,0.0014649321251536589,5.831295843520782,2.0610246301702806,0.0,13.0,4.6938775510204085,5.677551020408163,0.9836734693877549,1.9018739596855756,0.004136756845428115,15.951915240423798,4.473244101854023,3.0,29.0,12.240816326530613,17.26938775510204,5.0285714285714285,8.008848147941672,0.017420006847072695,1227
nonb_010_nb,False Positive,2.491442542787286,0.9641749692836074,0.0,6.0,2.5918367346938775,2.183673469387755,-0.40816326530612246,-0.8130261303090877,-0.001768409201324824,7.040749796251019,2.2274794359274304,2.0,19.0,8.0,6.33469387755102,-1.66530612244898,-2.99185269545965,-0.006507564318563675,12.67481662591687,3.242601991019005,4.0,28.0,14.546938775510204,11.175510204081633,-3.371428571428572,-5.910092941391968,-0.012855014554414292,18.8720456397718,4.324539176795782,10.0,40.0,22.29795918367347,16.68979591836735,-5.608163265306121,-8.999936286963518,-0.0195757178618021,45.22819885900571,6.49895636531018,30.0,78.0,49.412244897959184,41.96734693877551,-7.44489795918367,-12.632383743618739,-0.027476636745228353,1227
nonb_011_nb,False Positive,2.9861450692746536,1.2984739542099992,0.0,6.0,1.3918367346938776,3.6163265306122447,2.224489795918367,2.715091229104117,0.005905581792504873,7.461287693561532,3.50699744862774,1.0,17.0,2.4489795918367347,10.46938775510204,8.020408163265305,9.967609885077605,0.021680500021919763,11.916870415647923,5.844599955592308,1.0,25.0,3.4081632653061225,17.257142857142856,13.848979591836734,17.950837428223284,0.03904477961549382,15.984515077424613,7.845113605738064,2.0,34.0,4.595918367346939,23.4,18.80408163265306,24.453907600168847,0.053189576074320476,32.23960880195599,13.104916582747489,6.0,63.0,13.80408163265306,44.57551020408163,30.771428571428572,40.39884360838781,0.08787132921889684,1227
nonb_013_nb,False Positive,2.1768541157294212,0.6735318827915182,0.0,4.0,2.4857142857142858,1.8979591836734695,-0.5877551020408163,-0.6139547478158374,-0.001335410000686976,5.73838630806846,1.6262471246974664,2.0,14.0,6.012244897959183,4.995918367346939,-1.0163265306122442,-1.3340315220248005,-0.002901645507394889,9.685411572942135,1.9672478939906084,5.0,22.0,9.142857142857142,9.008163265306122,-0.1346938775510207,-0.7021096979205659,-0.001527155406026243,12.95843520782396,2.7561711443624684,7.0,28.0,12.224489795918368,11.840816326530613,-0.38367346938775526,-1.3313237179742454,-0.0028957557759091753,32.116544417277915,4.777386127768748,21.0,58.0,32.02040816326531,30.220408163265308,-1.8000000000000007,-3.139133343421228,-0.0068279137431674405,1227
nonb_014_nb,False Positive,1.885085574572127,1.0304243300361537,0.0,6.0,1.7959183673469388,1.3510204081632653,-0.4448979591836735,-0.5359699911598158,-0.0011657857338984582,5.188264058679707,1.6868809202657042,1.0,13.0,4.595918367346939,4.677551020408163,0.08163265306122458,0.39859672037144706,0.000866985797436533,8.186634066829665,1.787455335373269,3.0,17.0,7.930612244897959,7.33469387755102,-0.5959183673469388,-0.5721191752347422,-0.0012444136492327192,10.537082314588426,2.059241351249183,6.0,21.0,10.044897959183674,9.608163265306123,-0.4367346938775505,-0.259415592172853,-0.0005642535990709159,18.299103504482478,4.01720312614224,11.0,37.0,16.84081632653061,17.09795918367347,0.2571428571428598,1.2876404673351216,0.0028007405488529053,1227
nonb_017_nb,False Positive,2.5118174409127954,1.3232848680377944,0.0,7.0,2.216326530612245,1.546938775510204,-0.6693877551020408,-0.7809306881804353,-0.0016985985604794683,6.314588427057864,2.2283219694734124,1.0,14.0,5.036734693877551,5.555102040816327,0.518367346938776,0.5157251738171276,0.0011217513296729242,11.316218418907905,2.863835610470846,2.0,22.0,8.33061224489796,11.391836734693877,3.061224489795917,3.414540907751488,0.007426951403483385,15.41075794621027,3.513970023504475,4.0,26.0,11.914285714285715,15.261224489795918,3.3469387755102034,3.6019766969569056,0.007834642081472335,30.679706601466993,5.104221425500178,14.0,50.0,28.306122448979593,29.65714285714286,1.351020408163265,1.3455556174987868,0.0029267115116884926,1227
nonb_018_nb,False Positive,2.7294213528932354,1.048990623294228,0.0,6.0,2.1714285714285713,3.453061224489796,1.2816326530612248,1.5482028941646817,0.0033674886224354145,6.918500407497962,1.896217235712211,2.0,14.0,5.518367346938776,7.7877551020408164,2.2693877551020405,2.3676003281221374,0.005149756015491328,11.164629176854115,2.859483557459883,4.0,23.0,8.987755102040817,13.338775510204082,4.351020408163265,4.340195758304595,0.009440338789134518,15.74083129584352,4.12118627655462,6.0,32.0,12.853061224489796,19.726530612244897,6.873469387755101,7.527082022570345,0.01637211967932645,31.65281173594132,9.300388552123259,11.0,65.0,26.848979591836734,42.30612244897959,15.457142857142859,20.588549174517972,0.04478205366942462,1227
nonb_019_nb,False Positive,3.4246128769356154,1.0635000461204707,0.0,7.0,3.804081632653061,2.914285714285714,-0.889795918367347,-1.3626386754059716,-0.0029638687882674744,6.837000814995925,1.4727628076825194,3.0,13.0,7.673469387755102,6.836734693877551,-0.8367346938775508,-0.9034827138567895,-0.0019651608784269476,10.132844335778321,1.882304326846654,6.0,21.0,11.506122448979593,10.559183673469388,-0.9469387755102048,-0.7902566838957321,-0.0017188834886258466,13.033414832925835,2.3304144028908973,7.0,25.0,15.216326530612244,13.30204081632653,-1.9142857142857146,-1.885125395219928,-0.004100327123915018,22.19641401792991,3.2556970594408168,15.0,38.0,23.428571428571427,22.73061224489796,-0.6979591836734684,-0.690020149247788,-0.0015008594872165043,1227
nonb_021_nb,False Positive,3.942950285248574,1.314456798373403,0.0,8.0,3.3877551020408165,4.759183673469388,1.3714285714285714,1.508684883285681,0.0032815331882233402,7.982070089649552,2.051021083087641,3.0,16.0,8.371428571428572,9.559183673469388,1.187755102040816,1.503938262067648,0.00327120883538368,12.552567237163814,3.261911206859682,5.0,26.0,12.526530612244898,15.69795918367347,3.1714285714285726,3.191083360544109,0.006940909973994798,17.594132029339853,4.194329792080749,7.0,33.0,16.53469387755102,21.84081632653061,5.30612244897959,5.062136138830706,0.011010627816923775,35.15484922575387,6.790891032580845,14.0,60.0,31.46530612244898,39.689795918367345,8.224489795918366,7.763775953107212,0.016886951502136385,1227
nonb_022_nb,False Positive,3.353708231458843,1.2698274682576751,0.0,7.0,3.1183673469387756,3.6408163265306124,0.5224489795918368,1.3305511974068789,0.0028940754701617818,8.312143439282803,2.072336727765906,3.0,15.0,8.416326530612245,8.685714285714285,0.2693877551020396,1.016238860173777,0.002210416226587879,14.062754686226569,2.936181827449934,6.0,25.0,12.375510204081632,16.122448979591837,3.7469387755102055,5.4573481041389575,0.01187025145000317,19.969030154849225,5.05768059126225,9.0,38.0,15.485714285714286,24.244897959183675,8.759183673469389,12.48803389533541,0.027162662088820903,41.04563977180114,12.871297084962794,16.0,69.0,26.10612244897959,50.477551020408164,24.371428571428574,34.251825776701736,0.07450098048222237,1227
nonb_023_nb,False Positive,0.9136104319478403,0.43374631357125243,0.0,3.0,0.9795918367346939,0.9061224489795918,-0.07346938775510203,-0.1084794087430214,-0.00023595303696143856,2.797881010594947,1.1644959981068217,0.0,8.0,2.8285714285714287,2.759183673469388,-0.06938775510204076,0.12821452179384057,0.00027887878584848425,5.134474327628362,1.5706174679392888,1.0,12.0,5.1020408163265305,5.159183673469387,0.05714285714285694,0.32291359715839846,0.0007023678024108722,7.320293398533007,1.7438037222290135,2.0,15.0,7.314285714285714,7.436734693877551,0.12244897959183731,0.37839968780612143,0.0008230553296489858,19.678891605541974,3.2704105866891626,6.0,35.0,17.473469387755102,20.06122448979592,2.5877551020408163,2.37855100626777,0.005173574782529139,1227
nonb_024_nb,False Positive,3.4775876120619396,1.0190258781241215,0.0,6.0,3.2489795918367346,3.36734693877551,0.1183673469387756,-0.19505746119477857,-0.00042426853984726205,5.865525672371638,1.3477657372220753,2.0,11.0,5.461224489795918,5.428571428571429,-0.0326530612244893,-0.14188096811958995,-0.0003086046071116678,8.768541157294214,1.8426854204718517,4.0,15.0,8.902040816326531,7.918367346938775,-0.9836734693877558,-1.1884392695300363,-0.0025849685035998675,12.998370008149958,2.3378109453745837,7.0,20.0,13.575510204081633,11.975510204081633,-1.5999999999999996,-2.1316390975048396,-0.004636517884730479,32.84596577017115,4.045975344441174,22.0,49.0,35.04897959183673,31.36326530612245,-3.6857142857142833,-4.855466976736776,-0.010561102722646605,1227
nonb_025_nb,False Positive,2.1678891605541972,0.840796975575427,0.0,6.0,2.2448979591836733,2.6081632653061226,0.36326530612244934,0.5521292100379884,0.0012009335726764303,4.423797881010595,1.3588507002800496,1.0,11.0,4.46530612244898,4.673469387755102,0.20816326530612184,0.41282861989598824,0.0008979415332158531,6.605541972290139,1.8639728309221666,2.0,14.0,6.502040816326531,6.975510204081632,0.4734693877551015,0.7899779393611174,0.0017182771927376126,9.78321108394458,2.279624168027837,4.0,22.0,9.191836734693878,10.542857142857143,1.351020408163265,1.6867867126462417,0.0036689216153262447,22.36756316218419,4.895087520860336,12.0,43.0,20.877551020408163,26.848979591836734,5.9714285714285715,8.498020913804222,0.018484004162706312,1227
nonb_026_nb,False Positive,1.5607171964140178,0.9765909506939467,0.0,5.0,1.7714285714285714,1.8571428571428572,0.08571428571428585,0.4140312034596174,0.0009005572669050956,4.0,1.4562346640919572,0.0,9.0,4.608163265306122,3.820408163265306,-0.787755102040816,-0.8330320237649619,-0.0018119239233604406,7.1312143439282805,2.086920202998136,2.0,16.0,8.326530612244898,6.248979591836735,-2.0775510204081638,-2.127203077339663,-0.004626869118737709,10.69926650366748,2.4464983108946785,4.0,20.0,12.248979591836735,9.416326530612245,-2.832653061224489,-2.5498355407245765,-0.005546134944479775,20.71964140179299,3.893399911464571,12.0,33.0,22.06122448979592,18.759183673469387,-3.3020408163265316,-3.6941376042305456,-0.008035100824862525,1227
nonb_029_nb,False Positive,2.9665851670741645,1.0236128195962382,0.0,7.0,3.216326530612245,2.526530612244898,-0.6897959183673468,-0.602534186026139,-0.0013105691920090015,7.15240423797881,2.367344463848003,2.0,17.0,6.738775510204082,6.636734693877551,-0.10204081632653139,0.7892770959597971,0.001716752791647193,12.757131214343929,3.4300110252227385,5.0,29.0,11.620408163265306,11.677551020408163,0.05714285714285694,0.9418379618199634,0.002048587192648097,18.330073349633253,4.228914354835848,8.0,37.0,16.706122448979592,17.881632653061224,1.1755102040816325,2.2644489220550637,0.00492539189136501,38.15321923390383,8.425095182716754,21.0,74.0,33.30612244897959,45.093877551020405,11.787755102040812,15.680280018795345,0.034106101182806624,1227
nonb_032_nb,False Positive,3.4938875305623474,1.0015082987355624,1.0,6.0,3.036734693877551,3.146938775510204,0.11020408163265305,0.24845694989766112,0.000540417509293444,5.50040749796251,1.2393802498134148,2.0,11.0,4.526530612244898,5.608163265306122,1.0816326530612246,0.9719662639471821,0.0021141191167964807,8.69682151589242,2.063225887459478,3.0,17.0,6.8,8.575510204081633,1.775510204081633,1.3817446222215146,0.003005426040721075,13.503667481662593,2.7066180318998003,6.0,26.0,10.83673469387755,13.036734693877552,2.200000000000001,1.6849549628473355,0.0036649373852035575,32.0839445802771,4.588738714461055,18.0,45.0,27.23673469387755,30.751020408163264,3.5142857142857125,4.011778947619919,0.008726000973615925,1227
nonb_046_nb,False Positive,2.378158109209454,1.2274152503046267,0.0,7.0,1.3673469387755102,3.2816326530612243,1.9142857142857141,2.141904860508271,0.004658846896157196,4.883455582722086,2.55092136195716,0.0,16.0,2.4448979591836735,8.020408163265307,5.575510204081633,6.597174326831948,0.014349481950694831,7.488182559087204,4.001484916625867,1.0,24.0,4.09795918367347,12.885714285714286,8.787755102040816,10.75289695212762,0.02338857412099536,10.185004074979625,5.724523951407317,1.0,37.0,5.8612244897959185,18.355102040816327,12.493877551020407,15.410375667991364,0.03351903353559845,24.536267318663405,10.644095520107529,6.0,66.0,17.820408163265306,39.40408163265306,21.583673469387755,27.691923576212737,0.060232568953154396,1227
nonb_047_nb,False Positive,3.049714751426243,0.9117396968359283,0.0,7.0,2.873469387755102,3.204081632653061,0.33061224489795915,0.2695220725850768,0.0005862361557043542,8.202118989405053,1.790101027191765,3.0,13.0,6.628571428571429,8.612244897959183,1.983673469387754,1.9956834417782312,0.004340801395928724,12.352893235533822,1.7874408429154955,5.0,21.0,11.277551020408163,12.371428571428572,1.0938775510204088,0.7088792080469564,0.0015418797347405257,15.860635696821516,2.2082251046025556,10.0,25.0,17.26530612244898,14.987755102040817,-2.277551020408163,-2.9108734260888953,-0.006331426701661545,29.50285248573757,8.18912252959042,19.0,62.0,43.159183673469386,24.64081632653061,-18.518367346938774,-20.128676441308343,-0.043781786713014345,1227
nonb_048_nb,False Positive,3.1687041564792175,1.2690530772204172,0.0,7.0,2.4857142857142858,3.9224489795918367,1.436734693877551,0.9524302541353735,0.0020716264364010317,8.82559087204564,3.596688285514935,2.0,21.0,4.951020408163266,12.040816326530612,7.089795918367346,8.475147933706584,0.018434253254391703,15.424612876935615,5.828979166052096,4.0,30.0,8.359183673469389,21.15918367346939,12.8,15.458702006164238,0.03362414791987871,24.12958435207824,7.120249947996161,9.0,46.0,15.763265306122449,30.93469387755102,15.17142857142857,18.62778844086236,0.04051721248692192,56.49714751426243,12.044022078232226,25.0,88.0,38.436734693877554,64.16734693877551,25.730612244897955,31.95403900830656,0.06950307560262445,1227
nonb_049_nb,False Positive,0.7660961695191524,0.714199673848642,0.0,4.0,1.2571428571428571,0.926530612244898,-0.33061224489795915,-0.38892030295548763,-0.000845938668744945,1.541157294213529,1.0476315339871416,0.0,6.0,2.257142857142857,1.5224489795918368,-0.7346938775510203,-1.3766635075619404,-0.002994374132815532,2.1841890790546046,1.5926617753532226,0.0,8.0,3.5877551020408163,1.9918367346938775,-1.5959183673469388,-2.565158525998901,-0.005579463895593041,3.65281173594132,2.1610197492317567,0.0,13.0,5.885714285714286,3.583673469387755,-2.302040816326531,-3.3619457961342105,-0.007312552030743254,12.925835370823146,4.629751333202472,5.0,30.0,18.546938775510203,12.228571428571428,-6.318367346938775,-8.382501214529755,-0.018232737823882024,1227
nonb_050_nb,False Positive,3.7123064384678077,1.1438664514106107,0.0,8.0,3.4857142857142858,4.2693877551020405,0.7836734693877547,1.1806344225607859,0.0025679922187292793,14.807660961695191,3.4943904268913877,5.0,26.0,11.685714285714285,16.39591836734694,4.710204081632655,6.5420068013666395,0.014229487333043273,27.281173594132028,5.748320693795357,12.0,44.0,20.016326530612243,30.261224489795918,10.244897959183675,13.697633857107592,0.029793657111707648,39.99103504482478,8.073061919589932,23.0,62.0,29.66938775510204,44.542857142857144,14.873469387755105,20.08442773747044,0.043685541571441944,78.70089649551753,15.578840397954883,46.0,118.0,58.6,85.59591836734694,26.99591836734694,36.99347737788998,0.0804643336115062,1227
nonb_051_nb,False Positive,3.147514262428688,1.0939188499544108,0.0,6.0,3.073469387755102,2.8979591836734695,-0.17551020408163254,-0.15396255266280673,-0.0003348832031817438,6.829665851670741,1.9259731529752449,1.0,13.0,7.310204081632653,6.751020408163265,-0.5591836734693878,0.10538136234400311,0.00022921449123219684,11.397718011409943,2.7248013633638855,4.0,22.0,11.575510204081633,11.914285714285715,0.3387755102040817,1.7179344233571996,0.003736670850151603,16.13284433577832,3.732863193699364,8.0,32.0,15.16734693877551,18.257142857142856,3.0897959183673454,5.665594163885856,0.012323206446733785,33.991850040749796,6.610721977939079,18.0,64.0,28.987755102040815,38.09795918367347,9.110204081632652,11.896442423325345,0.02587589434111005,1227
nonb_052_nb,False Positive,3.3863080684596576,1.299768011257753,0.0,6.0,1.9836734693877551,3.7142857142857144,1.7306122448979593,1.2675788249723243,0.0027571045676396395,7.225753871230644,1.982495973097779,1.0,14.0,5.975510204081632,7.273469387755102,1.2979591836734699,1.0832251539068034,0.002356117789900606,12.950285248573756,2.8402118049746496,5.0,22.0,10.955102040816326,13.49795918367347,2.5428571428571427,2.5592969266424044,0.005566714359200442,20.00162999185004,3.6081494217121937,10.0,34.0,16.804081632653062,20.90612244897959,4.102040816326529,3.8457348104138966,0.008364839174364102,47.41890790546047,7.9073012249604,28.0,71.0,37.72244897959184,51.08163265306123,13.359183673469389,14.305257121922866,0.031115295534361844,1227
nonb_053_nb,False Positive,2.1841890790546046,1.1611664273443203,0.0,6.0,2.36734693877551,2.0081632653061225,-0.3591836734693876,-1.2186631412119808,-0.002650708300624211,4.196414017929911,2.3596140578017812,1.0,15.0,3.926530612244898,3.620408163265306,-0.30612244897959195,-2.2470871196132616,-0.004887628318897796,7.23960880195599,3.4491952467530846,1.0,22.0,6.697959183673469,6.069387755102041,-0.6285714285714281,-3.5964655193010673,-0.007822654745624944,11.836185819070904,4.595457995540832,4.0,30.0,11.604081632653061,9.534693877551021,-2.0693877551020403,-6.033043173546347,-0.013122443009344963,35.23227383863081,8.438801308674972,20.0,66.0,34.94285714285714,31.718367346938777,-3.224489795918366,-10.75229964241058,-0.023387274915520572,1227
nonb_054_nb,False Positive,2.6381418092909534,1.1200677311446003,0.0,6.0,1.493877551020408,3.23265306122449,1.7387755102040818,1.9974275861519715,0.004344595075915109,6.621026894865525,2.05125391633228,1.0,12.0,4.040816326530612,8.057142857142857,4.016326530612245,4.807236208118637,0.010456196211242271,9.45639771801141,2.5371594147018266,2.0,16.0,5.906122448979592,11.106122448979592,5.2,5.921927637918814,0.012880756145554787,13.414832925835372,3.381218806881327,3.0,21.0,8.706122448979592,16.155102040816328,7.448979591836736,8.859034906779865,0.01926924395166909,30.494702526487366,6.4414304099714865,11.0,47.0,21.044897959183672,35.85306122448979,14.80816326530612,17.144708234113548,0.03729137190671789,1227
nonb_056_nb,False Positive,4.0554197229013855,1.3757213293072568,0.0,8.0,4.66530612244898,3.5183673469387755,-1.1469387755102045,-1.8156463289344784,-0.003949203543087502,8.204563977180115,2.306161698168465,2.0,18.0,9.089795918367347,7.885714285714286,-1.204081632653061,-2.147917778326418,-0.0046719255646034095,13.280358598207009,3.3538354793198444,4.0,28.0,13.677551020408163,15.604081632653061,1.926530612244898,1.029339853300734,0.0022389121333349286,19.665851670741645,4.877722355249573,8.0,36.0,19.077551020408162,25.681632653061225,6.604081632653063,5.326441706553681,0.011585517578148304,44.28850855745721,10.635927640845631,21.0,82.0,38.70204081632653,59.885714285714286,21.183673469387756,20.59874326035536,0.04480422677619436,1227
nonb_066_nb,False Positive,3.256723716381418,1.2664989474192474,0.0,7.0,2.5346938775510206,4.183673469387755,1.6489795918367345,1.3919785287067052,0.0030276857611891365,7.713936430317848,2.2125432760061745,2.0,15.0,7.628571428571429,9.420408163265305,1.7918367346938764,0.8858103103621284,0.00192672171911284,12.864710676446618,3.129055408981711,5.0,23.0,13.008163265306122,16.114285714285714,3.106122448979592,1.9454058918630464,0.004231442940430772,18.39282803585982,4.096896562016911,8.0,33.0,17.489795918367346,23.579591836734693,6.089795918367347,4.879160262179146,0.010612637873146587,40.85493072534637,7.929095815256854,19.0,63.0,31.34285714285714,51.159183673469386,19.816326530612244,20.45135907870949,0.04448365215597497,1227
nonb_067_nb,False Positive,2.680521597392013,0.6784399299356633,0.0,5.0,2.583673469387755,2.6979591836734693,0.11428571428571432,0.18722075770728636,0.0004072229640180237,4.2290138549307255,1.2705193115086584,1.0,9.0,3.840816326530612,5.204081632653061,1.363265306122449,1.865820345165375,0.004058336802969821,6.250203748981255,1.9129779072335826,2.0,13.0,5.853061224489796,7.828571428571428,1.9755102040816324,3.147503643589274,0.006846119942554158,8.766096169519152,2.5248350145251326,3.0,17.0,8.93061224489796,10.391836734693877,1.4612244897959172,2.8655973495376834,0.006232946926672498,25.34474327628362,3.7812187177076453,16.0,39.0,25.163265306122447,27.09795918367347,1.9346938775510232,3.453381967617849,0.007511434404824032,1227
nonb_068_nb,False Positive,2.3015484922575387,1.0318588704353404,0.0,6.0,2.3346938775510204,2.130612244897959,-0.20408163265306145,-0.27120250392233375,-0.0005898912537734281,5.84759576202119,1.9705452080246104,1.0,14.0,5.808163265306122,5.6571428571428575,-0.1510204081632649,-0.34255314065449105,-0.0007450856784219513,9.528932355338224,2.430404211300257,3.0,17.0,8.714285714285714,9.726530612244899,1.0122448979591852,1.3332669655869975,0.0028999825243871584,13.30562347188264,3.1374893796167393,5.0,24.0,11.187755102040816,14.155102040816326,2.96734693877551,3.122257352882615,0.00679120685781972,28.765281173594133,6.37527831362664,9.0,45.0,19.59591836734694,33.881632653061224,14.285714285714285,16.386690346678556,0.035642610868251365,1227
nonb_071_nb,False Positive,2.7163814180929093,1.3235072117078976,0.0,7.0,2.559183673469388,3.5510204081632653,0.9918367346938775,1.861854208644266,0.004049710078617218,6.7799511002444985,1.7464801712713085,1.0,13.0,6.587755102040816,7.0,0.41224489795918373,1.2260857099623295,0.0026668530939909295,11.4360228198859,2.328332245257113,5.0,20.0,11.004081632653062,12.17142857142857,1.167346938775509,2.268940691127163,0.004935161916535428,16.122249388753055,3.3367947706186896,9.0,28.0,15.228571428571428,17.93469387755102,2.706122448979592,3.825394423516481,0.008320596897262602,34.06193969030155,8.876738673247926,16.0,63.0,30.963265306122448,44.61224489795919,13.648979591836738,15.505331984740724,0.03372557256061062,1227
nonb_072_nb,False Positive,2.6071719641401794,0.8452643316230936,0.0,6.0,2.4612244897959186,2.404081632653061,-0.057142857142857384,-0.06521029284104393,-0.00014183859236768646,5.6511817440912795,1.5396698876892752,1.0,13.0,5.081632653061225,6.502040816326531,1.4204081632653063,1.8800602088194769,0.004089309861488804,9.188264058679707,2.1646773519054694,4.0,17.0,8.342857142857143,11.024489795918367,2.6816326530612233,3.3691453692568674,0.007328211787399385,13.342298288508557,3.3614423688901054,6.0,24.0,11.808163265306122,17.155102040816328,5.346938775510205,6.762199055454235,0.014708426439269676,31.75876120619397,5.6530057289032865,17.0,52.0,30.420408163265307,37.95918367346939,7.538775510204083,9.699839920995839,0.02109807486894146,1227
nonb_073_nb,False Positive,2.936430317848411,1.3959545593822043,0.0,7.0,2.2244897959183674,3.3918367346938774,1.16734693877551,1.2827345635258796,0.002790069741219966,7.921760391198044,2.703869815366014,0.0,16.0,7.179591836734694,8.306122448979592,1.1265306122448973,0.7106233524206973,0.0015456734147269106,13.34718826405868,3.6400938799959803,0.0,21.0,11.191836734693878,13.93469387755102,2.742857142857142,2.4219316199835927,0.005267931745478184,18.555012224938874,4.46840184595122,1.0,28.0,14.975510204081633,19.34285714285714,4.367346938775508,4.651123340474504,0.010116635868351286,37.634066829665855,7.409695184513337,11.0,61.0,33.98367346938775,37.138775510204084,3.155102040816331,5.240245932320835,0.01139803356676634,1227
nonb_074_nb,False Positive,3.722086389568052,0.9996867719884037,0.0,7.0,3.4693877551020407,3.910204081632653,0.4408163265306122,0.40175847980694973,0.0008738629250830874,8.788916055419723,2.0440003561327953,4.0,15.0,7.571428571428571,8.130612244897959,0.5591836734693878,-0.1694527846579018,-0.0003685759318279516,13.365118174409128,2.5461393595071637,5.0,25.0,11.036734693877552,13.510204081632653,2.4734693877551006,2.5556652835628317,0.005558815189913719,17.71719641401793,3.482739738264391,7.0,35.0,13.946938775510205,19.26938775510204,5.322448979591837,6.435422855459011,0.013997657108121831,30.32355338223309,6.156380282302311,13.0,59.0,24.253061224489795,33.96734693877551,9.714285714285719,13.271600710400355,0.028866994476129105,1227
nonb_075_nb,False Positive,2.243683781581092,1.8404445064998576,0.0,7.0,0.7224489795918367,4.004081632653061,3.281632653061224,4.264353352500338,0.00927537433931558,6.192339038304809,3.740198599532468,0.0,18.0,2.963265306122449,9.808163265306122,6.844897959183673,9.255672451279437,0.020131968355148314,10.755501222493887,5.253217306321853,1.0,23.0,5.8,16.09795918367347,10.29795918367347,13.773946146555918,0.029959643603166743,15.448247758761207,7.080711988191865,1.0,34.0,7.791836734693877,22.31020408163265,14.518367346938774,19.30217500378297,0.04198406743617827,32.795436022819885,11.743234173440632,4.0,62.0,17.187755102040818,43.22857142857143,26.04081632653061,33.555609534655915,0.07298664390354738,1227
nonb_080_nb,False Positive,2.7310513447432765,0.9238517151895893,0.0,6.0,2.8,2.869387755102041,0.0693877551020412,-0.04352396804791225,-9.466877226299555e-05,6.132844335778321,1.6993566003488654,1.0,13.0,6.36734693877551,6.755102040816326,0.3877551020408161,0.2540159123308621,0.0005525087815788192,9.635696821515893,2.2351851266281266,4.0,18.0,10.138775510204082,10.359183673469389,0.2204081632653061,0.291375644098978,0.0006337697533419839,13.634066829665851,2.76559017261574,7.0,26.0,15.16326530612245,13.722448979591837,-1.4408163265306122,-1.8663459777163658,-0.0040594801037876355,26.425427872860634,4.661825989560433,16.0,53.0,30.057142857142857,26.20408163265306,-3.853061224489796,-3.272651975502334,-0.007118329473632053,1227
nonb_081_nb,False Positive,3.5338223308883454,1.0163080880337811,0.0,8.0,3.5755102040816324,3.5673469387755103,-0.008163265306122103,-0.13475307216297797,-0.0002931007551125136,12.140994295028525,2.6459989612280537,5.0,22.0,11.873469387755103,12.82857142857143,0.9551020408163264,0.7930600575010152,0.0017249810929875263,20.760391198044008,2.917160397688032,12.0,33.0,20.677551020408163,21.220408163265308,0.5428571428571445,0.582002660019274,0.0012659111691555693,28.848410757946212,3.424087026484175,20.0,44.0,28.53061224489796,29.73469387755102,1.204081632653061,1.075762764508653,0.0023398863828355695,62.3039934800326,5.208576279147999,45.0,78.0,60.89387755102041,64.06122448979592,3.167346938775509,3.364414676297952,0.007317922080039051,1227
nonb_082_nb,False Positive,2.1768541157294212,0.7800605251456829,0.0,5.0,2.5510204081632653,1.5224489795918368,-1.0285714285714285,-1.0375110502297649,-0.0022566852642300493,5.703341483292584,2.198023914312112,1.0,16.0,5.6204081632653065,3.8489795918367347,-1.7714285714285718,-1.95164976943845,-0.00424502396832724,10.15240423797881,3.5029967852081243,3.0,24.0,9.975510204081633,6.820408163265306,-3.1551020408163275,-3.618422624499252,-0.007870413538878204,15.749796251018745,4.853870102373084,5.0,34.0,15.861224489795918,10.612244897959183,-5.248979591836735,-5.88218663141212,-0.012794315674632125,37.94213528932355,9.141061145377073,17.0,68.0,36.42448979591837,28.473469387755102,-7.9510204081632665,-10.341350557090859,-0.022493421548865387,1227
nonb_085_nb,False Positive,2.2013039934800327,1.2014925225198423,0.0,7.0,1.636734693877551,3.5714285714285716,1.9346938775510205,1.9802808152083013,0.004307299217418819,4.766096169519153,2.9670658413882296,1.0,16.0,2.9306122448979592,9.273469387755101,6.342857142857142,7.425157092455579,0.01615042325710839,8.93154034229829,4.984429659363105,2.0,26.0,4.816326530612245,16.68979591836735,11.873469387755105,14.134036300502535,0.030742873954328516,14.41564792176039,7.222171082336986,3.0,38.0,8.391836734693877,25.69795918367347,17.306122448979593,20.968597437143114,0.045608694806184014,39.60146699266504,13.266502766269772,16.0,85.0,28.257142857142856,57.96734693877551,29.710204081632657,39.45290411984421,0.08581382081532184,1227
nonb_086_nb,False Positive,1.9600651996740017,1.071617684590298,0.0,6.0,0.8448979591836735,3.1877551020408164,2.342857142857143,2.829782658904295,0.0061550465664041215,3.228198859005705,1.991854709297087,0.0,9.0,0.9795918367346939,5.595918367346939,4.616326530612245,5.944187380040296,0.012929173202915277,4.942135289323553,2.8768377217945957,0.0,12.0,1.653061224489796,8.16734693877551,6.514285714285715,8.68537706171404,0.018891521613298618,6.919315403422983,3.159314016839715,0.0,16.0,3.3918367346938774,10.253061224489796,6.861224489795919,9.389382222469994,0.02042279983136486,14.487367563162184,4.324128603580235,5.0,28.0,9.96734693877551,17.942857142857143,7.975510204081633,11.289703176891278,0.024556178742558516,1227
nonb_087_nb,False Positive,1.3480032599837002,0.856635544667095,0.0,4.0,1.1877551020408164,0.710204081632653,-0.47755102040816333,-0.8273058146109923,-0.0017994688735421258,2.8720456397718013,1.25121332000708,0.0,7.0,2.3959183673469386,2.3836734693877553,-0.012244897959183376,-0.27121843218145497,-0.0005899258992527562,4.286063569682152,1.7300714607213714,0.0,12.0,3.8448979591836734,3.6,-0.2448979591836733,-0.6338172869396235,-0.0013786129134086436,6.925020374898126,2.5020125354154854,1.0,18.0,6.812244897959184,6.020408163265306,-0.7918367346938782,-1.3024696765766983,-0.002832995490107012,27.022004889975552,3.9415457758956154,17.0,44.0,26.036734693877552,27.34285714285714,1.3061224489795897,2.25970230083703,0.00491506753852535,1227
nonb_088_nb,False Positive,0.8883455582722086,0.6457833523157691,0.0,4.0,0.8448979591836735,1.0775510204081633,0.2326530612244898,0.3992816355136465,0.000868475553047627,4.228198859005705,1.6508880619890411,1.0,10.0,4.510204081632653,3.804081632653061,-0.7061224489795923,-1.1018691812078403,-0.0023966703234537022,7.839445802770986,2.016106866569679,2.0,18.0,8.644897959183673,6.9346938775510205,-1.7102040816326527,-2.378415616065241,-0.005173280295954852,10.921760391198044,2.6034409237553513,2.0,19.0,11.979591836734693,9.040816326530612,-2.9387755102040813,-4.148292092415759,-0.009022930054194148,21.228198859005705,5.039057259040087,8.0,34.0,24.10612244897959,15.673469387755102,-8.432653061224489,-11.889832195790156,-0.02586151646718904,1227
nonb_089_nb,False Positive,3.4726976365118176,1.3809258823120818,1.0,8.0,2.4489795918367347,4.963265306122449,2.5142857142857142,2.843998630169715,0.006185967656704112,15.139364303178484,5.123508684698536,4.0,32.0,10.016326530612245,20.053061224489795,10.03673469387755,13.529423476661115,0.029427783527267257,27.3920130399348,9.444490670021855,9.0,50.0,16.991836734693877,37.53061224489796,20.538775510204083,28.064764301585665,0.061043533010518014,40.52485737571312,14.342134251000052,13.0,75.0,24.555102040816326,57.20816326530612,32.65306122448979,44.34499812842955,0.09645459081768255,85.99022004889976,31.300602162156554,38.0,154.0,49.608163265306125,123.51020408163265,73.90204081632652,100.0426001290189,0.21760217537578883,1227
nonb_115_nb,False Positive,2.5664221678891606,1.2001550406896493,0.0,7.0,1.7224489795918367,2.5306122448979593,0.8081632653061226,0.6650605672053072,0.0014465700211099665,4.748166259168704,1.7442847351368882,0.0,12.0,5.530612244897959,4.771428571428571,-0.759183673469388,-1.090305265086052,-0.0023715177054617776,7.47840260798696,2.6105824493055905,1.0,18.0,9.146938775510204,7.83265306122449,-1.314285714285714,-1.3686436290945583,-0.0029769301339740263,10.170334148329259,3.282836768369408,3.0,24.0,12.085714285714285,11.4,-0.685714285714285,-0.6920828588039475,-0.0015053460767894455,22.13121434392828,6.672442963591816,8.0,52.0,23.56326530612245,28.322448979591837,4.759183673469387,5.5562307367616235,0.012085330585669659,1227
nonb_116_nb,False Positive,3.088834555827221,1.0709610858686003,0.0,7.0,3.979591836734694,3.2979591836734694,-0.6816326530612247,-0.8858182744916894,-0.0019267390418525052,7.514262428687856,2.9731891350606467,2.0,18.0,11.608163265306123,7.763265306122449,-3.8448979591836743,-4.954437214784611,-0.010776372408449399,13.345558272208638,4.535604262380643,4.0,31.0,19.37142857142857,13.959183673469388,-5.412244897959182,-7.157928689183917,-0.015569176050427196,20.164629176854117,5.76550352471144,8.0,41.0,27.244897959183675,21.151020408163266,-6.093877551020409,-8.349243009485281,-0.01816039806304575,45.01140994295029,11.36100367267473,19.0,80.0,57.518367346938774,49.02040816326531,-8.497959183673466,-15.130157769406596,-0.03290953294052548,1227
nonb_117_nb,False Positive,2.744906275468623,0.9992481542921653,0.0,6.0,3.3102040816326532,2.2,-1.110204081632653,-1.0998861129472859,-0.002392356961277402,5.463732681336594,1.712206549095068,1.0,12.0,6.706122448979592,4.281632653061225,-2.424489795918367,-2.4358529184552764,-0.005298211894410606,9.732681336593316,2.3617985698267545,4.0,19.0,11.338775510204082,8.114285714285714,-3.224489795918368,-3.261358839785606,-0.007093765828788702,15.472697636511818,2.636313918421985,8.0,25.0,16.616326530612245,13.738775510204082,-2.8775510204081627,-3.072935498514689,-0.006683927131081434,36.122249388753055,4.216015433830176,22.0,51.0,33.857142857142854,34.57959183673469,0.7224489795918387,0.1704642291120789,0.00037077591976526195,1227
pair_0091_nb,False Positive,0.7424612876935616,0.8848161196173883,0.0,3.0,0.5836734693877551,0.7836734693877551,0.19999999999999996,0.7651856040394064,0.0016643515041640166,2.3007334963325183,1.749147968122585,0.0,10.0,2.906122448979592,1.910204081632653,-0.995918367346939,-0.29300032652931174,-0.000637303592233414,4.048899755501222,2.7514634195644403,0.0,15.0,5.208163265306123,3.5673469387755103,-1.6408163265306124,-0.22009668453286538,-0.00047873123335043786,6.432762836185819,3.8918973081101154,1.0,19.0,7.485714285714286,6.122448979591836,-1.3632653061224493,0.9145289615571485,0.0019891875183407196,17.65525672371638,5.599305288883524,5.0,35.0,17.10612244897959,18.069387755102042,0.9632653061224516,4.267984995579907,0.009283273508602303,1227
pair_0272_nb,False Positive,1.9690301548492257,0.8775118311228697,0.0,5.0,1.6081632653061224,2.5346938775510206,0.9265306122448982,1.1336460581540742,0.0024657880547125045,3.312958435207824,1.1354206631099102,0.0,8.0,2.440816326530612,3.836734693877551,1.3959183673469386,2.010544507538048,0.004373125628141488,5.332518337408313,1.808323713352155,1.0,12.0,3.5877551020408163,6.0081632653061225,2.4204081632653063,3.305878324028576,0.007190599943509679,8.743276283618583,2.672588986404855,3.0,18.0,5.383673469387755,10.057142857142857,4.673469387755102,6.122926339765694,0.013317947449191288,24.69926650366748,5.156240973604274,11.0,39.0,17.008163265306123,27.220408163265308,10.212244897959184,12.26563557735957,0.026678924583707613,1227
pair_0482_nb,False Positive,3.5533822330888345,1.3123615970750317,0.0,8.0,3.2816326530612243,4.0,0.7183673469387757,1.025142757022371,0.0022297830495320746,13.157294213528932,3.0431081321812155,3.0,25.0,12.244897959183673,13.036734693877552,0.791836734693879,1.0409993389772474,0.00226427262420282,24.402607986960064,4.227930536490271,13.0,39.0,23.085714285714285,24.538775510204083,1.4530612244897974,1.852225576005671,0.004028766886363609,36.462917685411576,5.474476805648901,21.0,57.0,34.93469387755102,36.326530612244895,1.3918367346938751,1.9256150299053063,0.004188395932366084,83.81336593317033,9.922941107712779,56.0,116.0,82.64489795918368,85.18367346938776,2.5387755102040757,3.7393658960043967,0.008133476663413585,1227
pair_0506_nb,False Positive,3.550122249388753,1.1934579489222203,0.0,7.0,3.5387755102040814,3.8244897959183675,0.28571428571428603,0.2921800211845848,0.0006355193500480358,9.321923390383049,2.046692177101041,3.0,15.0,8.269387755102041,10.142857142857142,1.873469387755101,1.8587800546339295,0.004043023501106968,13.646291768541158,2.5123153271054925,6.0,22.0,11.816326530612244,15.342857142857143,3.5265306122448994,3.3431504503715277,0.007271670365136544,17.686226568867156,2.986822079755607,9.0,29.0,14.83265306122449,19.975510204081633,5.142857142857144,4.839204224174318,0.010525729688253004,32.10594947025265,6.353625957735683,13.0,51.0,24.06122448979592,36.204081632653065,12.142857142857146,11.122177711587007,0.02419179491372923,1227
pair_0567_nb,False Positive,3.128769356153219,1.0642192946919418,0.0,6.0,2.840816326530612,3.273469387755102,0.4326530612244901,0.6810684676218314,0.0014813887278343253,6.550937245313773,1.609761994022235,2.0,14.0,6.089795918367347,6.669387755102041,0.5795918367346937,0.6881087581532777,0.0014967020296971774,10.469437652811736,2.248897930221502,2.0,19.0,9.640816326530611,12.085714285714285,2.444897959183674,2.957774185070444,0.006433440315542018,14.45558272208639,3.513430890820986,3.0,29.0,12.926530612244898,18.612244897959183,5.685714285714285,6.434761832705493,0.013996219320729735,26.614506927465364,7.227396361879733,7.0,55.0,22.885714285714286,36.21224489795918,13.326530612244895,16.265810788209894,0.03537968632563328,1227
pair_0736_nb,False Positive,1.8932355338223308,1.0273417224144399,0.0,7.0,0.49387755102040815,2.746938775510204,2.253061224489796,2.513566894706242,0.005467247188050556,3.015484922575387,1.8968308375123464,0.0,12.0,0.7836734693877551,5.216326530612245,4.4326530612244905,5.330630838702481,0.011594629339211494,4.266503667481663,2.783970489721355,0.0,16.0,1.2693877551020407,7.869387755102041,6.6000000000000005,8.076399894873488,0.017566938324901554,6.0423797881010595,3.095043787751643,0.0,19.0,2.5142857142857142,9.885714285714286,7.371428571428572,8.973535197470598,0.0195182929798164,15.885085574572127,4.518980803551221,5.0,32.0,11.073469387755102,19.514285714285716,8.440816326530614,10.306356171802198,0.02241730543078238,1227
pair_0782_nb,False Positive,2.6886715566422166,1.3753780052793247,0.0,7.0,2.963265306122449,3.179591836734694,0.21632653061224483,-0.8264855092662645,-0.001797684631356747,6.462102689486553,2.180335127306919,2.0,14.0,8.204081632653061,6.355102040816327,-1.8489795918367342,-3.198227184759842,-0.006956448471473281,10.19559902200489,3.175273282647298,4.0,21.0,12.714285714285714,9.848979591836734,-2.8653061224489793,-5.31790415966487,-0.011566947601228643,14.045639771801142,4.397843823473443,5.0,26.0,16.991836734693877,13.591836734693878,-3.3999999999999986,-7.061475116077185,-0.015359380350358212,29.366748166259168,8.668529828810506,11.0,52.0,35.5265306122449,29.90612244897959,-5.6204081632653065,-11.88592180817598,-0.025853011002014085,1227
pair_0811_nb,False Positive,1.3634881825590872,0.7670285124152186,0.0,5.0,1.6938775510204083,1.3591836734693878,-0.3346938775510204,-0.3170918184497025,-0.0006897048797165907,3.936430317848411,1.567560713041979,1.0,11.0,4.208163265306123,3.1061224489795918,-1.102040816326531,-1.7385774471779099,-0.003781571391360328,7.481662591687042,2.245767078400209,1.0,17.0,7.722448979591837,5.391836734693878,-2.330612244897959,-3.1776717663642957,-0.006911738480400863,10.80440097799511,3.0692969436627013,2.0,21.0,11.457142857142857,7.575510204081633,-3.8816326530612244,-5.128612728271862,-0.011155220724898015,25.950285248573756,6.512727643086733,11.0,48.0,29.473469387755102,18.06122448979592,-11.412244897959184,-13.315053001282223,-0.028961507343735125,1227
pair_0822_nb,False Positive,3.3903830480847597,1.2868865658589588,0.0,7.0,2.163265306122449,3.3387755102040817,1.1755102040816325,1.309924101845288,0.0028492095744323846,7.276283618581907,2.1986399910742653,1.0,15.0,4.755102040816326,7.73469387755102,2.979591836734694,3.5356195694591563,0.007690309014593052,10.857375713121435,2.963241351474329,2.0,19.0,6.820408163265306,11.461224489795919,4.640816326530613,5.3182227248472875,0.0115676405108152,14.493072534637326,3.996401306659115,4.0,28.0,8.657142857142857,14.987755102040817,6.33061224489796,6.866592865732745,0.014935492910783553,29.34474327628362,7.616156934437825,9.0,52.0,18.922448979591838,27.885714285714286,8.963265306122448,7.978592419741484,0.017354197759089685,1227
pair_1654_nb,False Positive,2.0839445802770986,1.2568812089679644,0.0,6.0,0.9387755102040817,2.0326530612244897,1.093877551020408,1.8010002946727939,0.0039173470248456636,5.083944580277099,2.46811017063047,0.0,13.0,2.130612244897959,5.746938775510204,3.6163265306122447,5.495663531454325,0.011953591150526003,7.340668296658516,3.109729277492889,0.0,15.0,3.3551020408163263,8.444897959183674,5.089795918367347,7.329555681211822,0.015942481090183407,9.273838630806846,3.7088398795140227,1.0,21.0,4.440816326530612,10.902040816326531,6.461224489795919,9.24634645556414,0.020111683427001932,18.385493072534636,6.035392880183292,5.0,35.0,10.844897959183674,22.053061224489795,11.208163265306121,15.466307749894476,0.03364069113625769,1227
cdca_001_binder,Binder,5.263243683781581,1.6229738895748405,2.0,10.0,4.677551020408163,4.391836734693878,-0.2857142857142856,-0.35718324665705625,-0.0007769075511844624,8.702526487367564,2.5766840843078365,2.0,18.0,7.473469387755102,7.738775510204082,0.26530612244897966,-0.12263963110151957,-0.0002667528680837823,13.991035044824775,4.065769542997607,4.0,28.0,12.395918367346939,12.408163265306122,0.012244897959183376,-1.2701193823021113,-0.00276263052159241,20.7840260798696,5.46886921492436,7.0,40.0,18.836734693877553,18.477551020408164,-0.3591836734693885,-2.3772130325016128,-0.0051706645622656144,50.24123879380603,8.160502471317516,32.0,82.0,45.86938775510204,48.285714285714285,2.4163265306122454,-0.8178205363044896,-0.0017788374906024661,1227
glca_001_binder,Binder,4.54523227383863,1.2359197561675983,1.0,9.0,4.848979591836735,4.591836734693878,-0.2571428571428571,0.020316494508732783,4.419030888250716e-05,7.572942135289323,1.9492797823397001,2.0,17.0,6.906122448979592,8.33061224489796,1.424489795918368,1.9874246394240345,0.0043228377148973,12.990220048899756,3.0794799781933246,3.0,26.0,11.759183673469387,13.616326530612245,1.8571428571428577,2.3217189777243297,0.005049959712287829,20.364303178484107,4.34571203653634,7.0,35.0,18.583673469387755,20.546938775510203,1.963265306122448,2.2352922437342206,0.004861973341455619,49.31132844335778,6.715129831275503,31.0,69.0,46.33877551020408,48.64489795918367,2.3061224489795933,1.9606890564895714,0.004264685277845724,1227
lca3s_001_binder,Binder,6.123879380603097,1.6116857121277446,2.0,10.0,4.563265306122449,7.16734693877551,2.6040816326530614,3.438130659509569,0.00747826135836774,9.50122249388753,3.042318766497659,3.0,17.0,6.257142857142857,11.8,5.542857142857144,7.729474447090304,0.016812342462404144,15.595762021189895,4.975530831972655,3.0,28.0,9.30204081632653,19.34285714285714,10.040816326530612,13.374314089341599,0.029090405849573907,22.709861450692745,6.808877102523367,5.0,39.0,13.685714285714285,27.514285714285716,13.828571428571431,18.551659326393917,0.04035162441847509,54.72371638141809,10.575969587927931,22.0,80.0,40.04489795918367,61.35918367346939,21.314285714285717,27.195415847024993,0.05915261739429037,1227
lca_001_binder,Binder,3.135289323553382,1.5950059520881188,0.0,9.0,2.1877551020408164,3.5020408163265304,1.314285714285714,2.659175075460128,0.005783958837324912,5.871230643846781,3.1555250883672645,1.0,16.0,3.16734693877551,7.159183673469387,3.9918367346938775,6.730955775188549,0.014640469331568352,10.747351263243683,5.501254127712483,1.0,30.0,5.9714285714285715,12.338775510204082,6.36734693877551,11.398214442152547,0.024792201070478623,17.151589242053788,7.482650642419028,5.0,41.0,10.946938775510205,18.620408163265306,7.673469387755102,14.534624053264102,0.03161419043668101,46.442542787286065,10.665267046004741,28.0,85.0,38.86938775510204,46.1265306122449,7.25714285714286,16.915787294027695,0.03679344707781991,1227
pair_0008_low_pkt,Low Confidence,2.6226568867155664,0.7777939560709474,1.0,5.0,3.1755102040816325,2.473469387755102,-0.7020408163265306,-0.604509290157132,-0.0013148652314456384,9.885900570497148,2.0997974210260564,4.0,16.0,9.987755102040817,10.371428571428572,0.38367346938775526,1.2839132547008276,0.0027926335066902177,16.597392013039936,2.484690147673218,9.0,25.0,16.485714285714284,17.644897959183673,1.1591836734693892,2.3594132029339856,0.005131948239116881,21.89160554197229,2.8917700065968646,12.0,32.0,22.10612244897959,22.90204081632653,0.795918367346939,2.051583667163097,0.0044623897056293585,41.26324368378158,5.084932461082669,26.0,63.0,44.714285714285715,40.95102040816327,-3.763265306122449,-2.3605998582384955,-0.0051345293273267955,1227
pair_0065_low_pkt,Low Confidence,3.404237978810106,1.1727335430207444,0.0,8.0,3.4612244897959186,3.473469387755102,0.012244897959183376,0.17944776725627776,0.000390315970106096,10.482477587612061,2.702947961742977,4.0,23.0,8.138775510204082,10.881632653061224,2.742857142857142,4.315729952294863,0.009387123332887142,15.829665851670741,4.090002138417152,7.0,27.0,11.363265306122448,16.942857142857143,5.579591836734695,7.601291781814706,0.016533532967514315,20.56642216788916,5.337610595867687,10.0,39.0,15.057142857142857,21.804081632653062,6.7469387755102055,8.609821364573959,0.018727180782107576,35.92176039119804,8.69488645858902,17.0,61.0,27.70204081632653,37.53469387755102,9.832653061224491,11.666143688825528,0.0253749726782502,1227
pair_0393_low_pkt,Low Confidence,3.4311328443357785,1.0799086582409383,0.0,8.0,2.7877551020408164,3.693877551020408,0.9061224489795916,1.1543766873999506,0.002510879146057533,10.179299103504482,2.064674394750868,5.0,16.0,9.363265306122448,10.559183673469388,1.1959183673469393,0.8544475681530381,0.0018585047703165603,18.428687856560718,2.7098946631051106,9.0,28.0,16.591836734693878,19.677551020408163,3.0857142857142854,3.076821993740195,0.0066923806280373985,28.066014669926652,3.577714779206077,16.0,42.0,25.43265306122449,29.73469387755102,4.302040816326532,4.724847287815679,0.010276992469419637,65.72616136919315,7.23333259458168,44.0,91.0,58.36326530612245,69.15510204081633,10.79183673469388,13.887761522104439,0.030207202875702974,1227
pair_0482_low_pkt,Low Confidence,2.7897310513447433,1.0386776949128587,0.0,6.0,2.3836734693877553,2.83265306122449,0.44897959183673475,0.6655463791084952,0.0014476267082294623,6.380603096984515,1.9557572531733176,1.0,15.0,5.285714285714286,7.228571428571429,1.942857142857143,2.2537371677962468,0.00490209280651712,10.508557457212714,2.517851528918712,3.0,20.0,10.106122448979592,11.293877551020408,1.187755102040816,1.2761880490271822,0.0027758304492162722,14.886715566422168,2.915441488685164,7.0,27.0,14.857142857142858,15.261224489795918,0.4040816326530603,0.27575002190135656,0.000599782538121493,32.816625916870414,4.832292625891566,21.0,48.0,33.88979591836735,32.06122448979592,-1.8285714285714292,-1.5505204558667758,-0.0033725295396775986,1227
pair_0947_low_pkt,Low Confidence,2.268133659331703,0.8510906881633098,0.0,5.0,2.4979591836734696,2.489795918367347,-0.008163265306122547,-0.049696168457268444,-0.00010809389550248705,5.409127954360228,1.3404307129650972,2.0,11.0,5.661224489795918,5.828571428571428,0.16734693877551,0.42810382039295014,0.0009311665478911367,8.43276283618582,1.4300315263123442,4.0,15.0,8.093877551020409,8.89795918367347,0.8040816326530607,1.3453007653528506,0.002926157184019251,10.005704971475142,1.5799683451379258,5.0,18.0,9.857142857142858,10.122448979591837,0.26530612244897966,1.0514642052196905,0.002287034704121132,17.77750611246944,3.6976455832839887,10.0,32.0,21.09795918367347,14.975510204081633,-6.122448979591837,-6.323200305822576,-0.013753562383518386,1227
pair_0948_low_pkt,Low Confidence,1.982885085574572,0.9957696121362645,0.0,5.0,0.8653061224489796,2.216326530612245,1.351020408163265,1.6268407094446617,0.00353853335387637,4.863080684596577,2.286525063573682,0.0,14.0,1.9795918367346939,5.253061224489796,3.273469387755102,4.170719081258015,0.009071710889087578,7.7400162999185005,3.4186393056683824,0.0,22.0,3.2448979591836733,8.526530612244898,5.281632653061225,6.86679993310131,0.01493594330201481,10.691116544417278,4.574826869797139,1.0,29.0,4.795918367346939,12.216326530612244,7.420408163265305,9.542436864362903,0.020755708242224905,29.633251833740832,11.17063924733578,8.0,54.0,15.975510204081633,39.073469387755104,23.09795918367347,31.18414660369696,0.06782848635931908,1227
pair_1331_low_pkt,Low Confidence,1.4099429502852485,0.8128946015672311,0.0,4.0,1.1755102040816328,1.6775510204081632,0.5020408163265304,0.7573648288110352,0.0016473405738141053,3.737571312143439,1.7909256830956977,0.0,12.0,2.7020408163265306,4.285714285714286,1.583673469387755,2.486640172662329,0.0054086790052470446,6.616951915240424,2.863360340049897,1.0,17.0,4.2326530612244895,7.889795918367347,3.6571428571428575,5.400316972356506,0.011746203311270265,9.700081499592502,3.7448829517911735,2.0,23.0,6.2122448979591836,12.040816326530612,5.828571428571428,8.101072768251791,0.01762060417238019,26.493887530562347,5.710818752182253,12.0,47.0,20.922448979591838,30.612244897959183,9.689795918367345,12.45424209361038,0.027089161704427173,1227
pair_1413_low_pkt,Low Confidence,3.1035044824775877,1.1609845085598736,0.0,7.0,3.2122448979591836,2.730612244897959,-0.4816326530612245,-0.6171722561582634,-0.001342408387511176,10.15403422982885,3.2652235802442635,2.0,25.0,9.83265306122449,7.857142857142857,-1.9755102040816324,-2.9701822989256392,-0.006460429143938312,17.77750611246944,5.627405519778139,7.0,41.0,17.42448979591837,12.66938775510204,-4.755102040816329,-6.483032421971439,-0.014101212445832394,26.17522412387938,7.748561231085902,12.0,59.0,25.889795918367348,18.379591836734694,-7.510204081632654,-9.760215987193675,-0.02122939855833318,55.49307253463733,14.851580064519453,29.0,117.0,55.546938775510206,39.946938775510205,-15.600000000000001,-20.75005375787453,-0.04513334150706804,1227
pair_1931_low_pkt,Low Confidence,1.5273023634881826,0.7744048222388084,0.0,4.0,1.653061224489796,1.3183673469387756,-0.3346938775510204,-0.6528595207186833,-0.0014200315839449332,3.423797881010595,1.4329983219134477,1.0,10.0,4.053061224489796,2.7183673469387757,-1.3346938775510204,-1.793944075882226,-0.003901999077503483,7.0733496332518335,2.252843631475305,1.0,16.0,7.910204081632653,6.020408163265306,-1.889795918367347,-2.486425141164197,-0.005408211291276121,12.969845150774246,2.8891337707091154,4.0,24.0,14.142857142857142,11.583673469387755,-2.559183673469388,-3.2156367719790064,-0.006994315980378481,38.13039934800326,5.055126917643078,22.0,59.0,39.64081632653061,36.35510204081633,-3.2857142857142847,-4.474598408766915,-0.009732677343701824,1227
pair_0014_fail_gate,Fail Geometry,1.1646291768541157,0.8624867414619258,0.0,5.0,0.6979591836734694,1.126530612244898,0.4285714285714285,0.34440081871251904,0.000749104554023967,6.5753871230643846,2.3871048389026455,1.0,15.0,5.09795918367347,7.7877551020408164,2.6897959183673468,2.6668206398381695,0.005800588667402217,13.755501222493887,3.741074721346715,3.0,26.0,9.485714285714286,16.779591836734692,7.293877551020406,7.94717392862547,0.01728585955111576,21.718826405867972,5.256578531381477,7.0,38.0,14.82857142857143,26.0,11.17142857142857,11.799303935076415,0.025664608885429943,57.027709861450695,9.81728171464168,33.0,84.0,43.00408163265306,63.910204081632656,20.906122448979595,20.834369997531134,0.04531673735188933,1227
pair_0263_fail_gate,Fail Geometry,3.54360228198859,1.2146944900204628,0.0,8.0,3.3551020408163263,3.6081632653061226,0.2530612244897963,0.27391827210245057,0.0005957983079988052,8.23960880195599,1.9732429821296698,2.0,15.0,8.657142857142857,8.387755102040817,-0.2693877551020396,-0.4196060941519399,-0.000912683184669798,14.246128769356153,2.55560319111947,7.0,22.0,15.17142857142857,13.938775510204081,-1.2326530612244895,-0.704156479217604,-0.0015316073501198562,20.516707416462918,3.518539499599002,11.0,32.0,22.2,19.76734693877551,-2.4326530612244888,-0.8608427641900872,-0.0018724149302666417,41.650366748166256,5.999117521014233,28.0,62.0,44.42040816326531,40.436734693877554,-3.983673469387753,-1.5981220582496427,-0.003476067554648492,1227
pair_0540_fail_gate,Fail Geometry,1.1597392013039935,0.9675632171030505,0.0,5.0,1.4653061224489796,1.653061224489796,0.18775510204081636,0.5468410280098434,0.001189431273539627,2.636511817440913,1.1658983162897087,0.0,6.0,2.963265306122449,2.877551020408163,-0.08571428571428585,0.6088895614153851,0.0013243927382607613,3.762836185819071,1.4767928559632466,1.0,8.0,4.43265306122449,3.7224489795918365,-0.7102040816326531,0.26295166569769807,0.0005719448954816697,5.407497962510187,1.7901867378668395,1.0,11.0,6.163265306122449,5.277551020408163,-0.8857142857142861,0.15158924205378999,0.0003297210267619132,12.183374083129584,2.5791055656134976,5.0,22.0,12.575510204081633,12.342857142857143,-0.23265306122448948,0.6185739429609048,0.0013454571896920151,1227
pair_0715_fail_gate,Fail Geometry,2.735126324368378,1.1479459901350293,0.0,6.0,1.9918367346938775,2.657142857142857,0.6653061224489796,0.9865724775610653,0.0021458890213400003,6.6519967400163,2.0352241681992425,1.0,15.0,5.604081632653061,6.571428571428571,0.9673469387755098,1.5777737072226685,0.003431807954807328,11.480847595762022,2.917543808286084,2.0,21.0,9.175510204081633,11.857142857142858,2.681632653061225,3.689940507952181,0.008025971741059668,16.4278728606357,3.8737583649133502,3.0,28.0,12.86530612244898,17.306122448979593,4.440816326530614,5.910706179368126,0.012856348405368407,36.203748981255096,7.842430658059792,9.0,59.0,26.783673469387754,40.16734693877551,13.383673469387755,17.90480475936383,0.0389446541802367,1227
pair_0997_fail_gate,Fail Geometry,2.941320293398533,0.9170018922304763,0.0,6.0,2.4612244897959186,2.76734693877551,0.3061224489795915,0.6435733456511873,0.0013998332694968728,5.5664221678891606,1.6107160989825688,2.0,12.0,4.951020408163266,5.33469387755102,0.3836734693877544,0.6268088529264189,0.0013633689025044473,9.21515892420538,2.3633299556400442,3.0,18.0,8.534693877551021,9.575510204081633,1.0408163265306118,1.5759658498124443,0.0034278756929036315,14.857375713121435,3.1646015764339523,7.0,26.0,13.514285714285714,15.6,2.0857142857142854,2.951012639073612,0.006418733309567399,38.557457212713935,5.405383780207603,23.0,55.0,35.99183673469388,39.1265306122449,3.1346938775510225,5.844818935514442,0.012713037380129293,1227
pair_1094_fail_gate,Fail Geometry,2.1597392013039935,0.9138485018799769,0.0,6.0,2.6081632653061226,2.204081632653061,-0.40408163265306163,-0.2604031442383505,-0.000566401618789234,5.837000814995925,2.2744461451786453,1.0,15.0,6.1959183673469385,6.742857142857143,0.5469387755102044,1.5097600407763436,0.0032838717580779627,11.04156479217604,3.4736028889077195,2.0,25.0,10.844897959183674,12.448979591836734,1.6040816326530596,3.095362487356943,0.0067327079659748644,17.877750611246945,4.647445214146138,6.0,33.0,16.644897959183673,20.053061224489795,3.408163265306122,5.027898345850288,0.010936157359108842,47.215158924205376,8.679627856433093,21.0,75.0,43.20816326530612,50.8734693877551,7.665306122448982,10.371669998327539,0.022559369218765703,1227
pair_1682_fail_gate,Fail Geometry,3.0684596577017116,1.0037620306340893,0.0,7.0,2.869387755102041,2.8489795918367347,-0.020408163265306367,-0.058838989192675994,-0.00012798040063659864,9.08557457212714,2.5206586812556124,2.0,19.0,7.048979591836734,9.926530612244898,2.8775510204081636,3.626028368229494,0.00788695675525719,15.550937245313774,4.004639365583945,2.0,31.0,11.616326530612245,18.31020408163265,6.693877551020407,8.798794230784544,0.019138214748851648,23.071719641401792,5.449605286287236,3.0,40.0,17.66938775510204,27.518367346938774,9.848979591836734,12.552455739349975,0.027302785729961865,53.427872860635695,9.205450298501399,17.0,84.0,44.04489795918367,61.02040816326531,16.975510204081637,20.938612489347957,0.04554347469134958,1227
pair_1739_fail_gate,Fail Geometry,2.2102689486552567,0.9098530700081272,0.0,5.0,2.061224489795918,2.710204081632653,0.6489795918367349,0.6318421828086301,0.0013743168739720065,3.6707416462917686,1.2648400671057394,0.0,10.0,3.3755102040816327,4.702040816326531,1.3265306122448983,1.075404378678432,0.0023391068595506955,5.067644661776691,1.684916906594864,1.0,12.0,5.122448979591836,6.706122448979592,1.5836734693877554,1.173888804823077,0.0025533198582339905,6.572127139364303,1.937568096585216,2.0,14.0,7.216326530612245,8.253061224489796,1.036734693877551,0.7880506200074862,0.0017140850897389593,18.659331703341483,4.291117857029218,7.0,31.0,22.23673469387755,17.473469387755102,-4.763265306122449,-4.350493377826269,-0.009462737091519891,1227
pair_1745_fail_gate,Fail Geometry,2.6234718826405867,1.099026764310823,0.0,6.0,1.9183673469387754,3.16734693877551,1.2489795918367346,1.3208349593431177,0.002872941727771864,4.951915240423798,2.0427706625502235,1.0,13.0,3.073469387755102,7.706122448979592,4.63265306122449,4.877009947197819,0.010607960733437347,7.398533007334963,3.6387524572749563,2.0,22.0,4.461224489795918,13.391836734693877,8.930612244897958,9.458200266001924,0.020572485624800275,10.324368378158109,5.6064130662875264,4.0,29.0,5.8979591836734695,20.151020408163266,14.253061224489796,15.064182920127744,0.03276603136515006,20.597392013039936,14.008179926487443,6.0,58.0,11.016326530612245,46.926530612244896,35.91020408163265,36.904223377905915,0.08027019766809333,1227
pair_1941_fail_gate,Fail Geometry,2.7897310513447433,0.9913030993379801,0.0,6.0,2.4326530612244897,3.0775510204081633,0.6448979591836737,0.7244092606898528,0.0015756590770850522,5.50122249388753,1.8334811008670056,2.0,14.0,4.906122448979592,6.16734693877551,1.261224489795918,2.2067488033895346,0.004799888642500345,8.99918500407498,2.8225138622964825,3.0,20.0,7.840816326530613,10.693877551020408,2.853061224489796,4.304022681840986,0.009361658905581268,13.243683781581092,3.724862889378304,4.0,26.0,11.228571428571428,15.43673469387755,4.208163265306123,5.66303767829695,0.012317645847301684,28.488182559087203,5.816858466404346,13.0,51.0,25.367346938775512,32.61224489795919,7.244897959183675,7.022594235563028,0.015274810735319246,1227
