seq_id,seq_type,R_1,R_2,R_3,R_4,R_5,R_6,R_7,R_8,R_9,R_10,R_11,R_12,R_13,R_14,R_15,R_16,R_17,R_18,R_19,R_20,R_21,R_22,R_23,R_24,R_25,R_26,R_27,R_28,R_29,R_30,R_31,R_32,R_33,R_34,R_35,R_36,R_37,R_38,R_39,R_40,R_41,R_42,R_43,R_44,R_45,R_46,R_47,R_48,R_49,R_50,R_51,R_52,R_53,R_54,R_55,R_56,R_57,R_58,R_59,R_60,R_61,R_62,R_63,R_64,R_65,R_66,R_67,R_68,R_69,R_70,R_71,R_72,R_73,R_74,R_75,R_76,R_77,R_78,R_79,R_80,R_81,R_82,R_83,R_84,R_85,R_86,R_87,R_88,R_89,R_90,R_91,R_92,R_93,R_94,R_95,R_96,R_97,R_98,R_99,R_100,R_101,R_102,R_103,R_104,R_105,R_106,R_107,R_108,R_109,R_110,R_111,R_112,R_113,R_114,R_115,R_116,R_117,R_118,R_119,R_120,R_121,R_122,R_123,R_124,R_125,R_126,R_127,R_128,R_129,R_130,R_131,R_132,R_133,R_134,R_135,R_136,R_137,R_138,R_139,R_140,R_141,R_142,R_143,R_144,R_145,R_146,R_147,R_148,R_149,R_150,R_151,R_152,R_153,R_154,R_155,R_156,R_157,R_158,R_159,R_160,R_161,R_162,R_163,R_164,R_165,R_166,R_167,R_168,R_169,R_170,R_171,R_172,R_173,R_174,R_175,R_176,R_177,R_178,R_179,R_180,R_181
seq16_binder,Binder,,,,,,,,,,,,,,,,,,,,,,,,,,,,,,,,,,,,,,,,,,,,,,,,,,,,-0.0,,,-0.0,,,,0.0475,,0.563,0.0179,,,,,,,,,,,,,,,,,0.0403,,0.2342,,0.4678,,,,0.0887,0.0078,0.082,,,0.4593,,0.1746,,,,,,,,,,,,,,0.1091,0.0,0.1413,,,,-0.0013,0.0961,-0.1498,-0.2513,,,0.1768,,0.2889,,,,,,,,,,,,,,,,,,,0.0,,,,,,,,,,,,,,,-0.0013,,,0.1072,0.3503,,-0.0127,0.1617,0.0,,-0.0001,0.6515,,,,,,,,,,,,,,
seq14_binder,Binder,,,,,,,,,,,,,,,,,,,,,,,,,,,,,,,,,,,,,,,,,,,,,,,,,,,,-0.0,,,,,,-0.0143,0.0466,,0.3772,0.0054,,,,,,,,,,,,,,,,,0.0029,,0.0393,,0.3441,,,,0.0627,0.7277,0.194,,-0.0,0.1832,,0.0065,,,,,,,,,,,,,-0.0,-0.0001,-0.0,0.0001,,,,,0.0059,0.2222,0.4377,,,0.102,,0.1815,-0.0002,-0.027,,,,,,,,,,,,,,,,,-0.3223,-0.0001,-0.0014,,,,,,,,,,,,,,,,0.5503,0.085,-0.2172,0.0163,-0.0135,-0.3555,,,-0.1052,,,,,,,,,,,,,,
seq10_binder,Binder,,,,,,,,,,,,,,,,,,,,,,,,,,,,,,,,,,,,,,,,,,,,,,,,,,,,,,,-0.0093,,,-0.0005,0.1144,,0.61,-0.0231,,,,,,,,,,,,,,,,,-0.0152,,-0.014,,0.197,-0.0,,,0.0517,-0.0254,0.0274,,,0.3541,,-0.0165,,,,,,,,,,,,,-0.0,0.0003,0.0,0.0333,,-0.0,,-0.0002,0.0906,-0.112,-0.0155,,,0.3067,,0.0956,,-0.0001,,,,,,,,,,,,,,,,,-0.0234,,-0.0001,,,,,,,,,,,,,-0.0,-0.0002,-0.0199,0.1466,0.0917,-0.015,-0.0377,0.2703,-0.0168,-0.0,-0.0041,0.1075,,,,,,,,,,,,,,
seq17_binder,Binder,,,,,,,,,,,,,,,,,,,,,,,,,,,,,,,,,,,,,,,,,,,,,,,,,,,,,,,,,,,0.0776,-0.0015,0.4125,0.1665,,,,,,,,,,,,,,,,,0.0013,,0.0003,,0.3664,,,,0.0235,0.0252,0.0338,,,0.5055,,0.0,,,,,,,,,,,,-0.0,,0.0954,,0.1969,-0.0,-0.0,,,0.2863,-0.0002,-0.0761,-0.1898,-0.1188,0.4207,,0.0104,-0.0,-0.0,,,,,,,,,,,,,,,,,0.5732,,-0.0005,,-0.0086,,,,,,,,,,,,,,0.3227,0.2595,,-0.0175,0.3285,-0.0002,,-0.0,0.1739,,,,,,,,,,,,,,
seq39_binder,Binder,,,,,,,,,,,,,,,,,,,,,,,,,,,,,,,,,,,,,,,,,,,,,,,,,,,,-0.0,,,-0.0001,,,-0.0002,0.1268,,0.5849,0.0044,,,,,,,,,,,,,,,,,0.2184,,0.1809,,0.2498,-0.0001,-0.0,-0.0,0.0142,-0.0491,0.0144,,,0.0768,,0.0054,,,,,,,,,,,,-0.0,-0.0,0.0651,0.0001,0.0002,,,,-0.0,-0.246,-0.1529,-0.1579,-0.0007,-0.0002,0.4589,,0.0197,-0.0,-0.0,,,,,,,,,,,,,,,,,-0.0037,,-0.0023,,-0.0001,,,,,,,,,,,-0.0,,-0.0,-0.0833,0.053,,-0.0036,0.202,0.0041,,-0.0004,0.3144,,,,,,,,,,,,,,
seq42_binder,Binder,,,,,,,,,,,,,,,,,,,,,,,,,,,,,,,,,,,,,,,,,,,,,,,,,,,,,,,-0.0,,,-0.0014,0.0505,,0.5773,0.0073,,,,,,,,,,,,,,,,,,,0.006,,0.4377,,,,0.0354,-0.0901,0.0534,,-0.0007,0.2152,,-0.0006,,,,,,,,,,,,,,,,-0.0114,,-0.0029,-0.0581,-0.017,-0.1074,-0.1236,-0.1492,-0.0038,-0.0014,0.0,,0.0966,,,,,,,,,,,,,,,,,,,0.0056,,0.0,,0.0,,,,,,,,,,,,,,-0.1735,0.0,,,0.6221,0.3174,,,0.0407,,,,,,,,,,,,,,
pair_3069_binder,Binder,,,,,,,,,,,,,,,,,,,,,,,,,,,,,,,,,,,,,,,,,,,,,,,,,,,,,,,-0.0,,,,-0.0002,0.1583,0.2002,0.1545,,,,,,,,,,,,,,,,,-0.0044,,-0.0047,,0.2277,,,,0.0378,0.0255,0.0036,,-0.0086,0.1882,-0.0005,-0.0054,,,,,,,,,,,,,,,,-0.1904,-0.0552,-0.2231,-0.44,-0.0573,-0.0576,-0.0,0.0858,-0.5978,-0.4801,0.0462,,-0.001,,,,,,,,,,,,,,,,,,,-0.0014,,-0.001,,-0.0,,,,,,,,,,,-0.0,,,0.055,0.3759,,-0.0001,0.0482,-0.0037,,-0.0,0.0281,,,,,,,,,,,,,,
pair_3070_binder,Binder,,,,,,,,,,,,,,,,,,,,,,,,,,,,,,,,,,,,,,,,,,,,,,,,,-0.0,,-0.0001,-0.0002,,,-0.0104,,,-0.0598,-0.0327,-0.0827,0.3889,0.1367,,,,,,,,,,,,,,,,,0.1395,,0.0329,,0.3971,-0.0001,,,0.1085,0.1113,-0.0361,,,-0.0568,,-0.0051,,,,,,,,,,,,,,,,-0.0046,,,,,-0.1068,-0.1419,-0.0265,,,0.1986,,-0.0008,,-0.0006,,,,,,,,,,,,,,,,,0.0373,,,,,,,,,,,,,,,-0.0,,,-0.0089,0.1268,,-0.0127,0.1917,0.0381,,-0.0056,0.1319,,,,,,,,,,,,,,
pair_3074_binder,Binder,,,,,,,,,,,,,,,,,,,,,,,,,,,,,,,,,,,,,,,,,,,,,,,,,,,,,,,,,,-0.0,-0.0051,-0.0022,0.1053,-0.0038,,,,,,,,,,,,,,,,,-0.0065,,-0.0111,,0.3379,,,,-0.0006,0.0057,0.0135,,-0.0,0.4457,,-0.0035,,,,,,,,,,,,,,-0.0009,,0.0788,-0.0,-0.0,-0.0001,-0.0,0.2614,-0.2325,-0.0976,-0.0014,-0.0008,0.5318,,-0.0029,,,,,,,,,,,,,,,,,,,-0.0041,,-0.0372,,-0.0001,,,-0.0,,,-0.0,,,,,-0.0002,,,-0.0765,0.002,,,0.0779,-0.0414,,-0.0,-0.0,,,,,,,,,,,,,,
pair_3092_binder,Binder,,,,,,,,,,,,,,,,,,,,,,,,,,,,,,,,,,,,,,,,,,,,,,,,,,,,,,,,,,,-0.0032,,0.7505,-0.0546,,,,,,,,,,,,,,,,,-0.0607,,-0.1672,,0.227,-0.0002,,,0.1547,-0.0119,0.0653,,,-0.057,,-0.049,,,,,,,,,,,,,,,,-0.1022,,,,-0.0001,-0.242,-0.4535,-0.1405,,,0.1861,,-0.0004,,,,,,,,,,,,,,,,,,,-0.0012,-0.0,-0.0003,,,,,-0.0001,-0.0,,-0.0,,,,,-0.0001,,-0.0001,0.1592,0.2385,-0.0,-0.0275,0.0262,-0.0051,,-0.0014,0.1179,,,,,,,,,,,,,,
pair_3098_binder,Binder,,,,,,,,,,,,,,,,,,,,,,,,,,,,,,,,,,,,,,,,,,,,,,,,,,,,,,,,,,-0.0,-0.0041,-0.0049,0.2622,0.04,,,,,,,,,,,,,,,,,,,0.0062,,0.5153,,,,0.0171,0.2157,0.3837,,,0.1779,,,,,,,,,,,,,,,,-0.0,,-0.0323,,,,-0.0001,0.0111,0.0512,0.2006,-0.0258,-0.0199,0.2492,,-0.1091,,,,,,,,,,,,,,,,,,,-0.1761,,-0.0023,,-0.0002,,,,,,,,,,,,,,-0.0283,0.2158,-0.0,0.1167,0.2221,-0.0276,,-0.0,0.0087,,,,,,,,,,,,,,
pair_3059_nb,False Positive,,,,,,,,,,,,,,,,,,,,,,,,,,,,,,,,,,,,,,,,,,,,,,,,,,,,,,,,,,,-0.0,,0.0002,0.0359,,,,,,,,,,,,,,,,,-0.0004,,0.0601,,0.0052,,,,0.0217,0.0303,0.3376,-0.0032,-0.0283,0.286,-0.0014,-0.001,,,,,,,,,,,,,,,-0.0,0.0385,-0.0723,-0.0847,-0.0868,-0.0062,0.1751,-0.1776,0.1047,-0.0486,-0.0618,0.2686,,0.1857,,,,,,,,,,,,,,,,,,,,,,,0.0056,,,-0.0,,,,,,,,,,,-0.0573,-0.0002,,,0.099,0.0236,,,,,,,,,,,,,,,,,
pair_3062_binder,Binder,,,,,,,,,,,,,,,,,,,,,,,,,,,,,,,,,,,,,,,,,,,,,,,,,,,,,,,-0.0008,,,,0.1121,,0.5859,-0.0171,,,,,,,,,,,,,,,,,-0.1187,,-0.235,,0.3493,,,,0.0558,0.2662,0.2123,,,-0.1326,,-0.1586,,,,,,,,,,,,,,,,-0.0005,,,,-0.0001,-0.1021,-0.0164,0.196,,,0.0935,,-0.0001,,,,,,,,,,,,,,,,,,,-0.0003,,-0.0,,,,,-0.0051,,,-0.0,,,,,-0.0001,,-0.0001,0.2244,0.1522,-0.0005,-0.0878,0.1176,0.0008,,-0.0003,0.1914,,,,,,,,,,,,,,
pair_3063_binder,Binder,,,,,,,,,,,,,,,,,,,,,,,,,,,,,,,,,,,,,,,,,,,,,,,,,,-0.0033,,,,,,,,0.0052,0.211,-0.0006,0.3971,-0.0,,,,,,,,,,,,,,,,,,,,,0.1402,,,,0.0187,-0.1073,-0.1281,,-0.2536,0.1596,-0.0023,-0.0,,,,,,,,,,,,,,,,-0.173,-0.0056,-0.0621,-0.2203,0.0837,0.0129,,-0.0002,,,-0.0063,,-0.0002,,,,,,,,,,,,,,,,,,,,,,,,,,,,,,,,,,,,-0.0025,0.0449,0.1612,,-0.0156,0.1055,0.0218,,-0.0041,0.0976,,,,,,,,,,,,,,
pair_3066_binder,Binder,,,,,,,,,,,,,,,,,,,,,,,,,,,,,,,,,,,,,,,,,,,,,,,,,,,,-0.0,,,-0.0001,,,-0.0,0.0655,-0.0,0.4449,0.0074,,,,,,,,,,,,,,,,,-0.0,,-0.0093,,0.2311,,,,0.0214,-0.0489,0.0301,,-0.0005,0.1516,,-0.0048,,,,,,,,,,,,,,,,-0.0012,,,-0.0156,-0.0469,0.0647,-0.0079,0.0653,,,0.0889,,0.0003,,,,,,,,,,,,,,,,,,,0.0001,,,,0.0,,,-0.0,,,-0.0002,,,,-0.0,-0.0005,,,0.067,0.3264,,-0.0073,-0.0023,0.003,,-0.0001,0.1969,,,,,,,,,,,,,,
pair_3067_binder,Binder,,,,,,,,,,,,,,,,,,,,,,,,,,,,,,,,,,,,,,,,,,,,,,,,,,,,,,,-0.0,,,-0.0,0.1036,0.1643,0.5795,0.0093,,,,,,,,,,,,,,,,,,,-0.0004,,0.2096,,,-0.0001,-0.0085,-0.161,-0.0031,,-0.0002,0.0963,,-0.0,,,,,,,,,,,,,,,,-0.0241,,-0.0002,-0.0,-0.0026,0.0162,-0.2068,0.0144,-0.0,,0.1268,,-0.1068,,,,,,,,,,,,,,,,,,,-0.002,,,,,,,,,,,,,,,,,,-0.1774,0.6454,-0.0,-0.0115,0.2632,0.2939,,-0.0002,0.2066,,,,,,,,,,,,,,
pair_3068_binder,Binder,,,,,,,,,,,,,,,,,,,,,,,,,,,,,,,,,,,,,,,,,,,,,,,,,,,,,,,,,,,0.0007,0.011,0.4959,0.0157,,,,,,,,,,,,,,,,,-0.0135,,-0.0258,,0.3275,,,,0.1077,-0.1068,0.164,,-0.0001,0.0463,,-0.0029,,,,,,,,,,,,,,,,-0.0145,-0.0,0.0024,0.0041,-0.0051,0.0842,-0.1646,-0.0687,-0.0,,0.0546,,-0.0008,,-0.0,,,,,,,,,,,,,,,,,-0.0012,-0.0,-0.0003,,-0.0,,,-0.0,,,,,,,,-0.0001,,,0.1027,0.3843,,-0.007,0.0961,0.0005,,-0.0,0.1527,,,,,,,,,,,,,,
pair_3071_binder,Binder,,,,,,,,,,,,,,,,,,,,,,,,,,,,,,,,,,,,,,,,,,,,,,,,,,,-0.0365,-0.0282,,,-0.0332,,,-0.0315,0.3204,,0.3637,0.0345,,,,,,,,,,,,,,,,,0.1514,,0.017,,0.3665,,,,0.0045,0.2902,0.4769,,,0.3855,,0.0023,,,,,,,,,,,,,,,,-0.0016,,,,,0.0064,0.0198,0.0071,-0.0013,-0.0023,0.2192,,0.0791,,,,,,,,,,,,,,,,,,,0.0055,,-0.0005,,-0.0,,,-0.0,,,,,,,,-0.0001,,,-0.0585,0.3069,,-0.0005,-0.0516,0.0023,,,0.4209,,,,,,,,,,,,,,
pair_3072_binder,Binder,,,,,,,,,,,,,,,,,,,,,,,,,,,,,,,,,,,,,,,,,,,,,,,,,,,,,,,-0.0,,,,-0.0,-0.0005,0.6201,0.0189,,,,,,,,,,,,,,,,,-0.0005,,-0.0096,,0.2682,-0.0003,,,0.0276,-0.0983,0.0549,,,0.1819,,-0.0023,,,,,,,,,,,,,,,,-0.0,,,,-0.0535,0.1507,-0.0832,0.2036,,,0.002,,,,,,,,,,,,,,,,,,,,,,,,,,,,-0.0006,,,-0.0007,,,,,-0.0001,,-0.0008,0.2158,0.3445,,-0.014,0.0067,0.0008,,-0.0024,0.0027,,,,,,,,,,,,,,
pair_3073_binder,Binder,,,,,,,,,,,,,,,,,,,,,,,,,,,,,,,,,,,,,,,,,,,,,,,,,,,,,,,,,,,,-0.0,0.1865,0.0003,,,,,,,,,,,,,,,,,,,,,0.0799,-0.0,,-0.0002,0.0538,-0.0707,0.0768,,-0.0009,0.3507,,,,,,,,,,,,,,,,,,0.0536,-0.0001,-0.0014,-0.0096,-0.0129,0.1678,-0.067,-0.0167,-0.0001,-0.0,0.395,,,,,,,,,,,,,,,,,,,,,-0.0,,-0.0,,-0.0001,,,-0.0,,,-0.0,,,,,-0.0004,,,-0.1973,-0.1925,,-0.0119,-0.2444,-0.0041,,-0.0001,0.0,,,,,,,,,,,,,,
pair_3075_binder,Binder,,,,,,,,,,,,,,,,,,,,,,,,,,,,,,,,,,,,,,,,,,,,,,,,,,,,,,,-0.0,,,-0.0,-0.0007,-0.0,0.5086,-0.0083,,,,,,,,,,,,,,,,,-0.009,,-0.023,,0.1487,-0.0001,,,0.0854,0.3055,0.3903,,,0.0276,,-0.0051,,,,,,,,,,,,,,,,-0.0041,,,,-0.0001,0.126,0.19,0.1477,,,0.024,,-0.0,,,,,,,,,,,,,,,,,,,,,-0.0,,,,,-0.0003,,,-0.0001,,,,-0.0,-0.0101,-0.0,-0.0,0.2531,0.5245,-0.0001,-0.0422,-0.0196,0.0025,,-0.0001,0.2562,,,,,,,,,,,,,,
pair_3076_binder,Binder,,,,,,,,,,,,,,,,,,,,,,,,,,,,,,,,,,,,,,,,,,,,,,,,,,,,,,,,,,,0.0002,,0.279,0.0025,,,,,,,,,,,,,,,,,-0.0008,,-0.0093,,0.343,,,-0.0,0.0015,-0.0895,0.1115,,-0.0,0.2778,,-0.002,,,,,,,,,,,,,,-0.0001,,0.0399,,,,-0.0178,0.0103,-0.2848,0.0344,,,0.0464,,-0.0001,,,,,,,,,,,,,,,,,,,-0.0,,-0.0002,,,,,-0.0069,-0.0,,-0.0135,,,,-0.0054,-0.0428,-0.0017,-0.0041,0.0632,0.1717,,-0.0018,-0.0574,-0.0015,,,0.0011,,,,,,,,,,,,,,
pair_3077_binder,Binder,,,,,,,,,,,,,,,,,,,,,,,,,,,,,,,,,,,,,,,,,,,,,,,,,,,,,,,,,,,0.0977,-0.0002,0.4881,-0.0198,,,,,,,,,,,,,,,,,-0.0688,,-0.0882,,0.1674,-0.0,,,0.0713,-0.0238,0.1767,,,0.0604,,-0.0316,,,,,,,,,,,,,,,,-0.0022,,,,-0.0002,0.0949,-0.1547,0.1379,-0.0001,-0.0,0.0662,,,,,,,,,,,,,,,,,,,,,,,,,,,,-0.0006,-0.0,,,,,,,-0.0,,,0.2239,0.1105,-0.0,-0.0965,0.1443,0.001,,-0.0003,0.0579,,,,,,,,,,,,,,
pair_3078_binder,Binder,,,,,,,,,,,,,,,,,,,,,,,,,,,,,,,,,,,,,,,,,,,,,,,,,-0.0031,,-0.0001,,,,-0.0002,,,-0.0558,0.2175,,0.0949,0.0459,,,,,,,,,,,,,,,,,0.1244,,0.0063,,0.5026,,,,0.0082,-0.0081,0.0899,,,0.4819,,0.0012,,-0.0001,,,,,,,,,,-0.0727,-0.0437,-0.0018,,0.2081,,,,,0.0129,0.0051,0.0146,,,0.3869,,0.0776,-0.0756,-0.2009,,,,,,,,,,,,,,,,,-0.0879,-0.0,-0.0468,,,,-0.0,-0.0009,,,-0.0,,,,,-0.0011,,,-0.0314,0.4753,-0.0264,-0.0083,0.4853,0.361,,,-0.0,,,,,,,,,,,,,,
pair_3079_binder,Binder,,,,,,,,,,,,,,,,,,,,,,,,,,,,,,,,,,,,,,,,,,,,,,,,,,,,,,,-0.0,,,,0.0344,0.1062,0.6056,0.2062,,,,,,,,,,,,,,,,,-0.002,,-0.0021,,0.3816,,,-0.0,-0.0082,0.0898,0.3772,,,0.1056,,-0.001,,,,,,,,,,,,,,,,0.0165,,,,-0.0052,-0.0242,-0.3726,0.2023,,,-0.0221,,-0.3144,,,,,,,,,,,,,,,,,,,-0.3579,,-0.0127,,,,,,,,-0.0,,,,,-0.0,,,0.1679,0.4632,,0.3746,0.1881,-0.0806,,,-0.0007,,,,,,,,,,,,,,
pair_3080_binder,Binder,,,,,,,,,,,,,,,,,,,,,,,,,,,,,,,,,,,,,,,,,,,,,,,,,,,,,,,-0.0,,,,0.181,-0.0,0.2654,-0.1077,,,,,,,,,,,,,,,,,-0.1033,,-0.193,,0.3672,,,-0.0,0.0257,0.1823,0.0459,-0.0,-0.0001,0.1387,,-0.0139,,,,,,,,,,,,,,-0.0,,-0.1817,-0.1103,-0.0816,-0.0093,-0.0003,0.0556,-0.0235,0.48,0.025,-0.0301,0.3291,,-0.0002,,,,,,,,,,,,,,,,,,,-0.0005,-0.0,-0.0001,,0.0247,,,-0.0,,,,,,,,,,-0.0003,0.098,0.025,,,0.7991,0.2543,,,0.0055,-0.0,,,,,,,,,,,,,
pair_3085_binder,Binder,,,,,,,,,,,,,,,,,,,,,,,,,,,,,,,,,,,,,,,,,,,,,,,,,,,,,,,-0.0009,,,,0.0003,,0.6419,0.0253,,,,,,,,,,,,,,,,,-0.1914,,-0.25,,0.411,,,,0.0441,-0.1152,-0.0952,,,-0.0868,,-0.1301,,,,,,,,,,,,,,,,-0.0012,,,,,-0.6218,-0.6377,-0.0788,,,0.0441,,,,,,,,,,,,,,,,,,,,,,,,,,,,-0.0163,-0.0001,,-0.0002,,,,,-0.0,,,0.1516,0.1976,-0.0,-0.1194,-0.0249,0.001,,-0.001,0.4389,,,,,,,,,,,,,,
pair_3086_binder,Binder,,,,,,,,,,,,,,,,,,,,,,,,,,,,,,,,,,,,,,,,,,,,,,,,,,,,,,,-0.0001,,,,-0.0,-0.0,0.4616,-0.0466,,,,,,,,,,,,,,,,,-0.2154,,-0.2889,,0.2526,,,-0.0,0.0358,0.0015,0.2032,,,-0.0026,,-0.2057,,,,,,,,,,,,,,-0.0001,,-0.023,,,,,-0.0013,-0.0009,0.0731,,,0.3863,,-0.0046,,-0.0,,,,,,,,,,,,,,,,,-0.0058,,-0.0,,,,,,,,,,,,,,-0.0001,-0.0189,0.25,0.2446,-0.0075,-0.062,0.5251,0.1386,,-0.0051,0.065,,,,,,,,,,,,,,
pair_3087_binder,Binder,,,,,,,,,,,,,,,,,,,,,,,,,,,,,,,,,,-0.0,,,,,,,,,,,,,,,,,,,,,-0.0037,,,,0.0126,-0.0239,-0.0191,-0.0104,,,,,,,,,,,,,,,,,-0.0638,,-0.1851,,0.1108,,,,-0.0057,-0.0993,0.0228,,,0.0146,,-0.0313,,,,,,,,,,,,,,-0.0,,-0.0638,,,,-0.0368,0.008,0.1085,0.1001,-0.0009,-0.0002,0.0498,,-0.0,,,,,,,,,,,,,,,,,,,-0.0,,,,,,,,,,,,,,,,,-0.0037,0.0992,0.1283,-0.0107,-0.1433,-0.0375,0.0114,,-0.0005,0.0107,,,,,,,,,,,,,,
pair_3088_binder,Binder,,,,,,,,,,,,,,,,,,,,,,,,,,,,,,,,,,,,,,,,,,,,,,,,,,,,,,,-0.0,,,,0.0273,-0.0,0.2973,0.0102,,,,,,,,,,,,,,,,,-0.0174,,-0.0236,,0.2273,0.0,,-0.0,0.0733,0.1957,0.2424,,,0.1886,,-0.0104,,,,,,,,,,,,,,-0.0001,,0.0002,,,,-0.0006,-0.0135,-0.0542,0.1484,,,0.1102,,-0.0,,,,,,,,,,,,,,,,,,,-0.002,,,,,,,-0.0,,,-0.0,,,,-0.0,-0.0004,,-0.0,0.2564,0.4598,-0.0,-0.0042,0.1368,0.042,,-0.0003,0.2951,,,,,,,,,,,,,,
pair_3091_binder,Binder,,,,,,,,,,,,,,,,,,,,,,,,,,,,,,,,,,,,,,,,,,,,,,,,,,,,,,,,,,,0.007,0.0282,0.4262,0.0744,,,,,,,,,,,,,,,,,,,-0.0007,,0.3461,-0.0,,,0.0194,-0.1906,0.0866,,-0.0002,0.1695,,-0.0002,,,,,,,,,,,,,,,,-0.0003,,-0.0001,-0.0217,-0.1172,0.1077,-0.1085,-0.0187,,,0.0169,,,,,,,,,,,,,,,,,,,,,,,,,,,,,,,-0.0001,,,,,-0.0005,,-0.0,0.1134,0.2384,-0.0,-0.0452,-0.0222,0.0003,,-0.0002,0.1188,,,,,,,,,,,,,,
pair_3099_binder,Binder,,,,,,,,,,,,,,,,,,,,,,,,,,,,,,,,,,,,,,,,,,,,,,,,,,,,,,,,,,-0.0009,-0.0124,0.0784,0.0802,-0.0001,,,,,,,,,,,,,,,,,-0.0001,,-0.0104,,0.2244,,,,-0.0019,-0.1358,0.2746,,-0.0,0.1559,,-0.0004,,,,,,,,,,,,,,,,-0.0044,,,,-0.0006,-0.0485,-0.2628,-0.0707,,,0.1492,,-0.023,,,,,,,,,,,,,,,,,,,-0.0,,-0.0,,-0.0,-0.0,,-0.0048,-0.0,,-0.0462,-0.0,,,-0.0033,-0.0278,,-0.0001,-0.0779,0.0074,,-0.0001,0.1789,0.0023,,-0.0004,-0.0,,,,,,,,,,,,,,
pair_3100_binder,Binder,,,,,,,,,,,,,,,,,,,,,,,,,,,,,,,,,,,,,,,,,,,,,,,,,,,,,,,,,,,-0.0,0.001,0.4762,0.0326,,,,,,,,,,,,,,,,,,,-0.0017,-0.0002,0.0008,-0.0001,-0.0,-0.0001,0.0496,0.0545,0.4302,-0.0227,-0.0073,-0.0061,,,,,,,,,,,,,,,,,,-0.0,,,-0.0035,-0.0127,0.2403,-0.0204,0.1589,-0.0,,0.1338,,-0.0009,,,,,,,,,,,,,,,,,,,-0.0104,,-0.0007,,,,,,,,,,,,,-0.0,,-0.0,0.2531,0.1316,,-0.0091,0.0356,-0.0039,,-0.0022,-0.0008,,,,,,,,,,,,,,
pair_3101_binder,Binder,,,,,,,,,,,,,,,,,,,,,,,,,,,,,,,,,,,,,,,,,,,,,,,,,,,,,,,,,,,0.0007,0.0002,0.3847,0.0021,,,,,,,,,,,,,,,,,-0.0003,,-0.0008,,0.0922,-0.0,-0.0,-0.001,0.0211,-0.0951,0.0664,,,0.1418,,-0.0002,,,,,,,,,,,,,,,,0.0173,,,-0.0,-0.0005,-0.0488,-0.0919,0.1036,,,0.2689,,-0.0,,,,,,,,,,,,,,,,,,,-0.0001,,-0.0012,,-0.0,,-0.0056,-0.0013,,,-0.0,,,,,-0.0001,,,-0.0871,0.1838,-0.0,-0.0803,-0.0908,0.0247,,-0.0073,0.0407,,,,,,,,,,,,,,
pair_3103_binder,Binder,,,,,,,,,,,,,,,,,,,,,,,,,,,,,,,,,,,,,,,,,,,,,,,,,,,,,,,,,,-0.0087,0.0565,-0.0001,0.5909,0.0035,,,,,,,,,,,,,,,,,0.0013,,0.0135,,0.1687,-0.0,,-0.0,0.1132,0.0217,0.0877,,,0.4514,,0.0,,,,,,,,,,,,,,-0.0,,0.0134,,,,-0.0,-0.0169,-0.0352,-0.0308,-0.0,,0.3888,,-0.0582,-0.0,-0.0107,,,,,,,,,,,,,,,,,-0.1112,-0.0008,-0.0107,,,,,,,,,,,,,-0.0,,,-0.062,0.4439,,-0.0184,0.0442,-0.0113,,-0.0147,0.0664,,,,,,,,,,,,,,
pair_3104_binder,Binder,,,,,,,,,,,,,,,,,,,,,,,,,,,,,,,,,,,,,,,,,,,,,,,,,,,,,,,,,,-0.0001,0.1805,-0.0,0.5859,0.0313,,,,,,,,,,,,,,,,,0.0107,,0.1821,,0.5308,-0.0001,,,0.1521,0.1004,0.0148,,,0.2938,,0.0039,,,,,,,,,,,,,,,,0.0003,,,,-0.0001,-0.4051,-0.4028,-0.1864,,,0.1583,,-0.0037,,-0.0,,,,,,,,,,,,,,,,,-0.0073,,-0.0008,,,,,-0.0,,,,,,,,-0.0313,,,0.0077,0.4056,-0.0,-0.0022,0.1104,-0.0092,,-0.0,0.3575,,,,,,,,,,,,,,
pair_3108_binder,Binder,,,,,,,,,,,,,,,,,,,,,,,,,,,,,,,,,,,,,,,,,,,,,,,,,,,,,,,,,,,0.0002,,0.5707,0.0465,,,,,,,,,,,,,,,,,-0.0165,,-0.0225,,0.2189,,,,0.0271,-0.1521,0.0133,,-0.0,0.3463,,-0.0123,,,,,,,,,,,,,,,,0.0142,,,-0.0,-0.0256,0.0209,-0.3649,-0.0169,,,0.0929,,,,,,,,,,,,,,,,,,,,,-0.0,,-0.0056,,,,,-0.0006,,,-0.0006,,,,-0.0,-0.0005,,-0.0,0.1268,0.2847,,-0.0093,0.0024,-0.0058,,-0.0002,0.0564,,,,,,,,,,,,,,
seq1_nb,False Positive,,,,,,,,,,,,,,,,,,,,,,,,,,,,,,,,,,,,,,,,,,,,,,,,,,,,-0.0012,,,0.0424,0.0012,,-0.0002,0.0255,,0.0345,0.0047,,,,,,,,,,,,,,,,,-0.0003,,0.4286,-0.0,0.0128,-0.0001,,-0.0,0.0238,-0.1904,0.1881,0.0557,-0.0298,0.1538,,-0.0002,,,,,,,,,,,,,,-0.0,,0.1312,,0.0,-0.0127,-0.0342,0.2398,-0.0152,-0.0303,-0.0514,-0.0556,0.2921,,0.6726,,,,,,,,,,,,,,,,,,,-0.0003,,-0.0,,,,,,,,,,,,,,,,-0.0081,0.0002,,-0.0,0.0902,0.626,,,-0.0013,,,,,,,,,,,,,,
seq2_nb,False Positive,,,,,,,,,,,,,,,,,,,,,,,,,,,,,,,,,,,,,,,,,,,,,,,,,,,,0.0027,,,0.0002,,,0.0522,0.0286,-0.0051,0.3009,0.1177,,,,,,,,,,,,,,,,,-0.0,,0.0736,,0.3369,,,,-0.0578,-0.0598,-0.0412,,,0.2493,,0.0025,,,,,,,,,,,,,,0.108,,0.1102,,,,-0.0001,-0.0337,0.0047,0.0017,-0.0282,-0.0241,0.52,,0.4629,,,,,,,,,,,,,,,,,,,,,,,-0.0003,,,,,,,,,,,,,,-0.0095,0.0539,,,-0.0454,0.3596,,,0.0911,,,,,,,,,,,,,,
seq3_nb,False Positive,,,,,,,,,,,,,,,,,,,,,,,,,,,,,,,,,,,,,,,,,,,,,,,,-0.0,-0.0046,,-0.0004,0.0141,,,0.0771,,,0.0954,0.0687,,-0.0106,0.2976,,,,,,,,,,,,,,,,,,,0.528,0.0001,0.1943,-0.0,-0.0,-0.0003,-0.0471,-0.0199,0.0158,0.2741,-0.0325,0.2359,-0.0,0.3123,,-0.0,,,,,,,,,,-0.0001,-0.0,-0.0,,-0.0479,-0.0002,-0.0,-0.0019,-0.0062,-0.145,-0.0051,-0.017,,,-0.1423,,0.0315,,-0.017,,,,,,,,,,,,,,,,,-0.2882,,-0.0,,,,,,,,,,,,,,,,-0.014,-0.1621,,,-0.0708,-0.0127,,-0.0002,0.001,,,,-0.0,,,,,,,,,,
seq4_nb,False Positive,,,,,,,,,,,,,,,,,,,,,,,,,,,,,,,,,,,,,,,,,,,,,,,,,,,,,,,,,,,-0.0067,,-0.1168,-0.0616,,,,,,,,,,,,,,,,,,,-0.0012,-0.0,-0.1045,-0.0,,-0.0,-0.0969,-0.1426,-0.1481,-0.1188,-0.0214,-0.0943,,-0.0001,,,,,,,,,,,,,,,,-0.0098,,,-0.0,-0.214,0.3128,0.1436,0.347,-0.0,-0.0,0.455,,-0.0001,,,,,,,,,,,,,,,,,,,-0.0009,,-0.0015,,-0.0,,-0.0001,-0.006,-0.0002,-0.0001,-0.078,-0.0,,-0.0,-0.0032,-0.0548,-0.0001,-0.0003,-0.0308,0.0551,-0.0,-0.0054,-0.3136,-0.0247,,-0.0,-0.0002,,,,,,,,,,,,,,
seq5_nb,False Positive,,,,,,,,,,,,,,,,,,,,,,,,,,,,,,,,,,,,,,,,,,,,,,,,,,,,-0.0,,,,,,-0.0002,0.0763,-0.017,0.4848,0.1188,,,,,,,,,,,,,,,,,,,0.3839,0.0013,0.2625,-0.0,,,0.1622,-0.0067,0.5707,0.1579,0.7922,0.1071,,-0.0938,,,,,,,,,,,,,,-0.0922,-0.0002,0.0116,-0.0001,-0.007,-0.0076,0.3734,0.6164,-0.0004,0.1821,-0.0,,0.0407,,-0.0001,,,,,,,,,,,,,,,,,,,-0.0,,-0.0115,,,,,,,,,,,,,,,,0.1049,0.263,-0.0,-0.0001,0.0009,0.0217,,-0.0003,-0.027,,,,,,,,,,,,,,
seq6_nb,False Positive,,,,,,,,,,,,,,,,,,,,,,,,,,,,,,,,,,,,,,,,,,,,,,,,,,,,,,,,,,-0.0001,-0.2906,-0.3665,0.28,,,,,,,,,,,,,,,,,,,,,,-0.0001,,,,-0.0009,-0.0039,-0.0265,-0.0,-0.0037,-0.0006,-0.0,-0.0,,,,,,,,,,,,,,,,0.118,,-0.0013,-0.0018,-0.017,0.0206,-0.0848,0.4358,-0.0258,-0.0214,0.1035,,0.1115,,,,,,,,,,,,,,,,,,,0.1145,,,,-0.0,,,,,,,,,,,,,,-0.2374,0.1716,,,0.7769,0.4436,,,-0.1892,,,,,,,,,,,,,,
seq7_nb,False Positive,,,,,,,,,,,,,,,,,,,,,,,,,,,,,,,,,,,,,,,,,,,,,,,,,,,,,,,0.0,,,,0.0436,,0.3583,0.2822,,,,,,,,,,,,,,,,,-0.3713,,-0.0704,,0.0282,-0.0,-0.0,-0.0,0.0934,0.0889,-0.0529,-0.0001,-0.0669,,,-0.229,,,,,,,,,,,,,,,,-0.2209,,,,,0.1683,,-0.0185,,,-0.5255,,-0.4024,-0.0,-0.0005,,,,,,,,,,,,,,,,,-0.0499,,-0.1366,,,,,,,,,,,,,-0.0001,,-0.0001,0.1559,-0.1327,-0.0007,-0.0821,0.1435,-0.1088,,-0.0005,0.3663,,,,,,,,,,,,,,
pair_0052_nb,False Positive,,,,,,,,,,,,,,,,,,,,,,,,,,,,,,,,,,,,,,,,,,,,,,,,,,,,,,,,,,,-0.021,-0.2056,0.0071,0.2685,,,,,,,,,,,,,,,,,-0.0,-0.0,0.6659,0.1619,0.3151,,,,-0.0211,-0.0119,-0.0138,0.043,0.1104,0.4626,-0.0,0.0458,,,,,,,,,,,,,,-0.001,-0.0008,0.0911,,,-0.0006,-0.0489,0.1727,-0.005,-0.0102,-0.0001,-0.0,0.0365,-0.0001,-0.0003,,,,,,,,,,,,,,,,,,,,,,,-0.0,,,,,,,,,,,,,,-0.156,,,-0.0031,-0.1293,0.0001,,,,,,,,,,,,,,,,,
pair_0091_nb,False Positive,,,,,,,,,,,,,,,,,,,,,,,,,,,,,,,,,,,,,,,,,,,,,,,,,,,,-0.1423,,,-0.0235,,,-0.0,0.2978,,-0.1594,0.0107,,,-0.0379,,,,,,,,,,,,,,-0.0264,,0.4396,,0.6586,-0.0,,,0.4563,0.0307,0.4493,-0.001,-0.0059,0.207,,-0.0696,,,,,,,,,,,,,,,,0.432,,-0.0009,-0.0029,-0.0033,0.0013,,-0.0002,-0.0001,-0.0001,0.2346,,0.2316,,,,,,,,,,,,,,,,,,,-0.0,,,,-0.0,,,,,,,,,,,,,,-0.0,0.1889,,,-0.1539,0.1252,-0.007,-0.2928,,-0.0,,,,,,,,,,,,,
pair_0246_nb,False Positive,,,,,,,,,,,,,,,,,,,,,,,,,,,,,,,,,,,,,,,,,,,,,,,,,,,,-0.0005,,,-0.0,,,-0.0025,-0.119,-0.2553,-0.0288,0.0162,,,,,,,,,,,,,,,,,,,0.3417,0.0,0.1837,,,,0.004,-0.0055,0.2078,0.0132,0.068,0.131,,0.0113,,,,,,,,,,,,,,-0.0037,-0.0002,0.0356,,,,-0.0008,0.1713,-0.0013,0.2565,-0.1984,-0.2227,0.3673,,0.1983,,,,,,,,,,,,,,,,,,,,,,,0.0379,,,,,,,,,,,-0.0,-0.0,-0.0,-0.0052,0.0271,,,0.1146,0.0,,,-0.0253,,,,,,,,,,,,,,
pair_0269_nb,False Positive,,,,,,,,,,,,,,,,,,,,,,,,,,,,,,,,,,,,,,,,,,,,,,,,,,,,,,,-0.0001,,,,0.0747,,0.3727,0.0076,,,,,,,,,,,,,,,,,-0.0002,,0.4212,,0.2074,,,,,-0.0001,0.2129,,0.0459,0.0522,,0.1145,,,,,,,,,,,,,,,,0.0449,-0.0,-0.0001,,,0.1527,-0.0002,-0.0115,-0.6602,-0.666,0.108,,,,,,,,,,,,,,,,,,,,,,,,,0.0001,,,,,,,,,,,,,,-0.0004,0.0,,,0.7357,0.1614,,,-0.0001,,,,,,,,,,,,,,
pair_0272_nb,False Positive,,,,,,,,,,,,,,,,,,,,,,,,,,,,,,,,,,,,,,,,,,,,,,,,,,,,-0.0,,,-0.0001,,,,0.0009,,0.5719,0.0035,,,,,,,,,,,,,,,,,,,0.0312,,0.0581,,,,0.1039,0.1851,0.2774,,-0.0002,0.353,,0.0,,,,,,,,,,,,,,-0.0003,,-0.195,-0.0001,-0.0017,-0.0014,,0.1068,,0.2767,-0.4071,-0.3996,0.0143,,0.5611,,,,,,,,,,,,,,,,,,,,,,,0.0018,,,,,,,,,,,,,,0.0034,0.3164,,,0.5937,0.7688,,,0.0013,,,,,,,,,,,,,,
pair_0276_nb,False Positive,,,,,,,,,,,,,,,,,,,,,,,,,,,,,,,,,,,,,,,,,,,,,,,,,,,,,,,-0.0008,,,,0.0326,,0.1225,0.2672,,,,,,,,,,,,,,,,,,,0.0339,-0.0,0.2813,,,,0.0742,-0.0088,0.1551,0.0001,-0.0146,0.0609,-0.0015,0.0403,,,,,,,,,,,,,,-0.0022,,-0.0436,-0.0014,-0.0055,-0.0035,-0.0086,-0.1707,-0.2544,-0.0953,-0.0005,-0.0,0.0092,,0.6031,,,,,,,,,,,,,,,,,,,,,,,,,,,,,,,,,,,,,-0.0015,,,,0.0662,0.0056,,,,,,,,,,,,,,,,,
pair_0288_nb,False Positive,,,,,,,,,,,,,,,,,,,,,,,,,,,,,,,,,,,,,,,,,,,,,,,,,,,,,,,,,,,-0.0062,,0.0598,0.0165,,,,,,,,,,,,,,,,,,,0.0746,,0.7845,,,-0.0,0.2857,0.1958,0.8377,0.0911,0.449,0.385,-0.0002,0.4739,,,,,,,,,,,,,,,,0.5379,-0.0054,-0.0039,-0.0044,-0.0001,0.5683,-0.0004,0.1506,-0.001,-0.0005,0.8049,,0.0038,,,,,,,,,,,,,,,,,,,,,,,-0.0,,,,,,,,,,,-0.0,,,-0.0111,0.0993,,,-0.0,0.0879,,,-0.0131,,,,,,,,,,,,,,
pair_0351_nb,False Positive,,,,,,,,,,,,,,,,,,,,,,,,,,,,,,,,,,,,,,,,,,,,,,,,,,,,-0.0,,,-0.0001,,,,-0.001,0.0014,0.3242,0.2247,,,,,,,,,,,,,,,,,,,0.0868,0.0,0.5013,-0.0002,-0.0001,-0.0,0.446,0.1915,0.5484,0.0017,0.3133,0.3386,-0.0175,0.0005,,,,,,,,,,,,,,,,0.6046,-0.0179,-0.001,-0.0008,-0.005,0.3396,-0.0977,0.0292,-0.0002,-0.0003,0.6877,,0.5868,,,,,,,,,,,,,,,,,,,,,,,,,,,,,,,,,,,,,0.0208,0.0127,,,0.0031,0.007,,,,,,,,,,,,,,,,,
pair_0502_nb,False Positive,,,,,,,,,,,,,,,,,,,,,,,,,,,,,,,,,,,,,,,,,,,,,,,,,,,,,,,,,,-0.0,-0.0093,-0.0555,0.1493,-0.0001,,,,,,,,,,,,,,,,,,,-0.0,,0.4665,,,,0.1413,-0.1039,0.3017,,0.0,-0.0001,,,,,,,,,,,,,,,,0.0012,,0.0021,,,,,-0.0897,-0.2167,0.0516,,,0.7408,,0.0965,,,,,,,,,,,,,,,,,,,-0.0,,,,,,,-0.0,,,,,,,,-0.0,,-0.0,0.0436,0.2774,-0.0,-0.0486,-0.0046,0.2282,,-0.0033,0.0042,,,,,,,,,,,,,,
pair_0506_nb,False Positive,,,,,,,,,,,,,,,,,,,,,,,,,,,,,,,,,,-0.0,,,,,,,,,,,,,,,,,-0.0001,,,,-0.0035,,,-0.0001,0.0664,-0.0,0.4109,0.1703,,,,,,,,,,,,,,,,,-0.2412,,0.0014,,0.2509,,,,0.1074,0.0396,0.1408,,-0.0127,0.109,,-0.4872,,,,,,,,,,,,,,-0.0,-0.0,-0.3421,,-0.008,-0.1353,-0.1127,-0.356,-0.0225,-0.1973,-0.0,,-0.2052,-0.0009,-0.4505,,-0.0,,,,,,,,,,,,,,,,,-0.1248,,-0.0001,,-0.0477,,,,,,,,,,,,,,0.0128,0.0787,,,0.5396,0.3928,,-0.0,0.0095,-0.0023,,,-0.0002,,,,,,,,,,
pair_0647_nb,False Positive,,,,,,,,,,,,,,,,,,,,,,,,,,,,,,,,,,,,,,,,,,,,,,,,,,,,,,,-0.0,,,,0.0264,,-0.0083,0.071,,,,,,,,,,,,,,,,,0.0053,,0.0053,,0.4041,,,,0.0084,-0.0206,0.1106,,,0.3071,,0.0021,,,,,,,,,,,,,,,,-0.0425,,,,-0.0502,0.1681,0.0357,0.0166,-0.0156,-0.01,0.05,,-0.0,,,,,,,,,,,,,,,,,,,-0.0035,,-0.0236,,-0.0002,,,-0.0,,,-0.0,,,,,-0.0001,,,-0.3063,-0.0016,,-0.0007,-0.4273,-0.2832,,-0.0,0.0879,,,,,,,,,,,,,,
pair_0777_nb,False Positive,,,,,,,,,,,,,,,,,,,,,,,,,,,,,,,,,,,,,,,,,,,,,,,,,,,,-0.009,,,,,,,,,,0.0023,,,,,,,,,,,,,,,,,-0.1359,,0.4809,,0.5922,-0.0005,-0.0004,-0.0003,0.7732,0.7298,0.8783,-0.0002,0.1195,0.2136,-0.0132,-0.0668,,,,,,,,,,,,,,-0.059,-0.0005,0.6285,-0.0,-0.0174,-0.0056,-0.0002,0.3995,,0.0113,-0.0,-0.0,0.8241,,0.1425,,,,,,,,,,,,,,,,,,,0.0,,,,-0.0,,,,,,,,,,,,,,0.0,0.0429,,,0.3547,0.0049,,,,,,,,,,,,,,,,,
pair_0827_nb,False Positive,,,,,,,,,,,,,,,,,,,,,,,,,,,,,,,,,,,,,,,,,,,,,,,,,,,,,,,,,,,0.1586,,0.2205,0.0429,,,,,,,,,,,,,,,,,0.5787,,0.2572,,0.009,,,,0.01,0.0076,0.6185,-0.0,0.0151,0.0001,,0.0599,,,,,,,,,,,,,,,,0.1397,,,-0.001,-0.0017,-0.0246,-0.0,0.4308,-0.1687,-0.1716,0.5512,,,,,,,,,,,,,,,,,,,,,,,,,0.3536,,,,,,,,,,,,,,-0.0,0.0727,,,0.0223,0.0737,,,0.0,,,,,,,,,,,,,,
pair_1824_nb,False Positive,,,,,,,,,,,,,,,,,,,,,,,,,,,,,,,,,,,,,,,,,,,,,,,,,,,,-0.0001,,,0.0192,,,-0.0004,0.0922,0.2775,0.0,0.2928,,,,,,,,,,,,,,,,,0.0011,,0.8342,0.068,0.4726,-0.0,,,0.0025,-0.0001,0.4465,0.5261,0.5531,0.6957,0.0208,0.0221,,,,,,,,,,,,,,-0.0001,,0.3281,-0.0,-0.0016,-0.0049,-0.0035,0.4867,-0.0,0.0001,,,0.2822,,0.2399,,,,,,,,,,,,,,,,,,,,,,,,,,,,,,,,,,,,,-0.0001,-0.0,,,0.3882,0.0879,,,0.0922,,,,,,,,,,,,,,
pair_1939_nb,False Positive,,,,,,,,,,,,,,,,,,,,,,,,,,,,,,,,,,,,,,,,,,,,,,,,,-0.0,,,,,,-0.0039,,,-0.0158,0.0814,-0.0005,0.1989,0.0477,,,,,,,,,,,,,,,,,-0.0055,,0.0473,,0.1213,,,,0.0625,-0.0332,0.1808,,,0.0444,,0.0,,,,,,,,,,,,,,,,-0.0144,,,,,-0.2498,-0.0522,0.0321,-0.0252,-0.022,0.5493,,0.4399,,-0.0001,,,,,,,,,,,,,,,,,-0.0,,,,0.0012,,,,,,,,,,,,,,-0.0,0.0074,,,0.3626,0.0171,-0.0,-0.0004,0.0121,,,,,,,,,,,,,,
pair_0822_nb,False Positive,,,,,,,,,,,,,,,,,,,,,,,,,,,,,,,,,,,,,,,,,,,,,,,,,,,,,,,-0.0506,,,-0.0,0.3832,,0.0345,-0.0331,,,,,,,,,,,,,,,,,-0.3454,,-0.2695,,0.0722,,,,0.1288,-0.1289,0.2295,-0.0,-0.0002,0.1758,,-0.0247,,,,,,,,,,,,,,,,-0.117,,,,,-0.0398,-0.1821,-0.0102,-0.0633,-0.0616,-0.0058,,0.4595,,,,,,,,,,,,,,,,,,,,,,,-0.0,,-0.0,-0.0005,,,,,,,,-0.0002,,,-0.0124,0.0322,,,0.6288,0.5545,,,0.287,,,,,,,,,,,,,,
pair_0865_nb,False Positive,,,,,,,,,,,,,,,,,,,,,,,,,,,,,,,,,,,,,,,,,,,,,,,,,,,,,,,,,,,0.3401,0.5841,0.2301,0.384,,,,,,,,,,,,,,,,,-0.0,,0.0286,,0.3996,,,,0.1843,-0.2332,0.232,-0.0001,0.0482,0.0199,,-0.0,,,,,,,,,,,,,,-0.0029,,0.0657,,,-0.0002,-0.0013,0.3842,-0.0172,0.155,,,0.12,,0.5852,,,,,,,,,,,,,,,,,,,,,,,,,,,,,,,,,,,,,-0.2931,,,,0.1153,,,,,,,,,,,,,,,,,,
pair_0867_nb,False Positive,,,,,,,,,,,,,,,,,,,,,,,,,,,,,,,,,,,,,,,,,,,,,,,,,,,,,,,,,,-0.0361,-0.032,0.0545,0.0183,0.2693,,,,,,,,,,,,,,,,,-0.0014,,0.0349,0.0077,0.0266,,,,-0.0189,-0.056,-0.1062,0.0011,-0.052,0.0346,0.0001,0.003,,,,,,,,,,,,,,,,0.0713,-0.0018,-0.0004,-0.0013,-0.0056,0.1423,-0.2784,-0.0254,-0.0025,-0.0017,0.5018,,0.4501,,,,,,,,,,,,,,,,,,,,,,,0.0,,,-0.0,,,-0.0,,,,,-0.0003,,,-0.0287,0.0024,,,0.0614,0.0175,,,,,,,,,,,,,,,,,
pair_1860_nb,False Positive,,,,,,,,,,,,,,,,,,,,,,,,,,,,,,,,,,,,,,,,,,,,,,,,,,,,,,,-0.009,,,-0.0004,0.0566,0.4262,0.2956,0.2154,,,,,,,,,,,,,,,,,-0.1706,,-0.0034,,0.3452,,,,0.0324,-0.196,0.2645,-0.0,,0.0037,,-0.0247,,,,,,,,,,,,,,,,0.0016,,,,,-0.1908,-0.2593,0.0643,-0.0,-0.0,0.2175,,0.2384,,,,,,,,,,,,,,,,,,,0.0,,-0.0,,-0.0,,,-0.0017,,,,,,,,-0.0,,,-0.0828,0.1167,,,0.423,0.1643,,,0.0149,,,,,,,,,,,,,,
pair_1965_nb,False Positive,,,,,,,,,,,,,,,,,,,,,,,,,,,,,,,,,,,,,,,,,,,,,,,,,,,,,,,,,,,-0.0214,-0.0962,0.0839,0.0008,,,,,,,,,,,,,,,,,,,0.0062,,0.4672,-0.0,,-0.0,-0.0737,-0.1651,-0.0548,-0.0,-0.0,,,,,,,,,,,,,,,,,,,0.0895,,,,-0.0,0.3167,-0.0514,0.1046,-0.022,-0.0204,0.5996,,0.2477,,,,,,,,,,,,,,,,,,,-0.1384,,-0.0007,,-0.0,,,,,,,,,,,,,-0.0005,-0.1749,-0.0313,-0.0001,-0.0046,-0.2241,-0.3513,,-0.0,-0.2443,,,,,,,,,,,,,,
pair_0341_nb,False Positive,,,,,,,,,,,,,,,,,,,,,,,,,,,,,,,,,,,,,,,,,,,,,,,,,,,,,,,,,,,-0.0072,-0.0,0.6663,-0.0013,,,,,,,,,,,,,,,,,,,-0.0119,,-0.0198,,,,0.1377,-0.0602,0.2145,-0.0,-0.0352,-0.0306,-0.0001,-0.0083,,,,,,,,,,,,,,,,0.0087,-0.0003,-0.0002,-0.0001,-0.0001,0.2336,-0.3836,-0.0673,,,0.8116,,0.4445,,,,,,,,,,,,,,,,,,,,,,,,,,,,,,,,,,,,,0.1968,0.0922,,,0.8245,,,,-0.0002,,,,,,,,,,,,,,
pair_0450_nb,False Positive,,,,,,,,,,,,,,,,,,,,,,,,,,,,,,-0.0,,,,,,,,,,,,,,,,,,,,,,-0.0001,,,,,,0.0087,-0.0015,,0.1729,0.0459,,,,,,,,,,,,,,,,,0.0048,,0.1993,,0.2841,,,,-0.0025,-0.1084,0.2303,,,0.2464,,0.038,,,,,,,,,,,,,,0.2746,,0.0265,,,,,0.1372,-0.2342,-0.0707,-0.3306,-0.3184,0.2184,,-0.0049,,,,,,,,,,,,,,,,,,,-0.04,,,,0.086,-0.0,,-0.0002,,,,,,,-0.0,-0.0175,,,0.0325,0.1058,,,0.2658,0.0798,,,-0.0007,,,,,,,,,,,,,,
pair_0549_nb,False Positive,,,,,,,,,,,,,,,,,,,,,,,,,,,,,,,,,,,,,,,,,,,,,,,,,,,,,,,-0.0,,,,0.0025,,0.005,0.1993,,,,,,,,,,,,,,,,,,,0.168,,0.1133,-0.0,,-0.0,0.0973,-0.0114,0.2422,0.2125,0.3657,0.3484,-0.0,0.1176,,,,,,,,,,,,,,,,0.0432,,0.0016,-0.142,0.1574,0.0566,0.7069,0.4901,-0.0025,,0.0219,,0.3762,,,,,,,,,,,,,,,,,,,,,,,,,,,,,,,,,,,,,-0.0105,-0.0001,,,0.3017,-0.0,,,,,,,,,,,,,,,,,
pair_0567_nb,False Positive,,,,,,,,,,,,,,,,,,,,,,,,,,,,,,,,,,-0.0,,,,,,,,,,,,,,,,,,0.0014,,,-0.0003,,,-0.0031,0.0859,,0.1643,0.1867,,,,,,,,,,,,,,,,,-0.0022,,0.0786,,0.0652,,,,0.0276,0.0182,0.4165,,0.0001,0.1068,,-0.0011,,,,,,,,,,,,,,-0.0,,0.0632,,-0.0,,,0.0196,-0.0096,0.1251,-0.0847,-0.0756,0.4873,,0.262,,-0.0,,,,,,,,,,,,,,,,,-0.0473,,,,0.0122,,,,,,,,,,,,,,0.0,0.108,,,0.2636,0.4041,-0.0,-0.0,0.1016,-0.0253,,,-0.0013,,,,,,,,,,
pair_0584_nb,False Positive,,,,,,,,,,,,,,,,,,,,,,,,,,,,,,,,,,,,,,,,,,,,,,,,,,,,,,,,,,,-0.0017,-0.0023,-0.0049,-0.0004,,,,,,,,,,,,,,,,,,,,,0.1703,,,-0.0,0.0751,-0.0014,0.1082,,-0.0005,0.0047,,,,,,,,,,,,,,,,,,0.002,,-0.0,-0.0001,-0.0344,0.363,-0.1482,0.148,-0.0007,-0.0007,0.0233,,-0.0,,,,,,,,,,,,,,,,,,,,,-0.0,,-0.0,,-0.0,-0.0324,-0.0016,-0.0001,-0.0842,-0.0065,,,-0.048,0.0279,-0.0,-0.0003,0.1659,0.2286,,-0.0001,0.061,-0.0001,,,,,,,,,,,,,,,,,
pair_0602_nb,False Positive,,,,,,,,,,,,,,,,,,,,,,,,,,,,,,,,,,,,,,,,,,,,,,,,,,,,,,,-0.0,,,,0.0025,,0.0698,0.0806,,,,,,,,,,,,,,,,,0.0818,,0.3347,-0.0,-0.0003,-0.0,,-0.0,0.0442,0.0514,0.4853,0.0,0.0033,0.2771,,0.0047,,,,,,,,,,,,,,-0.0001,,-0.0465,-0.0006,-0.0015,-0.0001,-0.0005,0.0664,-0.0001,0.3162,-0.2733,-0.2976,0.3249,,-0.0,,,,,,,,,,,,,,,,,,,,,,,0.0722,,,,,,,,,,-0.0,-0.0001,,,-0.0,0.1494,,,0.242,0.0,,,,,,,,,,,,,,,,,
pair_0684_nb,False Positive,,,,,,,,,,,,,,,,,,,,,,,,,,,,,,,,,,,,,,,,,,,,,,,,,,,,-0.0,,,-0.0001,,,,-0.0,,0.1094,0.193,,,,,,,,,,,,,,,,,-0.0287,,0.3223,0.0,0.7073,-0.0001,-0.0,-0.0,0.0726,-0.0007,0.6701,0.5218,0.3694,0.2763,0.0,0.2014,,,,,,,,,,,,,,-0.0005,,0.2993,,-0.0004,-0.0264,-0.0539,0.0809,-0.0,0.0042,-0.0002,-0.0002,0.3956,,0.7805,,,,,,,,,,,,,,,,,,,,,,,,,,,,,,,,,,,,,-0.0002,-0.0001,,,0.8158,0.5305,,,0.0001,-0.0,,,,,,,,,,,,,
pair_0736_nb,False Positive,,,,,,,,,,,,,,,,,,,,,,,,,,,,,,,,,,,,,,,,,,,,,,,,,-0.0,,-0.0,-0.0,,,0.0072,,,0.0003,0.0335,,0.394,0.0965,,,,,,,,,,,,,,,,,0.0014,,0.4318,,0.0943,,,,0.0801,0.0317,0.4094,-0.0,-0.0,0.0257,,0.0607,,,,,,,,,,,,,,0.0005,,0.1305,,-0.0002,-0.0005,-0.0,0.091,-0.0001,0.0879,-0.0065,-0.007,0.7911,,0.3175,,-0.0,,,,,,,,,,,,,,,,,0.0489,,,,-0.0,,,,,,,,,,,,,,-0.0,0.0189,,,0.7415,0.228,,,0.0039,,,,,,,,,,,,,,
pair_0748_nb,False Positive,,,,,,,,,,,,,,,,,,,,,,,,,,,,,,,,,,,,,,,,,,,,,,,,,,,-0.0,,,,-0.001,,,-0.0184,0.3147,,0.2106,0.1643,,,,,,,,,,,,,,,,,0.0009,,0.1455,,0.0362,,,,0.0316,0.2435,-0.0154,,-0.0014,-0.0187,-0.0022,0.3813,,,,,,,,,,,,,,0.0921,,0.2136,-0.0027,-0.0067,-0.0012,-0.0,-0.0005,,-0.0148,,,0.7518,-0.0,0.0009,,-0.0001,,,,,,,,,,,,,,,,,0.0404,,,,,,,,,,,,,,,,,,0.0178,0.2985,,,0.1931,0.5713,,,0.5821,,,,,,,,,,,,,,
pair_0765_nb,False Positive,,,,,,,,,,,,,,,,,,,,,,,,,,,,,,,,,,,,,,,,,,,,,,,,-0.0,-0.0001,,-0.0,,,,-0.0003,,,0.0,0.1055,,0.2951,0.3245,,,,,,,,,,,,,,,,,0.0003,,0.433,,-0.0017,,,,-0.0003,-0.0017,-0.0,-0.0908,0.6717,0.7225,,0.2563,,,,,,,,,,,,,,,,0.0031,,,,,0.743,-0.0,-0.0001,,,0.6227,,0.935,,,,,,,,,,,,,,,,,,,0.0032,,,,,,,,,,,,,,,,,,-0.0018,0.0054,,,0.3335,0.8856,,,0.33,-0.0003,,,-0.0001,,,,,,,,,,
pair_0776_nb,False Positive,,,,,,,,,,,,,,,,,,,,,,,,,,,,,,,,,,,,,,,,,,,,,,,,,,,,,,,-0.0522,,,-0.0005,0.2898,-0.0,0.1953,-0.0332,,,,,,,,,,,,,,,,,-0.0179,,0.023,,0.0093,,,,0.0526,0.0404,0.4254,-0.0,-0.0002,-0.0,,-0.0008,,,,,,,,,,,,,,,,-0.1745,,-0.0083,-0.0,,-0.0751,-0.0002,0.3522,-0.2535,-0.2756,0.4017,,0.2386,,,,,,,,,,,,,,,,,,,,,,,0.3204,,,,,,,,,,,,,,0.0019,0.0703,,,0.5166,0.0147,,,0.0004,,,,,,,,,,,,,,
pair_0782_nb,False Positive,,,,,,,,,,,,,,,,,,,,,,,,,,,,,,,,,,,,,,,,,,,,,,,,,,,,,,,-0.0054,,,-0.0001,0.2831,-0.0,0.1746,-0.1564,,,,,,,,,,,,,,,,,-0.2738,,-0.4556,,0.1824,,,,0.0278,-0.0507,0.0836,,-0.0,-0.0074,-0.0,-0.0879,,,,,,,,,,,,,,,,-0.0321,,,,-0.0109,-0.0511,-0.043,-0.1378,,,-0.3319,,0.4814,,,,,,,,,,,,,,,,,,,-0.0,,,,-0.0693,-0.0581,-0.0005,-0.0418,,,,,,,,-0.0046,,,-0.0325,-0.1409,,,0.6472,0.5057,,-0.0,0.0396,,,,,,,,,,,,,,
pair_0811_nb,False Positive,,,,,,,,,,,,,,,,,,,,,,,,,,,,,,,,,,-0.0002,,,,,,,,,,,,,,,,,-0.0,-0.0209,,,-0.0106,,,-0.0005,0.0023,,0.0203,0.0847,,,-0.0005,,,,,,,,,,,,,,,,0.3802,,0.6704,-0.0,-0.0,-0.0,0.6694,0.5969,0.7762,0.0,0.1004,0.0472,-0.0006,0.0393,,,,,,,,,,,,,,-0.0,,0.1601,-0.0,0.0031,-0.0076,-0.0036,0.2299,-0.0027,0.0459,,,0.213,,0.7824,,-0.0,,,,,,,,,,,,,,,,,-0.0104,,,,,,,,,,,,,,,,,,0.008,0.175,,,0.2653,0.505,,,0.0028,-0.0,,,,,,,,,,,,,
pair_0868_nb,False Positive,,,,,,,,,,,,,,,,,,,,,,,,,,,,,,,,,,,,,,,,,,,,,,,,,,,,,,,,,,,0.3347,0.5465,0.3025,0.3579,,,,,,,,,,,,,,,,,,,0.1056,,0.3494,,,,0.3473,0.0556,0.3951,,0.0313,0.0104,,0.0236,,,,,,,,,,,,,,-0.0,,,,,,,0.9195,,,,,,,0.3378,,,,,,,,,,,,,,,,,,,,,,,,,,,,,,,,,,,,,0.9611,0.2239,,,0.2554,0.017,,,,,,,,,,,,,,,,,
pair_0876_nb,False Positive,,,,,,,,,,,,,,,,,,,,,,,,,,,,,,,,,,,,,,,,,,,,,,,,,,,,-0.0,,,-0.0012,,,-0.0,0.0065,,0.2394,0.0328,,,,,,,,,,,,,,,,,-0.0018,,0.0218,,0.0498,,,,0.0943,0.1774,0.1714,,-0.0,0.3283,,-0.0002,,,,,,,,,,,,,,,,-0.0283,-0.0,-0.0037,-0.0008,,0.3143,-0.0003,0.2728,-0.158,-0.1397,0.183,,0.2266,,,,,,,,,,,,,,,,,,,,,,,-0.0006,,,-0.0,,,,,,,,-0.0001,,,0.0003,0.1775,,,0.2986,0.0096,,,,,,,,,,,,,,,,,
pair_0878_nb,False Positive,,,,,,,,,,,,,,,,,,,,,,,,,,,,,,,,,,,,,,,,,,,,,,,,,-0.0001,,-0.0001,-0.0,,,0.0454,,,0.0315,0.1314,,0.0355,0.2432,,,,,,,,,,,,,,,,,-0.078,-0.0,-0.448,-0.0,-0.0014,,,,-0.0001,-0.016,-0.1091,-0.4203,-0.0506,-0.1269,-0.0294,-0.5724,,,,,,,,,,,,,,-0.0465,-0.0002,-0.1163,,-0.0014,-0.0001,,-0.2336,-0.0,0.0081,-0.0,,0.2539,,0.0842,,-0.0001,,,,,,,,,,,,,,,,,0.0384,,,,,,,,,,,,,,,,,,-0.0079,0.0191,,,0.3921,0.493,,,0.4881,-0.0077,,,-0.0005,,,,,,,,,,
pair_0883_nb,False Positive,,,,,,,,,,,,,,,,,,,,,,,,,,,,,,,,,,,,,,,,,,,,,,,,,,,-0.0,-0.1033,,,-0.0452,,,-0.0031,0.0919,-0.0033,-0.0007,0.0213,,,,,,,,,,,,,,,,,0.068,-0.0236,0.3736,,0.1194,-0.0002,-0.0,-0.0,0.1529,0.0086,0.4956,0.1128,0.1279,0.3628,-0.0225,0.0286,,,,,,,,,,,,,,-0.0003,,0.159,-0.0033,-0.0703,-0.1139,-0.0429,-0.0147,-0.0096,-0.045,-0.0077,-0.0033,0.4274,,0.6941,,,,,,,,,,,,,,,,,,,,,,,,,,,,,,,,,,,,,0.1849,-0.0017,,-0.0001,0.3345,0.1702,,,,,,,,,,,,,,,,,
pair_0891_nb,False Positive,,,,,,,,,,,,,,,,,,,,,,,,,,,,,,,,,,,,,,,,,,,,,,,,,,,,-0.0111,,,-0.0009,,,-0.0002,0.3143,-0.037,0.0452,0.2647,,,,,,,,,,,,,,,,,,,0.2645,-0.0003,0.0464,,,,0.1122,0.0159,0.106,0.0014,-0.0057,-0.0018,,0.131,,,,,,,,,,,,,,0.0221,,0.2493,,-0.0,,-0.0,-0.0482,-0.0037,-0.3312,-0.0001,-0.0,0.2482,,-0.0,,,,,,,,,,,,,,,,,,,-0.0032,,,,-0.0189,,,,,,,,,,,,,,-0.0421,0.1208,-0.0,-0.0,0.1306,0.3297,,-0.0,-0.0393,-0.0,,,-0.0004,,,,,,,,,,
pair_0908_nb,False Positive,,,,,,,,,,,,,,,,,,,,,,,,,,,,,,,,,,,,,,,,,,,,,,,,,,,,,,,-0.0062,,,-0.007,0.3527,-0.0,0.3639,-0.0155,,,,,,,,,,,,,,,,,-0.2197,-0.0,-0.3312,,0.0025,,,,0.0491,-0.0005,0.1085,0.2285,-0.0268,-0.5057,-0.027,-0.4972,,,,,,,,,,,,,,,,-0.3079,-0.0,-0.229,-0.22,-0.1849,,,0.2938,-0.0004,-0.0,0.5012,,-0.1737,,,,,,,,,,,,,,,,,,,,,,,,,,,,,,,,,,,,,0.0004,0.0666,,,0.7298,0.2106,,,0.2282,,,,,,,,,,,,,,
pair_0932_nb,False Positive,,,,,,,,,,,,,,,,,,,,,,,,,,,,,,,,,,,,,,,,,,,,,,,,,,,,,,,-0.0006,,,,0.1293,0.136,0.2278,-0.0937,,,,,,,,,,,,,,,,,-0.3536,,-0.2813,,0.6872,,,,0.0334,-0.1445,0.4579,,,0.0,,-0.0806,,,,,,,,,,,,,,,,0.0559,,-0.0,,,-0.0694,-0.1416,-0.1113,-0.1961,-0.1837,0.2345,,-0.2313,,,,,,,,,,,,,,,,,,,,,,,0.0154,-0.0004,-0.0005,-0.0046,,,-0.0003,,,-0.0,-0.0072,-0.1338,-0.0041,-0.0041,0.1082,0.2416,,-0.0,0.0579,0.0,,-0.0,-0.0007,,,,,,,,,,,,,,
pair_0940_nb,False Positive,,,,,,,,,,,,,,,,,,,,,,,,,,,,,,,,,,,,,,,,,,,,,,,,,,,,,,,-0.0319,,,,-0.0352,0.0,0.0001,-0.0913,,,-0.0,,,,,,,,,,,,,,-0.3225,,-0.3079,,0.2691,,,,-0.0007,-0.0184,0.3483,0.0,-0.0028,0.2416,-0.0,0.0254,,,,,,,,,,,,,,-0.0209,,0.115,,-0.0,-0.0023,-0.0037,0.0776,-0.1898,-0.0156,-0.0573,-0.0452,0.3629,,,,,,,,,,,,,,,,,,,,,,,,,0.0529,-0.0,-0.0006,-0.0049,,,-0.0115,-0.0,,,-0.0204,-0.1237,-0.0004,-0.0007,0.111,0.374,,,0.2889,,,,,,,,,,,,,,,,,,
pair_0974_nb,False Positive,,,,,,,,,,,,,,,,,,,,,,,,,,,,,,-0.0,,,,,,,,,,,,,,,,,,,,,,,,,,,,,0.0444,,0.8132,0.2446,,,,,,,,,,,,,,,,,,,0.2675,,0.0707,,,,0.1131,-0.0009,0.2751,0.03,0.058,0.0135,-0.0008,0.2114,,,,,,,,,,,,,,0.0,,0.0814,-0.0125,-0.0078,-0.0027,-0.0003,0.019,-0.0,0.1802,-0.3258,-0.27,0.353,,,,,,,,,,,,,,,,,,,,,,,-0.0016,,0.0647,,,,,,,,,,,-0.0018,,,-0.0001,0.0093,,,,0.0025,,,,,,,,,,,,,,,,,
pair_0977_nb,False Positive,,,,,,,,,,,,,,,,,,,,,,,,,,,,,,,,,,,,,,,,,,,,,,,,,,,,,,,-0.0,,,,0.0033,0.0,-0.002,0.1393,,,,,,,,,,,,,,,,,,,0.4401,,0.4862,,,,0.1212,-0.0076,0.3342,0.0003,0.1981,0.3185,-0.0028,0.0319,,,,,,,,,,,,,,,,-0.0454,-0.1124,-0.1572,-0.1273,-0.0306,0.0982,-0.002,0.0393,-0.282,-0.1056,0.2696,,0.0001,,,,,,,,,,,,,,,,,,,,,,,-0.0001,,,,,,-0.0,,,,,-0.0,,,-0.029,0.0408,,-0.0005,0.1673,0.0127,,,,,,,,,,,,,,,,,
pair_1011_nb,False Positive,,,,,,,,,,,,,,,,,,,,,,,,,,,,,,,,,,,,,,,,,,,,,,,,,,,,,,,,,,-0.0,0.0119,-0.0059,0.7546,-0.0013,,,,,,,,,,,,,,,,,-0.0002,,-0.0143,-0.0,0.0085,0.0,,,0.1678,0.0059,-0.0044,-0.0029,-0.009,-0.0338,,-0.0119,,,,,,,,,,,,,,,,-0.0003,,,,-0.0003,-0.4756,-0.27,-0.3488,,,-0.6806,,-0.0475,,,,,,,,,,,,,,,,,,,-0.0868,,,,-0.0,,,-0.044,-0.0007,,,,,,,,,,0.0611,0.0006,,,0.6175,0.0004,,-0.0001,-0.0053,,,,,,,,,,,,,,
pair_1023_nb,False Positive,,,,,,,,,,,,,,,,,,,,,,,,,,,,,,,,,,,,,,,,,,,,,,,,,,,,,,,-0.0,,,,0.0629,-0.0013,0.3153,0.203,,,,,,,,,,,,,,,,,0.0051,,0.0111,,0.4116,,,,0.0458,-0.0132,0.275,,-0.0,-0.3426,-0.0,-0.2243,,,,,,,,,,,,,,,,-0.4556,,,,,-0.5741,-0.0001,-0.2123,-0.0879,-0.0001,0.1738,,-0.0011,,,,,,,,,,,,,,,,,,,-0.0,,,,-0.0008,,,,,,,,,,,,,,0.0005,0.1317,,,0.8931,0.6062,,-0.0,0.0741,,,,,,,,,,,,,,
pair_1102_nb,False Positive,,,,,,,,,,,,,,,,,,,,,,,,,,,,,,,,,,,,,,,,,,,,,,,,,,,,,,,-0.0,,,,-0.0013,,0.2057,-0.0015,,,,,,,,,,,,,,,,,-0.0001,,0.2014,-0.0001,-0.0035,,,,0.0025,0.0257,0.1864,0.1601,-0.0349,0.1699,,0.0001,,,,,,,,,,,,,,,,-0.2649,-0.0005,-0.2045,-0.1334,-0.0491,0.1705,-0.0001,0.1981,-0.4122,-0.514,0.1829,,0.0177,,,,,,,,,,,,,,,,,,,,,,,0.0011,,,,,,,,,,,,,,-0.0224,0.2133,,,0.1778,0.004,,0.0004,-0.0001,,,,,,,,,,,,,,
pair_1313_nb,False Positive,,,,,,,,,,,,,,,,,,,,,,,,,,,,,,,,,,,,,,,,,,,,,,,,,,,-0.0,-0.0013,,,-0.0008,,,-0.0005,0.019,-0.0027,0.4568,-0.0044,,,,,,,,,,,,,,,,,-0.3331,,-0.2616,-0.0004,0.0009,,,,0.1045,-0.1497,0.4687,-0.0005,-0.0015,-0.0231,,-0.0756,,,,,,,,,,,,,,-0.0,,-0.0017,,,,,-0.4873,-0.5773,-0.2114,-0.0005,-0.0005,0.3236,,0.4683,,,,,,,,,,,,,,,,,,,,,,,,,,,,,,,,,,,,,0.2799,0.3741,,,0.575,0.1078,-0.0,-0.0033,-0.0043,,,,,,,,,,,,,,
pair_1397_nb,False Positive,,,,,,,,,,,,,,,,,,,,,,,,,,,,,,,,,,,,,,,,,,,,,,,,,,,,,,,,,,,0.0007,0.0882,0.2348,0.5308,,,,,,,,,,,,,,,,,,,0.0076,,0.0988,,,,0.0213,-0.0598,0.0316,,0.0002,0.2412,,-0.0,,,,,,,,,,,,,,,,0.0154,,,,,0.1346,-0.4594,-0.0485,-0.0,-0.0,0.2408,,0.4532,,,,,,,,,,,,,,,,,,,,,,,,,,,,,,,,,,,,,0.292,,,,0.056,0.1658,,-0.0,,,,,,,,,,,,,,,
pair_1654_nb,False Positive,,,,,,,,,,,,,,,,,,,,,,,,,,,,,,,,,,,,,,,,,,,,,,,,,,,,-0.0029,,,-0.0025,-0.0,,-0.0032,0.1848,-0.0003,0.3418,0.0156,,,,,,,,,,,,,,,,,-0.1079,,-0.0995,,0.4496,,,,0.0081,-0.2375,0.1762,,-0.0,0.0153,-0.0002,0.0768,,,,,,,,,,,,,,,,-0.0402,,,-0.0,-0.0,-0.1204,-0.2907,-0.0257,-0.0471,-0.0365,0.1167,,0.5254,,,,,,,,,,,,,,,,,,,0.0,,,,-0.0,,,-0.0,,,-0.0,,,,,-0.0083,,,-0.0636,0.2741,,,0.5488,0.7719,,,0.63,,,,,,,,,,,,,,
pair_1656_nb,False Positive,,,,,,,,,,,,,,,,,,,,,,,,,,,,,,,,,,,,,,,,,,,,,,,,,,,,,,,-0.0977,,,-0.134,0.0551,,0.1263,0.142,,,,,,,,,,,,,,,,,-0.1195,,0.0786,,0.4087,,,,0.0015,-0.049,0.1167,,,0.3557,,0.0185,,,,,,,,,,,,,,-0.0,,-0.4906,,,,,-0.1201,-0.0225,0.1697,-0.3996,-0.384,-0.0424,,0.2976,,,,,,,,,,,,,,,,,,,,,,,0.0,,,-0.0,,,,,,,,,,,-0.0393,0.2573,,,0.571,0.2832,,,,,,,,,,,,,,,,,
pair_1658_nb,False Positive,,,,,,,,,,,,,,,,,,,,,,,,,,,,,,,,,,,,,,,,,,,,,,,,,,,,-0.0,,,-0.0039,,,-0.0008,-0.0001,,0.3064,0.0461,,,,,,,,,,,,,,,,,-0.0172,,0.2277,,0.3344,-0.0009,-0.0001,-0.0004,0.1047,-0.0231,0.3759,0.0726,0.1403,0.2704,-0.0,0.3624,,,,,,,,,,,,,,,,-0.133,,-0.0,,-0.0016,0.1639,0.4293,0.0682,-0.0001,-0.0002,-0.071,,0.0529,,,,,,,,,,,,,,,,,,,,,,,0.0,,,-0.0004,,,,,,,,,,,-0.0106,0.0869,,,0.6351,0.0258,,,,,,,,,,,,,,,,,
pair_1671_nb,False Positive,,,,,,,,,,,,,,,,,,,,,,,,,,,,,,,,,,,,,,,,,,,,,,,,,,,,,,,-0.0004,,,-0.0003,-0.0102,-0.0529,0.0098,0.1036,,,,,,,,,,,,,,,,,-0.0012,,0.4924,0.081,0.4017,,,,0.1479,0.0773,0.592,0.176,0.4569,0.4817,0.0007,0.0177,,,,,,,,,,,,,,-0.0,,0.1919,-0.0003,-0.0003,-0.0067,-0.0003,0.098,-0.0037,0.1254,-0.0123,-0.0107,0.5821,,0.5037,,,,,,,,,,,,,,,,,,,,,,,0.0,,,,,,,,,,,,,,-0.002,0.0001,,,0.1063,0.1852,,-0.0,-0.0021,,,,,,,,,,,,,,
pair_1679_nb,False Positive,,,,,,,,,,,,,,,,,,,,,,,,,,,,,,,,,,,,,,,,,,,,,,,,,,,,-0.0023,,,-0.0066,,,-0.0111,0.0257,-0.0,0.1498,0.523,,,,,,,,,,,,,,,,,,,0.2667,0.0003,0.187,-0.0002,-0.0,-0.0,0.1257,-0.058,0.1407,0.0254,-0.0024,0.2576,-0.0016,0.2203,,,,,,,,,,,,,,-0.0,,0.0896,-0.0031,-0.03,-0.0506,-0.0051,-0.2944,-0.0,-0.0475,,,-0.245,,0.475,,,,,,,,,,,,,,,,,,,,,,,,,,,,,,,,,,,,,-0.2992,-0.0051,,-0.0003,0.3657,0.2617,,-0.0,-0.0,,,-0.0,,,,,,,,,,,
pair_1709_nb,False Positive,,,,,,,,,,,,,,,,,,,,,,,,,,,,,,,,,,,,,,,,,,,,,,,,,,,,,,,-0.0002,,,,0.0371,,0.2536,0.0904,,,-0.0,,,,,,,,,,,,,,0.0304,,0.302,,0.1151,,,,0.0135,-0.0135,0.3792,-0.0001,-0.0018,0.1545,,0.0319,,,,,,,,,,,,,,,,0.0755,-0.0018,-0.0644,-0.0031,-0.0014,0.1883,-0.0135,0.039,-0.0139,-0.0104,0.2036,,0.0,,,,,,,,,,,,,,,,,,,,,,,0.0031,,,,,,,,,,-0.0,-0.0019,-0.0,-0.0,0.0,0.4491,,,0.3762,0.4727,,,,,,,,,,,,,,,,,
pair_1710_nb,False Positive,,,,,,,,,,,,,,,,,,,,,,,,,,,,,,,,,,,,,,,,,,,,,,,,,,,,,,,-0.0035,,,-0.0175,0.0304,-0.2387,-0.013,0.1664,,,,,,,,,,,,,,,,,-0.03,,0.1992,,0.4714,,,,0.0218,-0.0956,0.2433,,0.0,0.1188,,0.002,,,,,,,,,,,,,,-0.0372,,0.0073,,,-0.0,,-0.1209,-0.146,0.0662,-0.0051,-0.0037,0.1807,,0.6907,,,,,,,,,,,,,,,,,,,-0.0,,,,-0.0,,,,,,,,,,,,,,0.3129,0.3643,,,0.2368,0.4937,-0.0,-0.0001,-0.0184,,,,,,,,,,,,,,
pair_1737_nb,False Positive,,,,,,,,,,,,,,,,,,,,,,,,,,,,,,,,,,,,,,,,,,,,,,,,,,,,,,,,,,,0.0,-0.0,0.417,-0.0,,,,,,,,,,,,,,,,,,,,,0.4887,-0.0,,,0.0857,-0.144,0.1602,,,-0.0,,,,,,,,,,,,,,,,,,0.0,,,,,-0.0765,-0.164,0.1376,,,0.6954,,0.0184,,,,,,,,,,,,,,,,,,,0.0006,,,,,,,,,,,,,,,-0.0001,,-0.0,0.0329,0.2676,-0.0,-0.1586,0.0724,0.1308,,-0.0104,0.0189,,,,,,,,,,,,,,
pair_1758_nb,False Positive,,,,,,,,,,,,,,,,,,,,,,,,,,,,,,,,,,,,,,,,,,,,,,,,,,,,,,,0.0316,,,-0.0001,0.0655,0.331,0.5309,0.4027,,,,,,,,,,,,,,,,,-0.1528,,0.192,0.04,0.2203,,,,0.0696,-0.0054,0.007,0.0658,-0.0021,-0.0905,,-0.1791,,,,,,,,,,,,,,,,-0.1515,,-0.0001,-0.0003,-0.0022,-0.2071,-0.339,-0.2808,,,-0.6708,,-0.1586,,,,,,,,,,,,,,,,,,,-0.0425,,-0.1139,,-0.0001,,,,,,,,,,,,,,-0.0323,-0.048,,,0.2759,0.1858,,-0.0037,-0.0566,,,-0.0,,,,,,,,,,,
pair_1784_nb,False Positive,,,,,,,,,,,,,,,,,,,,,,,,,,,,,,,,,,,,,,,,,,,,,,,,,,,,-0.0,,,-0.0,,,,-0.0,-0.0,0.296,-0.0008,,,,,,,,,,,,,,,,,-0.0056,,-0.0001,,0.7812,,,,0.015,0.0259,0.4805,-0.0,-0.0001,0.0014,,0.0005,,,,,,,,,,,-0.0,,,-0.0017,,0.0995,-0.0004,-0.0007,-0.0,-0.0001,0.0387,-0.0077,0.2001,-0.3704,-0.3708,0.2781,,0.0001,,,,,,,,,,,,,,,,,,,-0.0001,,,,0.0263,,,-0.0,,,,,,,,-0.0,,,0.1987,0.2888,,0.1174,0.5369,0.0624,-0.0007,-0.008,-0.0098,,,,,,,,,,,,,,
pair_1785_nb,False Positive,,,,,,,,,,,,,,,,,,,,,,,,,,,,,,,,,,,,,,,,,,,,,,,,,,,,,,,-0.0,,,-0.0081,0.0043,-0.0119,0.1049,0.0163,,,,,,,,,,,,,,,,,,,,,0.6013,,,,0.0843,0.1747,0.2237,,,0.0,,,,,,,,,,,,,,,,,,0.0251,,,,-0.0,0.0281,0.0083,0.081,-0.0003,-0.0001,0.3807,,0.0941,,-0.0,,,,,,,,,,,,,,,,,-0.1372,,-0.0003,,,,,,,,,,,,,-0.0,,,-0.0797,0.3189,-0.0,-0.0132,-0.0527,0.0343,,-0.0015,0.0584,,,,,,,,,,,,,,
pair_1792_nb,False Positive,,,,,,,,,,,,,,,,,,,,,,,,,,,,,,,,,,,,,,,,,,,,,,,,,,,,,,,-0.0,,,-0.0119,0.0473,-0.0,0.0885,-0.0026,,,,,,,,,,,,,,,,,-0.0015,,-0.0782,-0.0002,-0.005,,,,0.1226,-0.1191,-0.0618,0.0762,0.0198,-0.1719,-0.0046,-0.0852,,,,,,,,,,,,,,-0.0001,,-0.2605,-0.0003,-0.0098,-0.0083,-0.0027,0.0992,-0.0002,-0.0288,-0.1614,-0.1572,0.482,,0.4411,,,,,,,,,,,,,,,,,,,-0.0476,,,,-0.0,,,,,,,,,,,,,,-0.0363,0.0535,,,0.3967,0.2981,-0.0,-0.0004,-0.0556,-0.0,,,-0.0,,,,,,,,,,
pair_1835_nb,False Positive,,,,,,,,,,,,,,,,,,,,,,,,,,,,,,,,,,,,,,,,,,,,,,,,,,,,,,,,,,,,0.0,0.2813,0.2429,,,,,,,,,,,,,,,,,,,0.0063,,0.0531,,,,0.1242,0.1547,0.1574,,-0.0105,0.1482,,,,,,,,,,,,,,,,-0.0,,-0.4032,-0.0073,-0.452,-0.458,-0.1163,-0.189,,0.204,-0.2724,-0.3893,0.3217,,0.0325,,,,,,,,,,,,,,,,,,,,,,,0.0096,,,,,,,,,,,,,,-0.0093,0.0755,,,0.211,0.0204,,,,,,,,,,,,,,,,,
pair_1847_nb,False Positive,,,,,,,,,,,,,,,,,,,,,,,,,,,,,,,,,,,,,,,,,,,,,,,,,-0.0,,,,,,0.0067,,,0.0111,0.0949,0.129,0.0851,0.41,,,,,,,,,,,,,,,,,,,0.3983,0.2428,0.6027,-0.0,,,0.0804,-0.0002,0.1112,0.2382,0.1787,0.5486,,0.1133,,,,,,,,,,,,,,,,0.0836,,-0.0066,-0.067,-0.162,-0.0123,-0.0028,-0.0425,,,-0.2106,-0.0,0.1512,,,,,,,,,,,,,,,,,,,-0.0107,,,,-0.0,,,,,,,,,,,,,,-0.0086,-0.0111,,-0.0,0.4665,0.5485,,-0.0,-0.0119,,,,-0.0,,,,,,,,,,
pair_1914_nb,False Positive,,,,,,,,,,,,,,,,,,,,,,,,,,,,,,,,,,,,,,,,,,,,,,,,,,,,,,,-0.0024,,,-0.0005,0.0172,0.2987,0.0774,0.0954,,,-0.0018,,,,,,,,,,,,,,-0.0908,,0.3369,0.0,0.0175,,,,0.0149,-0.0217,0.3205,,,0.3231,,-0.1213,,,,,,,,,,,,,,-0.0017,,-0.3229,,,,,-0.2077,-0.027,-0.0418,-0.2307,-0.2074,0.0962,,0.0147,,,,,,,,,,,,,,,,,,,,,,,0.0001,,,,,,,,,,,,,,-0.001,0.0,,,0.7423,0.0071,,-0.0001,0.0035,,,,,,,,,,,,,,
pair_1922_nb,False Positive,,,,,,,,,,,,,,,,,,,,,,,,,,,,,,,,,,,,,,,,,,,,,,,,,,,,-0.0056,,,,,,-0.0,,,0.0056,0.0437,,,,,,,,,,,,,,,,,0.1295,,0.3275,,0.1573,,,,-0.1796,-0.0309,-0.0121,-0.0002,-0.0004,0.5558,,-0.0207,,,,,,,,,,,,,,0.3806,,0.2484,,,-0.0,-0.0002,-0.1191,,-0.0002,,,0.4974,,,,-0.0005,,,,,,,,,,,,,,,,,0.183,,,,,,,,,,,,,,,,,-0.0,0.4934,0.6821,-0.0,-0.0001,0.4792,-0.0014,,,-0.022,-0.0241,,,,,,,,,,,,,
pair_1938_nb,False Positive,,,,,,,,,,,,,,,,,,,,,,,,,,,,,,,,,,,,,,,,,,,,,,,,,,,-0.0,,,,-0.015,,,-0.0169,0.0773,,0.3483,0.0954,,,,,,,,,,,,,,,,,-0.1843,,-0.0591,-0.0001,0.0469,,,,0.014,-0.0037,-0.0,0.2741,-0.0001,-0.028,,-0.0796,,,,,,,,,,,,,,,,-0.1653,,,,,-0.0065,-0.0022,-0.0506,-0.1175,-0.1115,0.1598,,-0.0402,,,,,,,,,,,,,,,,,,,-0.0,,,,0.0004,,,,,,,,,,,,,,-0.0236,0.2171,,,0.7654,0.008,,,0.0008,,,,,,,,,,,,,,
pair_1961_nb,False Positive,,,,,,,,,,,,,,,,,,,,,,,,,,,,,,,,,,,,,,,,,,,,,,,,,,,,,,,,,,,,,0.0025,0.0187,,,,,,,,,,,,,,,,,-0.0093,,0.1841,,0.5373,-0.0,,,0.4347,0.4109,0.5704,-0.0004,0.2107,0.2721,-0.0005,0.0386,,,,,,,,,,,,,,-0.001,-0.0001,0.2645,-0.0005,-0.0014,-0.008,-0.0056,0.3279,-0.009,0.0488,-0.0058,-0.0065,0.2705,,0.178,,,,,,,,,,,,,,,,,,,,,,,0.0,,,,,,,,,,,-0.0003,,,-0.0041,0.0611,,,0.2423,0.4406,,,,,,,,,,,,,,,,,
pair_0008_low_pkt,Low Confidence,,,,,,,,,,,,,,,,,,,,,,,,,,,,,,,,,,-0.0001,,,,,,,,,,,,,,,,,,,,,,,,,,-0.0001,0.5546,0.2746,,,,,,,,,,,,,,,,,-0.007,,0.0832,-0.0,0.0125,-0.0001,,-0.0,0.0581,0.0,0.3705,0.0023,-0.0121,-0.1763,-0.0,-0.0607,,,,,,,,,,,,,,,,-0.4318,,-0.0002,-0.0054,-0.0092,0.0136,-0.0675,-0.104,-0.1225,-0.0756,-0.2093,,-0.0013,,,,,,,,,,,,,,,,,,,-0.1314,,-0.0599,,0.1544,,,-0.0,,,-0.0,,,,,-0.0031,,,0.1359,0.2053,,-0.0,0.3015,0.1522,,,-0.0,,,,,,,,,,,,,,
pair_0393_low_pkt,Low Confidence,,,,,,,,,,,,,,,,,,,,,,,,,,,,,,,,,,,,,,,,,,,,,,,,,,,,,,,,,,,,,0.0977,,,,,,,,,,,,,,,,,,,,,,0.0643,,,-0.0003,0.0108,-0.0763,0.15,,,,,,,,,,,,,,,,,,,,,-0.0009,,,,,-0.0206,-0.1013,0.063,-0.0766,-0.0,-0.3204,,,,,,,,,,,,,,,,,,,,,-0.0012,,,,-0.0,,-0.0001,,,,,,,-0.0051,-0.2518,-0.0946,,,0.1923,0.252,,-0.0001,0.652,0.1266,,,,,,,,,,,,,,,,,
pair_0482_low_pkt,Low Confidence,,,,,,,,,,,,,,,,,,,,,,,,,,,,,,,,,,,,,,,,,,,,,,,,,,,,,,,,,,,0.1039,,0.3023,-0.0118,,,,,,,,,,,,,,,,,,,-0.0161,,-0.0166,,,,0.096,-0.0252,0.1048,-0.0,-0.0065,0.0075,-0.0,-0.0095,,,,,,,,,,,,,,0.0519,-0.0,-0.0055,-0.0169,-0.0147,-0.0179,-0.0039,-0.0062,-0.0025,-0.1251,-0.0065,,-0.0516,,0.2808,,,,,,,,,,,,,,,,,,,,,,,-0.0003,,-0.0,-0.0,,,,,,,,-0.0009,,,-0.0048,0.1086,,,0.4303,0.2438,,,0.0001,,,,,,,,,,,,,,
pair_0482_nb,False Positive,,,,,,,,,,,,,,,,,,,,,,,,,,,,,,-0.0,,,,,,,,,,,,,,,,,,,,,,,,,,,,-0.0009,-0.1008,-0.04,0.3011,0.0,,,,,,,,,,,,,,,,,,,,,0.0815,-0.0007,,-0.0001,0.0537,0.0645,0.1473,,0.0032,0.0046,-0.0007,-0.0002,,,,,,,,,,,,,,,,-0.1502,,-0.0037,-0.1055,-0.0982,-0.0945,-0.069,-0.1604,-0.0008,-0.0002,-0.5278,,-0.0184,,,,,,,,,,,,,,,,,,,,,,,-0.0008,,-0.0006,-0.0024,-0.0,-0.0,-0.0078,,,,-0.0,-0.0041,-0.0,-0.0025,0.1363,-0.0949,-0.0018,-0.0323,0.1098,-0.0062,,-0.0005,-0.0005,,,-0.0,,,,,,,,,,,
pair_1331_low_pkt,Low Confidence,,,,,,,,,,,,,,,,,,,,,,,,,,,,,,,,,,,,,,,,,,,,,,,,,,,,,,,,,,,0.0625,0.8294,0.4482,0.0905,,,,,,,,,,,,,,,,,,,,,0.0628,,,,0.0542,-0.0141,0.0442,-0.0018,-0.002,0.0191,-0.0,0.001,,,,,,,,,,,,,,0.0,,0.5339,0.0115,0.0378,-0.0,,-0.0027,-0.0,0.1079,0.2131,0.0716,0.5146,,0.0002,,,,,,,,,,,,,,,,,,,,,,,-0.0914,-0.0046,-0.0,-0.0096,,,,,,,,-0.0007,,,-0.0186,0.0535,,,0.4126,0.0,,,,,,,,,,,,,,,,,
pair_1931_low_pkt,Low Confidence,,,,,,,,,,,,,,,,,,,,,,,,,,,,,,,,,,,,,,,,,,,,,,,,,,,,,,,,,,,,,-0.0,,,,,,,,,,,,,,,,,,,,,,-0.0,,,,-0.0011,0.0377,0.3915,-0.0199,-0.0214,0.0,,,,,,,,,,,,,,,,,,0.0179,,,-0.0,0.1924,,0.4419,0.6197,-0.0049,,,,0.6806,,,,,,,,,,,,,,,,,,,,,,,0.0657,-0.0203,-0.01,-0.0035,-0.0005,-0.0001,-0.2842,-0.0027,,,-0.1295,-0.1765,,-0.0001,0.3006,0.4544,,-0.0001,0.3231,0.4629,,,,,,,,,,,,,,,,,
pair_0065_low_pkt,Low Confidence,,,,,,,,,,,,,,,,,,,,,,,,,,,,,,,,,,,,,,,,,,,,,,,,,,,-0.0003,-0.0002,,,-0.0288,,,-0.0,-0.0109,-0.002,0.1776,0.2991,,,,,,,,,,,,,,,,,-0.2436,-0.0,-0.0541,0.0049,0.0351,-0.0,,,0.1033,-0.0182,0.1279,0.0092,-0.0029,-0.1556,,-0.2832,,,,,,,,,,,,,,-0.2791,,-0.3082,,,-0.0006,-0.008,-0.2636,-0.0171,-0.1299,-0.0035,-0.0027,-0.3186,-0.0,-0.0912,,,,,,,,,,,,,,,,,,,,,-0.0012,-0.0,-0.0006,,,,,,,,,,,-0.0,,,-0.0004,0.0152,,-0.0,0.2236,0.138,-0.0,-0.0,0.2447,0.0044,,,,,,,,,,,,,
pair_0947_low_pkt,Low Confidence,,,,,,,,,,,,,,,,,,,,,,,,,,,,,,,,,,-0.0,,,,,,,,,,,,,,,,,,,,,-0.0,,,-0.0,0.6438,-0.0021,-0.0044,0.0118,,,-0.0,,,,,,,,,,,,,,0.0941,,0.1454,,0.0994,-0.0,,-0.0,0.0872,0.0572,0.2388,0.0,-0.0681,-0.076,,0.052,,,,,,,,,,,,,,,,-0.1474,,-0.0009,-0.0932,-0.1056,-0.1942,-0.4075,-0.3095,-0.0,,-0.6048,,0.5008,,,,,,,,,,,,,,,,,,,0.0784,,-0.0,,,,,,,,,,,,,-0.0001,,,-0.0117,0.2303,,,0.3427,0.2465,,-0.0,0.0224,-0.0001,,,,,,,,,,,,,
pair_0948_low_pkt,Low Confidence,,,,,,,,,,,,,,,,,,,,,,,,,,,,,,,,,,,,,,,,,,,,,,,,,,,,,,,-0.0018,,,,0.0047,,0.5452,0.1024,,,,,,,,,,,,,,,,,0.0432,,0.0858,,0.0635,,,,0.0099,-0.0165,0.1421,0.0013,-0.0345,0.1005,,0.0788,,,,,,,,,,,,,,,,-0.0237,-0.002,-0.3183,-0.4365,-0.1301,-0.0662,-0.0475,0.0433,-0.0025,-0.0,0.0524,,0.081,,,,,,,,,,,,,,,,,,,,,,,0.0,,,,,,,,,,,-0.0,-0.0,-0.0,-0.0107,0.2818,,,0.6942,0.3621,,,0.001,,,,,,,,,,,,,,
pair_1413_low_pkt,Low Confidence,,,,,,,,,,,,,,,,,,,,,,,,,,,,,,,,,,-0.0,,,,,,,,,,,,,,,,,,,,,,,,,-0.0,,0.1528,0.0014,,,,,,,,,,,,,,,,,,,-0.0002,,0.1068,,,-0.0001,0.1088,0.1007,0.3058,,-0.0012,-0.0048,,-0.0002,,,,,,,,,,,,,,,,-0.0236,,-0.0,-0.0002,-0.0018,0.0067,-0.1419,-0.042,-0.0843,-0.0016,-0.3906,,,,,,,,,,,,,,,,,,,,,-0.0005,,,,-0.0228,-0.0004,-0.0033,-0.0365,-0.0006,,-0.0811,,,,-0.0022,-0.2637,-0.0003,-0.0001,-0.0623,-0.0177,-0.0,-0.0003,0.5577,-0.0285,,,,,,,,,,,,,,,,,
pair_0715_fail_gate,Fail Geometry,,,,,,,,,,,,,,,,,,,,,,,,,,,,,,,,,,,,,,,,,,,,,,,,,,,,-0.0002,,,-0.0003,,,-0.0002,0.1424,,0.1154,0.5025,,,,,,,,,,,,,,,,,-0.0442,,0.2351,-0.0432,-0.0392,-0.0001,,,0.0145,-0.1363,-0.0191,-0.0905,-0.0029,-0.0121,-0.0,0.102,,,,,,,,,,,,,,0.0126,,0.2665,,,,-0.0004,-0.2215,-0.4344,0.0654,0.0,,0.2765,,-0.0011,,,,,,,,,,,,,,,,,,,-0.0027,,,,0.0005,,,-0.0,,,,,,,,,,,-0.1029,-0.0006,,,0.0873,-0.0008,,,-0.0001,,,,,,,,,,,,,,
pair_1094_fail_gate,Fail Geometry,,,,,,,,,,,,,,,,,,,,,,,,,,,,,,,,,,,,,,,,,,,,,,,,,,,,,,,-0.0,,,,0.0004,,0.2161,-0.001,,,,,,,,,,,,,,,,,-0.0139,,-0.0111,-0.0,0.0182,,,-0.0,0.062,-0.2051,0.2106,-0.0103,-0.0107,-0.0081,,-0.0142,,,,,,,,,,,,,,,,0.0038,,,-0.0,-0.0444,0.3847,0.1311,0.2629,-0.0,,0.023,,-0.0036,,,,,,,,,,,,,,,,,,,,,-0.0,,,,,-0.0005,,,-0.0,,,,-0.0,-0.0002,,,0.1349,0.0058,,-0.0001,0.6408,0.0108,,,-0.0,,,,,,,,,,,,,,
pair_1682_fail_gate,Fail Geometry,,,,,,,,,,,,,,,,,,,,,,,,,,,,,,,,,,,,,,,,,,,,,,,,,,,,,,,,,,,0.0017,,0.1959,0.0079,,,,,,,,,,,,,,,,,-0.0037,,0.0021,-0.0,0.0053,,,-0.0001,0.0105,-0.0695,0.3821,0.0004,-0.0281,-0.0195,,-0.0152,,,,,,,,,,,,,,,,0.0233,,-0.0049,-0.1022,-0.1771,-0.2728,-0.1802,-0.0524,,,-0.2775,-0.0,-0.0086,,,,,,,,,,,,,,,,,,,,,,,,,,,,,,,,,,-0.0,,-0.0,-0.0738,0.0008,,,0.4483,0.3409,,,,,,,,,,,,,,,,,
pair_1739_fail_gate,Fail Geometry,,,,,,,,,,,,,,,,,,,,,,,,,,,,,,,,,,,,,,,,,,,,,,,,,-0.01,,-0.0,-0.0943,,,0.0927,,,-0.0021,0.5283,-0.0366,-0.0008,0.2309,,,,,,,,,,,,,,,,,,,0.3214,,0.0119,,,,,-0.0003,0.0047,-0.0014,-0.0004,-0.0013,,0.0096,,-0.0748,-0.0,,,,,,,,,-0.2536,-0.1426,-0.0393,,0.0003,,,,,,,-0.0,,,,,0.7353,-0.0165,-0.0746,,,,,,,,,,,,,,,,,-0.0006,,,,,,,,,,,,,,,,,,-0.001,0.0855,-0.0,,0.4184,0.8067,,-0.0002,0.2715,,,,,,,,,,,,,,
pair_1941_fail_gate,Fail Geometry,,,,,,,,,,,,,,,,,,,,,,,,,,,,,,,,,,,,,,,,,,,,,,,,,,,0.0002,0.0651,,,0.7454,,,0.8789,0.5102,,0.0888,0.0435,,,-0.0,,,,,,,,,,,,,,,,0.0002,-0.0,0.057,-0.0001,-0.138,,-0.062,,-0.1103,-0.001,-0.0119,0.1704,-0.0003,0.1786,,,,,,,,,,,,,,0.0,,0.1424,,-0.0,-0.0001,-0.0001,0.1544,,0.058,,,0.7748,,0.7798,,,,,,,,,,,,,,,,,,,,,,,,,,,,,,,,,,,,,,,,,-0.0001,0.2645,,,0.0,,,,,,,,,,,,,,
pair_0014_fail_gate,Fail Geometry,,,,,,,,,,,,,,,,,,,,,,,,,,,,,,,,,,,,,,,,,,,,,,,,,,,,,,,,,,,-0.0014,,0.221,,,,,,,,,,,,,,,,,,,,,,0.1898,,,,0.0218,0.0211,0.3191,-0.0225,-0.059,0.023,-0.0,,,,,,,,,,,,,,,,,-0.0037,-0.0,-0.0008,-0.012,-0.0549,-0.0264,-0.1935,-0.1171,,,-0.2536,,,,,,,,,,,,,,,,,,,,,,,,,,,,,,,,,,,-0.0001,-0.001,-0.0001,-0.0111,0.0988,0.074,-0.0001,0.0445,0.264,0.0326,,-0.0005,,,,,,,,,,,,,,,
pair_0263_fail_gate,Fail Geometry,,,,,,,,,,,,,,,,,,,,,,,,,,,,,,,,,,,,,,,,,,,,,,,,,,,,,,,,,,,,,0.0133,0.2742,,,,,,,,,,,,,,,,,-0.0,,-0.0107,,0.7998,,,,0.0871,-0.0126,0.1625,,-0.0,-0.0003,,-0.0199,,,,,,,,,,,,,,-0.1837,,0.0537,-0.0001,-0.0001,-0.0001,-0.0,0.1766,-0.1791,-0.0432,-0.0,-0.0,0.0776,,-0.0393,,,,,,,,,,,,,,,,,,,-0.0165,,,,-0.0004,-0.0,-0.0,-0.0225,,,-0.0241,,,-0.0,-0.3669,-0.1614,-0.0932,-0.1495,-0.0126,-0.0953,,-0.0005,0.0005,-0.0018,,,,,,,,,,,,,,,,,
pair_0540_fail_gate,Fail Geometry,,,,,,,,,,,,,,,,,,,,,,,,,,,,,,,,,,,,,,,,,,,,,,,,,,,-0.0,0.0267,,,0.1355,,,,-0.0,-0.0,0.0113,0.5282,,,-0.0,,,,,,,,,,,,,,-0.0002,,0.4782,0.0001,0.002,,,,0.0002,-0.0021,0.3307,0.0228,0.0396,0.3611,0.0003,0.1922,,,,,,,,,,,,-0.0,,-0.0,,0.4037,,-0.0282,-0.0547,-0.0,-0.3099,-0.0005,-0.4656,-0.0,,0.043,,0.0064,,,,,,,,,,,,,,,,,,,,,,,,,,,,,,,,,,,,,-0.0187,-0.2227,,,0.5102,0.1208,,,,,,,,,,,,,,,,,
pair_0997_fail_gate,Fail Geometry,,,,,,,,,,,,,,,,,,,,,,,,,,,,,,,,,,,,,,,,,,,,,,,,,,,,,,,,,,,0.0024,0.4565,0.3465,0.3005,,,,,,,,,,,,,,,,,,,0.1379,-0.0001,0.3122,,,,0.1254,-0.1904,0.2124,0.0024,0.0093,0.1281,,,,,,,,,,,,,,,,0.0291,,0.0881,,-0.0001,-0.004,-0.0241,0.0721,-0.1195,-0.0502,-0.0,,0.0629,,-0.0,,,,,,,,,,,,,,,,,,,,,,,,,,,,,,,,,,,,,-0.092,-0.0,,,-0.0099,,,-0.0003,-0.0037,,,,,,,,,,,,,,
pair_1745_fail_gate,Fail Geometry,,,,,,,,,,,,,,,,,,,,,,,,,,,,,,,,,,,,,,,,,,,,,,,,,,,,,,,-0.0007,,,-0.0014,0.0001,,0.3005,0.1731,,,,,,,,,,,,,,,,,0.2298,,0.1738,,0.384,,,,0.0001,-0.3282,0.1928,-0.0,-0.0,0.602,,0.0227,,,,,,,,,,,,,,0.1374,-0.0,0.4596,,,,,-0.0942,-0.2057,-0.0205,-0.0004,-0.0003,0.4658,,0.0156,,,,,,,,,,,,,,,,,,,,,,,0.0,,,,,,,,,,,,,,0.0502,0.5214,,,0.3012,0.4413,,,0.0,,,,,,,,,,,,,,
bind_019_binder,Binder,,,,,,,,,,,,,,,,,,,,,,,,,,,,,,,,,,,,,,,,,,,,,,,,,,,,,,,0.0,,,-0.0059,-0.0002,,0.4823,0.0214,,,,,,,,,,,,,,,,,0.495,,0.1791,,0.125,,,,0.0935,0.0091,0.0244,,,0.663,,0.0056,,,,,,,,,,,,,,-0.0,,0.0884,,,,,0.0019,-0.0005,0.0304,,,0.4508,,0.0025,-0.0,-0.0077,,,,,,,,,,,,,,,,,-0.0516,-0.0,-0.0003,,,,,,,,,,,,,,,-0.0,-0.1794,0.6687,,-0.0531,-0.0691,0.0231,,-0.0059,0.6102,,,,,,,,,,,,,,
bind_020_binder,Binder,,,,,,,,,,,,,,,,,,,,,,,,,,,,,,,,,,,,,,,,,,,,,,,,,,,,-0.0002,,,-0.0093,,,-0.0,0.4404,,0.5611,-0.0257,,,,,,,,,,,,,,,,,-0.0001,,-0.022,,0.1847,,,,0.1096,-0.0336,0.2154,,-0.0,0.5126,,-0.0409,,,,,,,,,,,,,,-0.0,,0.0546,,,,-0.0004,-0.004,-0.0068,0.245,,,0.3294,,-0.0189,,,,,,,,,,,,,,,,,,,-0.1056,,-0.0005,,,,,,,,,,,,,-0.0001,,-0.0039,0.3143,-0.1325,-0.0,-0.0155,0.1581,-0.2775,,-0.0382,-0.0379,,,,,,,,,,,,,,
bind_022_binder,Binder,,,,,,,,,,,,,,,,,,,,,,,,,,,,,,,,,,,,,,,,,,,,,,,,,,,,,,,,,,,0.2056,,0.1835,0.1515,,,,,,,,,,,,,,,,,0.0,,0.1837,,0.0209,,,,0.2857,-0.145,0.3459,-0.0008,-0.0133,0.2538,,0.3772,,,,,,,,,,,,,,-0.0,,0.1471,,-0.0,-0.0062,-0.023,0.1453,-0.1688,0.0429,-0.0006,-0.0005,-0.0072,,-0.0019,,,,,,,,,,,,,,,,,,,-0.0004,,-0.0001,,-0.0,,-0.0048,,,,-0.0002,-0.0,,,-0.0005,-0.2345,,,0.1868,0.3537,,,-0.0056,-0.0041,,,0.2757,,,,,,,,,,,,,,
bind_034_binder,Binder,,,,,,,,,,,,,,,,,,,,,,,,,,,,,,,,,,,,,,,,,,,,,,,,,,,,-0.0,,,-0.0,,,-0.0,0.1486,,0.4825,0.0199,,,,,,,,,,,,,,,,,-0.2509,,-0.02,,0.193,,,,0.0083,0.1629,0.1958,-0.0,-0.0002,0.1819,,-0.0807,,,,,,,,,,,,,,,-0.0,0.1534,-0.0,-0.0001,-0.0001,-0.0,0.01,-0.1702,-0.1157,,,0.208,,0.234,,,,,,,,,,,,,,,,,,,0.0001,,,,,,,,,,,,,,,,,,0.5843,0.0898,,,0.7435,0.0414,,,0.2617,-0.0,,,,,,,,,,,,,
bind_041_binder,Binder,,,,,,,,,,,,,,,,,,,,,,,,,,,,,,,,,,,,,,,,,,,,,,,,,,,,-0.0046,,,-0.0077,,,-0.0004,0.0448,-0.0139,0.3935,-0.0075,,,,,,,,,,,,,,,,,-0.03,-0.0001,-0.059,,0.1336,-0.0002,,-0.0002,0.0333,-0.018,0.0429,,-0.0,0.4463,,0.0228,,,,,,,,,,,,,-0.0,-0.0037,-0.0001,0.0374,,,,-0.0,-0.0157,-0.0488,0.0154,-0.0001,-0.0001,0.3121,-0.0003,-0.0244,,-0.0003,,,,,,,,,,,,,,,,,-0.0654,-0.0,-0.0002,,0.0,,,,,,,,,-0.0,-0.0016,-0.0034,-0.0005,-0.0009,0.0482,0.137,-0.0,-0.0414,0.1532,0.0061,,-0.0603,0.0151,,,,,,,,,,,,,,
bind_043_binder,Binder,,,,,,,,,,,,,,,,,,,,,,,,,,,,,,,,,,,,,,,,,,,,,,,,,,,,,,,-0.0002,,,-0.0003,-0.0581,-0.0827,0.2925,-0.0074,,,,,,,,,,,,,,,,,-0.0756,,-0.12,,0.3073,,,,0.1186,0.1553,-0.0279,,,-0.0309,,-0.0514,,,,,,,,,,,,,,-0.0,,-0.0002,,,,,-0.107,-0.037,0.2358,,,0.0614,,0.0086,,-0.0001,,,,,,,,,,,,,,,,,0.0039,,,,,,,-0.0011,,,-0.0002,,,,-0.0001,-0.0001,,-0.0005,0.1999,0.172,-0.0022,-0.0977,0.1229,0.0643,,-0.0023,0.0211,,,,,,,,,,,,,,
bind_069_binder,Binder,,,,,,,,,,,,,,,,,,,,,,,,,,,,,,,,,,,,,,,,,,,,,,,,,,,,,,,,,,-0.0005,0.1112,,0.5778,0.0727,,,,,,,,,,,,,,,,,0.0017,,0.0,,0.5949,-0.0,-0.0,-0.0,0.2671,0.5222,0.7572,-0.0,0.0,0.3188,,0.0922,,,,,,,,,,,,,,0.0073,0.0,0.5229,,,-0.0,,0.051,-0.0005,0.0184,-0.0,,0.5426,,0.6875,,,,,,,,,,,,,,,,,,,-0.0077,,-0.0009,,,,-0.0,,,,,,,,,,,,-0.0028,0.3242,-0.0,,0.4123,0.5555,,,-0.0002,,,,,,,,,,,,,,
bind_076_binder,Binder,,,,,,,,,,,,,,,,,,,,,,,,,,,,,,,,,,,,,,,,,,,,,,,,-0.0,-0.0004,,-0.0025,-0.0225,,,-0.022,,,0.0434,0.102,,0.1898,0.0181,,,,,,,,,,,,,,,,,-0.071,,-0.0422,,0.0814,,,,0.1192,0.0377,-0.0065,,-0.0001,0.22,,-0.0379,,,,,,,,,,,,0.0001,,0.0028,,-0.0769,-0.0001,-0.0049,-0.0001,,-0.0627,,0.0995,-0.0896,-0.1248,0.1385,-0.0,0.0657,0.0001,0.0304,,,,,,,,,,,,,,,,,0.1543,,-0.0531,,0.1,,,,,,,,,,,,,,0.0002,-0.0668,,,0.5112,0.1479,,,0.1091,,,,,,,,,,,,,,
bind_080_binder,Binder,,,,,,,,,,,,,,,,,,,,,,,,,,,,,,,,,,,,,,,,,,,,,,,,,,,-0.0001,-0.0,,,-0.0065,,,-0.0041,-0.2707,-0.0319,0.1095,0.2748,,,,,,,,,,,,,,,,,0.0129,,-0.3822,,0.313,-0.0,,-0.0,0.0722,0.3384,0.3714,,,-0.275,,-0.169,,,,,,,,,,,,-0.0015,-0.0027,0.0037,-0.0,-0.0082,,,,,-0.1976,-0.1291,-0.0121,,,0.2615,,0.3431,-0.0027,-0.1314,,,,,,,,,,,,,,,,,-0.623,-0.0,,,,,,,,,,,,,,-0.0,,,0.0,0.3054,,,0.374,0.2673,,,-0.0422,-0.0,,,,,,,,,,,,,
bind_083_binder,Binder,,,,,,,,,,,,,,,,,,,,,,,,,,,,,,,,,,,,,,,,,,,,,,,,,,,,,,,,,,,0.523,,0.2342,0.0204,,,,,,,,,,,,,,,,,0.0756,,0.3469,,0.0703,,,,0.0356,-0.0659,0.3224,,0.0,0.1866,,0.029,,,,,,,,,,,,,,-0.0,-0.0,-0.0396,,,,,-0.2445,-0.1629,0.102,-0.0827,-0.0827,0.0826,,0.3154,,,,,,,,,,,,,,,,,,,0.0037,,,,0.1678,,,,,,,,,,,,,,-0.0301,0.0539,,,0.2347,0.27,,,0.0241,,,,,,,,,,,,,,
bind_088_binder,Binder,,,,,,,,,,,,,,,,,,,,,,,,,,,,,,,,,,-0.0017,,,,,,,,,,,,,,,,,,,,,,,,,0.446,,0.0564,0.0396,,,,,,,,,,,,,,,,,-0.0035,,0.0689,,0.0165,,,,0.1136,0.2396,0.4384,0.0002,-0.0007,0.0065,-0.0007,-0.3656,,,,,,,,,,,,,,-0.161,-0.0013,-0.149,-0.0018,-0.0147,-0.0115,-0.0002,-0.0608,,-0.1597,-0.4332,-0.4339,0.1386,,-0.0199,,,,,,,,,,,,,,,,,,,-0.0,-0.0001,-0.0365,,0.0005,,,,,,,,,,,,,,-0.0011,0.2728,,,0.4761,0.3906,,,,,,,,,,,,,,,,,
bind_099_binder,Binder,,,,,,,,,,,,,,,,,,,,,,,,,,,,,,,,,,,,,,,,,,,,,,,,,,,-0.0,,,,-0.0017,,,-0.0023,0.1633,-0.0,0.2153,0.1657,,,,,,,,,,,,,,,,,-0.0101,,0.0521,,0.2082,,,,0.0189,-0.1777,0.289,,,0.017,,0.0016,,,,,,,,,,,,,,,,0.0195,,,,,-0.2649,-0.3951,-0.1468,-0.0023,-0.0022,0.1019,,0.3933,,-0.0,,,,,,,,,,,,,,,,,0.0372,,,,0.0023,,,,,,,,,,,,,,0.4414,0.1201,,,0.354,0.12,,,0.249,-0.0,,,,,,,,,,,,,
bind_100_binder,Binder,,,,,,,,,,,,,,,,,,,,,,,,,,,,,,,,,,,,,,,,,,,,,,,,,-0.0001,,,-0.0001,,,0.0002,,,-0.03,0.1776,-0.0,0.1713,0.0179,,,,,,,,,,,,,,,,,,,0.3005,,0.0209,,,,-0.0304,-0.0559,0.2081,,,0.2065,-0.0,0.0115,,,,,,,,,,,,,,,,-0.0324,-0.0127,-0.0096,-0.0003,-0.0,0.0688,-0.0439,0.077,-0.2608,-0.2794,-0.0226,,0.1915,-0.0059,-0.0482,,,,,,,,,,,,,,,,,-0.3688,-0.0067,-0.0131,,0.0085,,,,,,,,,,,,,,-0.0591,-0.1914,,-0.0018,-0.23,-0.25,,-0.0,-0.2457,,,,,,,,,,,,,,
bind_101_binder,Binder,,,,,,,,,,,,,,,,,,,,,,,,,,,,,,,,,,,,,,,,,,,,,,,,,-0.0,,,,,,-0.0,,,-0.0006,0.0169,,0.3174,0.0717,,,,,,,,,,,,,,,,,-0.0576,,0.1541,,-0.0,,,,0.001,0.022,0.2222,,-0.0026,0.003,-0.0,-0.0522,,,,,,,,,,,,,,-0.0,,0.061,-0.0072,-0.0163,-0.0135,-0.0033,0.0847,-0.0003,-0.1472,-0.3568,-0.2832,0.2841,,0.3268,,-0.0001,,,,,,,,,,,,,,,,,0.1184,-0.0002,-0.0003,,0.0007,,,,,,,,,,,,,,0.0014,0.1187,,,0.3154,0.127,,,-0.0015,-0.0002,,,-0.0,,,,,,,,,,
bind_102_binder,Binder,,,,,,,,,,,,,,,,,,,,,,,,,,,,,,,,,,,,,,,,,,,,,,,,,,,-0.0,-0.0003,,,-0.0165,,,-0.0018,0.2658,,0.2231,0.1101,,,,,,,,,,,,,,,,,,,0.2283,-0.0002,-0.0055,-0.0,-0.0001,-0.0002,-0.035,-0.0015,-0.0438,-0.0432,-0.0113,0.2845,,0.0004,,,,,,,,,,,,,,-0.0,,0.176,,,-0.0506,-0.4846,-0.0003,-0.2119,0.0399,,,0.0851,,0.6487,,-0.0001,,,,,,,,,,,,,,,,,-0.0,,,,,,,,,,,,,,,,,,-0.2019,-0.0,,-0.0282,0.2746,-0.0003,,0.2448,0.2716,-0.0003,,,,,,,,,,,,,
bind_110_binder,Binder,,,,,,,,,,,,,,,,,,,,,,,,,,,,,,,,,,,,,,,,,,,,,,,,,-0.0015,,,-0.0153,,,-0.008,,,-0.0017,0.0117,,0.1791,0.01,,,,,,,,,,,,,,,,,,,0.1281,,0.0241,,,,0.0022,-0.0113,0.1732,-0.0,-0.0001,0.134,,0.0021,,,,,,,,,,,,-0.0001,,,,-0.0644,,-0.0013,-0.0003,-0.0,0.3279,-0.0023,-0.1579,-0.3861,-0.3708,-0.0991,,0.2551,,-0.0022,,,,,,,,,,,,,,,,,0.0811,,,,-0.0001,,,,,,,,,,,,,,0.0085,0.016,,,0.4237,0.125,,,0.1574,,,,,,,,,,,,,,
pair_3061_binder,Binder,,,,,,,,,,,,,,,,,,,,,,,,,,,,,,,,,,,,,,,,,,,,,,,,,,,,,,,-0.0,,,-0.0,0.4167,,0.2738,0.0387,,,,,,,,,,,,,,,,,-0.0023,,-0.0023,,0.3939,,,,0.0266,0.0389,0.2167,-0.0,-0.1004,0.3981,,0.0037,,,,,,,,,,,,,,-0.0,,0.0402,,-0.0012,-0.101,-0.108,0.3885,-0.0005,0.0212,-0.0042,-0.0039,0.3732,-0.0,0.3354,-0.0001,-0.0001,,,,,,,,,,,,,,,,,0.0739,-0.0,-0.0,,0.0001,,,,,,,,,,,,,,0.2369,0.0616,,,0.6066,0.2403,,,0.0006,-0.0,,,,,,,,,,,,,
nonb_006_nb,False Positive,,,,,,,,,,,,,,,,,,,,,,,,,,,,,,,,,,,,,,,,,,,,,,,,,,,,,,,-0.0002,,,-0.0001,0.232,,0.4069,0.0043,,,,,,,,,,,,,,,,,-0.0313,,-0.063,-0.0,-0.0008,,,,0.0577,-0.1719,-0.0935,-0.0031,-0.009,-0.0205,,-0.0556,,,,,,,,,,,,,,,,-0.0628,,-0.0,-0.0,-0.0053,-0.3725,-0.4112,-0.0992,-0.0119,-0.0123,0.0288,,0.0451,,-0.0001,,,,,,,,,,,,,,,,,-0.0,-0.0002,-0.0001,,,,,-0.0001,-0.0,,-0.0003,,,,-0.0,-0.0008,,,0.0311,0.3194,,-0.0127,0.0814,0.3287,,-0.0,0.0531,,,,,,,,,,,,,,
nonb_008_nb,False Positive,,,,,,,,,,,,,,,,,,,,,,,,,,,,,,,,,,,,,,,,,,,,,,,,,,,,,,,0.0,,,,-0.0,,0.0521,0.1068,,,,,,,,,,,,,,,,,0.0708,,0.0175,,0.6053,,,,-0.0786,-0.2111,0.232,-0.0001,-0.0001,0.0313,,0.0033,,,,,,,,,,,,,,0.1068,,0.0233,,,-0.0,-0.0001,0.2978,-0.0379,-0.0097,-0.0498,-0.0372,0.7051,,0.6117,,,,,,,,,,,,,,,,,,,0.0099,,-0.0008,,,,,,,,,,,,,,,,0.0172,0.1478,,,0.3123,0.3917,,,0.003,,,,,,,,,,,,,,
nonb_009_nb,False Positive,,,,,,,,,,,,,,,,,,,,,,,,,,,,,,,,,,,,,,,,,,,,,,,,-0.0175,-0.1022,,-0.0194,-0.0078,,,0.2367,,,0.2071,0.1393,,0.0933,0.0366,,,-0.0003,,,,,,,,,,,,,,-0.0039,,0.2244,-0.0008,-0.0007,,,,-0.0007,-0.0302,0.2659,-0.0012,-0.0002,0.0214,,0.2348,,-0.0,,,,,,,,,,-0.0001,-0.0,0.1033,-0.0,0.5048,,-0.0002,-0.001,-0.0003,0.0025,-0.0001,-0.0006,,,0.0217,,0.0844,,-0.0039,,,,,,,,,,,,,,,,,,,,,,,,,,,,,,,,,,,0.0,0.3161,,-0.0,0.5741,0.8855,,-0.0001,0.4699,0.1346,,,-0.0001,,,,,,,,,,
nonb_010_nb,False Positive,,,,,,,,,,,,,,,,,,,,,,,,,,,,,,,,,,,,,,,,,,,,,,,,,,,,,,,,,,,0.0,,-0.0005,,,,,,,,,,,,,,,,,,,,,,0.1033,-0.0,,-0.0,0.0009,0.074,0.1445,-0.0,-0.0,0.2234,,-0.0004,,,,,,,,,,,,,,-0.0,,0.0879,-0.0001,-0.0002,-0.0,-0.0029,0.0754,-0.2909,-0.058,-0.0114,-0.0002,0.5945,,-0.0,,,,,,,,,,,,,,,,,,,-0.0,,-0.0,,-0.0006,-0.0101,-0.0073,-0.2042,-0.0,-0.0003,-0.213,-0.0029,,,-0.0486,-0.1232,,,0.0599,0.1722,-0.0,-0.0008,0.3012,0.0921,,,,,,,,,,,,,,,,,
nonb_011_nb,False Positive,,,,,,,,,,,,,,,,,,,,,,,,,,,,,,,,,,,,,,,,,,,,,,,,-0.0,-0.0005,,-0.0009,-0.0004,,,0.0112,,,0.0296,0.2508,,0.2839,0.1914,,,,,,,,,,,,,,,,,,,0.2298,-0.0001,0.0154,,,,0.0494,-0.1107,0.3616,0.0007,0.002,0.21,,0.1985,,,,,,,,,,,,,,0.0006,-0.0,0.3441,,,-0.0001,-0.0002,0.0489,-0.0015,-0.0024,,,0.0657,,0.6726,,-0.0,,,,,,,,,,,,,,,,,0.0721,,,,,,,,,,,,,,,,-0.0017,-0.0746,0.2578,0.4341,-0.0571,0.0,0.3435,-0.0001,,-0.0,0.1388,,,,,,,,,,,,,,
nonb_013_nb,False Positive,,,,,,,,,,,,,,,,,,,,,,,,,,,,,,,,,,,,,,,,,,,,,,,,,,,,-0.1433,,,,,,-0.0014,-0.2387,,0.0996,0.259,,,,,,,,,,,,,,,,,,,0.1672,,0.3903,-0.0009,-0.0,-0.0,0.0513,-0.0006,0.6982,0.6437,0.9093,0.2482,,-0.2428,,,,,,,,,,,,,,-0.0119,-0.0,0.0314,,,0.0204,0.3621,0.9175,,-0.0001,,,0.0016,,0.07,,,,,,,,,,,,,,,,,,,-0.001,-0.0005,-0.0001,,,,,,,,,,,,,-0.0001,,,0.4202,0.2763,-0.0,-0.0127,0.3917,0.2228,,-0.0011,-0.0176,,,,,,,,,,,,,,
nonb_014_nb,False Positive,,,,,,,,,,,,,,,,,,,,,,,,,,,,,,,,,,,,,,,,,,,,,,,,,,,,,,,-0.0135,,,-0.0077,0.4949,,0.3741,0.0231,,,,,,,,,,,,,,,,,-0.0139,,0.0566,-0.0001,-0.0048,-0.0,,,-0.0019,-0.03,0.153,-0.0031,-0.0046,0.3143,,0.3296,,,,,,,,,,,,,,0.0983,-0.0005,0.294,,,-0.0,-0.0002,-0.2963,-0.0422,0.0518,-0.1709,-0.0209,0.1181,-0.0156,-0.05,-0.0001,-0.0005,,,,,,,,,,,,,,,,,-0.0033,-0.0014,-0.2057,,0.0063,,,,,,,,,,,-0.0,,,-0.0024,0.2309,,,0.0564,0.0307,,,0.1672,-0.0,,,,,,,,,,,,,
nonb_017_nb,False Positive,,,,,,,,,,,,,,,,,,,,,,,,,,,,,,,,,,,,,,,,,,,,,,,,,,,-0.0,-0.0003,,,-0.0008,,,-0.0014,-0.0003,-0.0001,0.2635,-0.019,,,,,,,,,,,,,,,,,-0.1867,,-0.1238,,0.2262,,,,0.0179,0.1403,0.1401,,-0.0001,0.1773,,-0.059,,,,,,,,,,,,-0.0,-0.0,-0.0579,-0.0,-0.0307,,-0.0001,0.0,-0.0056,0.2507,-0.0786,-0.0882,-0.0717,-0.059,0.4945,-0.0007,-0.0301,-0.0008,-0.0083,,,,,,,,,,,,,,,,,-0.0189,,,,-0.0,,,,,,,,,,,-0.0,,,-0.0227,0.2857,,-0.0,0.5034,0.2186,,,0.0161,-0.0006,,,-0.0,,,,,,,,,,
nonb_018_nb,False Positive,,,,,,,,,,,,,,,,,,,,,,,,,,,,,,,,,,,,,,,,,,,,,,,,,-0.0065,,,-0.0786,,,0.0738,,,-0.3134,0.0152,-0.0009,0.3359,0.0352,,,-0.0056,,,,,,,,,,,,,,-0.0015,,0.0805,,0.0734,-0.0001,,-0.0,-0.0603,-0.0175,-0.0142,,,0.3251,,-0.0354,,,,,,,,,,,,-0.0004,-0.0001,0.0362,,0.2668,,,,-0.0001,0.0621,-0.0037,0.0082,,,0.6408,-0.0001,-0.0554,-0.0009,-0.3204,,,,,,,,,,,,,,,,,0.021,-0.0001,-0.0001,,,,,,,,,,,,,,,,-0.2926,0.2315,,-0.0091,-0.1421,0.0588,,-0.0165,0.2049,,,,,,,,,,,,,,
nonb_019_nb,False Positive,,,,,,,,,,,,,,,,,,,,,,,,,,,,,,,,,,,,,,,,,,,,,,,,-0.001,-0.12,-0.0003,-0.0379,0.0356,,-0.0,,,,-0.1661,0.0557,-0.0,0.4759,0.1088,,,,,,,,,,,,,,,,,,,0.3092,,0.5387,,,,-0.0762,-0.1758,0.0091,,,0.0033,,0.0398,,,,,,,,,,,,-0.0037,,0.0269,,0.1243,,,,,-0.0014,,-0.0017,-0.0,-0.0,0.1213,,0.0798,,-0.01,,,,,,,,,,,,,,,,,-0.4342,,-0.0002,,-0.0,,,,,,,,,,,,,,-0.6775,-0.1388,,-0.0005,-0.3986,-0.5733,,0.0,-0.0235,,,,,,,,,,,,,,
nonb_021_nb,False Positive,,,,,,,,,,,,,,,,,,,,,,,,,,,,,,,,,,,,,,,,,,,,,,,,,,,,0.0002,,,0.0005,,,-0.0004,0.0316,-0.0037,0.3558,0.083,,,,,,,,,,,,,,,,,,,0.2176,-0.0002,-0.0008,-0.0,,-0.0,0.0156,-0.0373,0.1452,-0.0005,-0.0019,0.0215,,0.0126,,,,,,,,,,,,,,0.0002,,0.2016,,-0.0001,-0.0007,-0.0005,0.2087,-0.0122,0.1022,,,0.1808,,-0.0542,-0.0,-0.0003,,,,,,,,,,,,,,,,,-0.0697,-0.0003,-0.0276,,,,,,,,,,,,,,,-0.0003,0.0496,0.2278,,-0.0418,-0.0566,-0.0527,,-0.0241,0.142,,,-0.0,,,,,,,,,,,
nonb_022_nb,False Positive,,,,,,,,,,,,,,,,,,,,,,,,,,,,,,,,,,,,,,,,,,,,,,,,,-0.0,,,,,,-0.0127,,,-0.0698,0.087,-0.0001,0.4546,-0.1695,,,,,,,,,,,,,,,,,-0.1243,,-0.3064,,0.2661,-0.0837,,,0.2783,0.1702,0.1471,,,0.1391,,-0.0109,,,,,,,,,,,,,-0.0,0.0002,,0.0235,,,,-0.0001,-0.0002,-0.0024,0.0793,,,0.4787,,0.1238,-0.0001,-0.0467,,,,,,,,,,,,,,,,,-0.4116,,0.0013,,,,-0.0002,-0.0009,,,,-0.0,,,-0.0,-0.0028,,,0.0019,0.346,,,0.5272,0.2982,,-0.0002,-0.1852,-0.0135,,-0.0,-0.0002,,,,,,,,,,
nonb_023_nb,False Positive,,,,,,,,,,,,,,,,,,,,,,,,,,,,,,,,,,,,,,,,,,,,,,,,,-0.0,,-0.0103,-0.0253,-0.0,,0.142,-0.0,,0.0011,0.0015,,0.0761,0.144,,,,,,,,,,,,,,,,,,,0.3466,-0.0,0.5188,-0.0,-0.0,-0.0,0.5036,0.1391,0.7911,0.0645,0.0126,0.2931,,0.0001,,,,,,,,,,,,,,-0.0005,,0.3751,,,-0.0,-0.0005,-0.0021,,0.0091,,,0.3772,,0.7021,,-0.0001,,,,,,,,,,,,,,,,,-0.0028,,,,,,,,,,,,,,,,,,-0.0005,0.0481,,,0.7562,0.8371,,,0.0,-0.0,,,,,,,,,,,,,
nonb_024_nb,False Positive,,,,,,,,,,,,,,,,,,,,,,,,,,,,,,,,,,,,,,,,,,,,,,,,,,,,,,,-0.002,,,-0.0,0.3739,-0.0001,0.0948,0.0974,,,,,,,,,,,,,,,,,-0.2608,,0.0324,-0.0,0.3306,,,,0.0999,-0.1844,0.2184,-0.0,0.0233,0.0004,-0.0,-0.065,,,,,,,,,,,,,,-0.0005,,0.2665,-0.0,-0.0,-0.0056,-0.0023,0.181,-0.377,0.305,-0.0003,,0.0215,,0.2308,,,,,,,,,,,,,,,,,,,-0.0005,,,,0.0,,,,,,,,,,,,,,-0.3685,-0.0001,,,0.7023,0.0244,,,0.4279,-0.0005,,,,,,,,,,,,,
nonb_025_nb,False Positive,,,,,,,,,,,,,,,,,,,,,,,,,,,,,,,,,,,,,,,,,,,,,,,,,,,,,,,-0.0008,,,-0.009,0.3763,-0.0634,0.2154,0.2054,,,,,,,,,,,,,,,,,,,0.1276,,0.1263,,,,0.0384,-0.0016,0.4186,,0.0001,0.4272,,0.0156,,,,,,,,,,,,,,,,-0.5874,,,,,-0.0746,-0.0005,0.148,-0.6863,-0.6939,-0.1141,,0.0003,,,,,,,,,,,,,,,,,,,-0.0023,,0.0,,0.0056,,,,,,,,,,,-0.0,,,-0.003,0.6761,,-0.0,0.0622,0.007,,-0.0,-0.0011,,,,,,,,,,,,,,
nonb_026_nb,False Positive,,,,,,,,,,,,,,,,,,,,,,,,,,,,,,,,,,,,,,,,,,,,,,,,,,,,,,,-0.0015,,,-0.0005,0.2459,-0.008,0.4962,-0.0041,,,,,,,,,,,,,,,,,-0.1989,,-0.1061,-0.0,0.0058,-0.0001,-0.0,-0.0,0.0137,-0.0098,0.099,0.0003,-0.0559,-0.0148,,-0.2933,,,,,,,,,,,,,,-0.0,,0.185,,-0.0,-0.0152,-0.0225,-0.2722,-0.0837,0.0347,-0.1335,-0.0258,0.2973,,0.0045,,,,,,,,,,,,,,,,,,,0.0003,,-0.0,,0.2119,,,,,,,,,,,-0.0001,,,0.0173,0.2543,,-0.0001,0.3311,0.6689,,,0.5031,,,,,,,,,,,,,,
nonb_029_nb,False Positive,,,,,,,,,,,,,,,,,,,,,,,,,,,,,,,,,,,,,,,,,,,,,,,,,,,,,,,-0.0001,,,,0.2819,-0.0,0.4228,0.0753,,,,,,,,,,,,,,,,,,,0.1542,,0.0652,-0.0,,,0.09,-0.0873,0.2199,-0.0,-0.0053,0.2495,,-0.0018,,,,,,,,,,,,,,-0.0005,-0.0,0.1313,,-0.003,-0.0294,-0.007,-0.4214,-0.3009,-0.3167,-0.1701,-0.0,0.001,-0.0,0.0312,,,,,,,,,,,,,,,,,,,-0.0,,0.0,,-0.0003,-0.0,,-0.0001,,,-0.0,,,,-0.0012,-0.0056,-0.0004,-0.0006,-0.0111,0.0301,,,0.0194,0.0152,,-0.0,0.3124,,,,,,,,,,,,,,
nonb_032_nb,False Positive,,,,,,,,,,,,,,,,,,,,,,,,,,,,,,,,,,,,,,,,,,,,,,,,,,,,,,,,,,-0.0001,0.4686,-0.1301,0.2168,0.1031,,,,,,,,,,,,,,,,,,,0.0093,-0.0,0.0032,,,,0.0343,-0.129,0.2874,-0.0031,-0.0012,0.1389,,0.0004,,,,,,,,,,,,,,,,-0.0319,-0.0013,-0.0051,-0.0003,-0.0001,0.1267,-0.2018,0.059,-0.0091,-0.0062,-0.1142,,0.0478,,,,,,,,,,,,,,,,,,,,,-0.0,,-0.0,,,-0.0,,,,,,,-0.0001,-0.0006,-0.0,-0.0,0.257,0.4709,,,0.2692,0.4912,,-0.0,0.0024,,,,,,,,,,,,,,
nonb_046_nb,False Positive,,,,,,,,,,,,,,,,,,,,,,,,,,,,,,,,,,,,,,,,,,,,,,,,,,,,,,,-0.0,,,-0.0001,0.0475,,0.5673,0.1022,,,,,,,,,,,,,,,,,0.0189,,0.0514,,0.3621,,,,0.037,-0.0508,0.0472,,,-0.0565,,0.0025,,,,,,,,,,,,-0.0062,-0.0062,-0.0018,,-0.0059,,,,-0.0001,-0.3656,-0.3926,-0.154,,,0.0133,,0.3269,-0.0022,-0.0599,,,,,,,,,,,,,,,,,0.1236,,,,,,,,,,,,,,,,,,0.0701,0.3399,-0.0003,0.056,0.5225,0.1643,,-0.0,0.1366,,,,,,,,,,,,,,
nonb_047_nb,False Positive,,,,,,,,,,,,,,,,,,,,,,,,,,,,,,,,,,,,,,,,,,,,,,,,,-0.0111,,-0.0175,-0.0005,,,-0.0143,,,-0.0775,0.373,,0.5881,0.1945,,,,,,,,,,,,,,,,,-0.0469,,0.2841,,0.0165,,,,0.0863,-0.0109,0.037,,,0.4592,,-0.0045,,,,,,,,,,,,-0.0012,,-0.0142,-0.0054,0.0032,,,,,-0.12,-0.1495,-0.0472,,,0.1031,-0.0031,0.1367,,-0.0522,,,,,,,,,,,,,,,,,-0.4506,-0.0,-0.0065,,,,,-0.0001,,,-0.0,,,,-0.0,-0.0044,,-0.0,-0.2653,0.1123,,-0.0006,-0.296,-0.426,,,-0.0656,,,,,,,,,,,,,,
nonb_048_nb,False Positive,,,,,,,,,,,,,,,,,,,,,,,,,,,,,,,,,,,,,,,,,,,,,,,,,,,,,,,-0.0,,,-0.0015,-0.1186,-0.0547,0.0689,0.3884,,,,,,,,,,,,,,,,,-0.0002,,0.2114,,0.1621,-0.0,,,0.0749,-0.1392,0.5678,0.1829,0.3128,0.3671,,-0.0002,,,,,,,,,,,,,,,,0.4361,-0.0001,-0.0027,0.0164,0.1288,0.3596,-0.0044,-0.08,-0.0,-0.0,0.0258,,-0.0,,,,,,,,,,,,,,,,,,,-0.0027,,,,,,,-0.0,,,,,,,,,,,-0.1736,-0.0041,,-0.026,-0.0842,-0.0021,,-0.0002,-0.0017,,,,,,,,,,,,,,
nonb_049_nb,False Positive,,,,,,,,,,,,,,,,,,,,,,,,,,,,,,,,,,,,,,,,,,,,,,,,,,,,,,,,,,0.0025,0.8132,,0.287,0.3368,,,,,,,,,,,,,,,,,,,0.0004,,0.2908,-0.0,,,0.1379,-0.317,0.2692,0.0,0.0002,0.4389,,0.0049,,,,,,,,,,,,,,,,0.0369,,,,,-0.2129,-0.4087,-0.1301,-0.051,-0.0539,0.1729,,0.5869,,,,,,,,,,,,,,,,,,,0.0003,,,,0.0075,,,,,,,,,,,-0.0,,,-0.2417,0.1373,,,0.5853,0.3873,,,0.3306,,,,,,,,,,,,,,
nonb_050_nb,False Positive,,,,,,,,,,,,,,,,,,,,,,,,,,,,,,,,,,,,,,,,,,,,,,,,,,,,,,,,,,-0.1898,-0.0993,-0.0086,0.1859,-0.0001,,,,,,,,,,,,,,,,,,,-0.0,,,-0.0,,-0.0024,0.0202,-0.0142,-0.0265,,,-0.0599,,,,,,,,,,,,,,,,,,-0.0618,,-0.0,,-0.0063,0.0067,-0.4321,-0.0235,-0.0,,0.1633,0.0008,0.0001,,,,,,,,,,,,,,,,,,,-0.0,,-0.0039,,-0.0,,-0.0,-0.0089,-0.0,-0.0,-0.0472,-0.0,,,-0.0002,-0.0138,,-0.0,-0.0597,0.4134,,-0.0039,-0.2088,0.0256,,-0.0031,-0.1125,,,,,,,,,,,,,,
nonb_051_nb,False Positive,,,,,,,,,,,,,,,,,,,,,,,,,,,,,,,,,,-0.0,,,,,,,,,,,,,,,,,,,,,-0.0,,,-0.0015,0.134,,0.234,-0.0036,,,,,,,,,,,,,,,,,-0.0868,,-0.0879,,0.2368,,,,0.01,0.1269,0.0847,,,0.0,,-0.0319,,,,,,,,,,,,,,,,-0.0732,,,,,0.1006,0.1277,0.3215,-0.0847,-0.0847,0.0861,,0.0274,-0.0003,-0.0012,,,,,,,,,,,,,,,,,-0.1141,-0.0,,,0.0,,,,,,,,,,,,,-0.0,0.0674,0.305,-0.0001,-0.0044,0.5059,0.1372,,-0.0001,-0.059,-0.0459,,,-0.0,,,,,,,,,,
nonb_052_nb,False Positive,,,,,,,,,,,,,,,,,,,,,,,,,,,,,,,,,,,,,,,,,,,,,,,,,,,,,,,,,,-0.0,-0.0873,,0.5544,0.0328,,,,,,,,,,,,,,,,,,,-0.0412,,0.3985,,,,0.0188,-0.0901,0.2257,,-0.0,0.2329,,-0.0165,,,,,,,,,,,,,,-0.0008,,0.0027,,,-0.0,-0.0003,-0.1114,-0.2224,-0.0381,,,0.2958,-0.0,-0.0561,,-0.0,,,,,,,,,,,,,,,,,-0.0993,,-0.0027,,,,-0.0,-0.0,,,-0.0,,,,,-0.0008,,,0.1628,0.3858,,-0.0522,0.0562,-0.0327,,-0.0001,0.2702,,,,,,,,,,,,,,
nonb_053_nb,False Positive,,,,,,,,,,,,,,,,,,,,,,,,,,,,,,,,,,,,,,,,,,,,,,,,,,,,,,,,,,,0.0043,-0.0003,0.6909,-0.0001,,,,,,,,,,,,,,,,,,,-0.0023,,-0.0031,,,-0.0,0.0941,-0.0886,0.189,-0.0027,-0.0056,0.0013,-0.0,-0.0175,,,,,,,,,,,,,,,,0.0149,-0.0003,-0.0006,-0.0008,-0.0036,-0.1224,-0.3786,0.0974,-0.0002,-0.0,0.1524,,0.0056,,,,,,,,,,,,,,,,,,,-0.0025,-0.0001,0.0184,,,,-0.0001,-0.0013,,,-0.0004,,,,-0.0,-0.0229,,,0.3262,0.4411,,,0.7003,0.0799,,,-0.0056,,,,,,,,,,,,,,
nonb_054_nb,False Positive,,,,,,,,,,,,,,,,,,,,,,,,,,,,,,,,,,,,,,,,,,,,,,,,,,,,-0.0194,,,,,,-0.0447,0.5037,,0.6131,0.0033,,,,,,,,,,,,,,,,,,,0.1559,-0.5572,-0.3048,,,,0.0448,-0.1335,-0.3043,-0.3118,-0.0076,0.1884,,0.1481,-0.0,,,,,,,,,,,,,-0.0444,-0.0059,0.1351,,,-0.0001,-0.0005,0.1206,-0.028,-0.0733,-0.0018,-0.0,-0.0192,,0.0198,-0.0,,,,,,,,,,,,,,,,,,-0.0,-0.0,0.0002,,,,,-0.0006,,,,,-0.0003,,-0.0,-0.0453,,,0.3616,0.4467,,,0.1731,0.3094,,,0.1308,,,,,,,,,,,,,,
nonb_056_nb,False Positive,,,,,,,,,,,,,,,,,,,,,,,,,,,,,,,,,,,,,,,,,,,,,,,,,,,,,,,-0.0062,,,,-0.138,,0.4122,-0.0282,,,,,,,,,,,,,,,,,-0.4272,,-0.0477,,0.0329,,,,0.0335,-0.0319,0.1419,0.0003,-0.0089,0.2915,-0.0003,-0.1815,,,,,,,,,,,,,,,,-0.1001,-0.0857,-0.18,-0.1597,-0.0327,0.0144,-0.0618,0.0109,-0.1369,-0.1133,0.1209,,-0.0443,,,,,,,,,,,,,,,,,,,-0.0002,-0.0001,0.0027,,-0.0001,,,,,,,,,,,,,,-0.0224,0.1439,,,0.6558,0.2083,,,-0.0017,,,,,,,,,,,,,,
nonb_066_nb,False Positive,,,,,,,,,,,,,,,,,,,,,,,,,,,,,,,,,,,,,,,,,,,,,,,,,,,,,,,,,,-0.0003,-0.0288,-0.0086,0.3988,0.0768,,,,,,,,,,,,,,,,,,,-0.0009,,0.3729,,,,0.0179,0.0,0.1116,,-0.0,0.2639,,-0.0005,,,,,,,,,,,,,,0.0229,,-0.0204,,,,-0.0,-0.0254,-0.1207,0.0862,-0.0345,-0.0241,0.1395,,-0.1549,-0.0,-0.0025,,,,,,,,,,,,,,,,,-0.5127,,-0.0013,,-0.0003,,,,,,,,,,,,,,-0.0067,0.0412,-0.0,0.0115,-0.0673,-0.1614,,,-0.2622,,,,,,,,,,,,,,
nonb_067_nb,False Positive,,,,,,,,,,,,,,,,,,,,,,,,,,,,,,,,,,,,,,,,,,,,,,,,,,,,,,,-0.0033,,,,0.5644,-0.0,0.7687,-0.0052,,,,,,,,,,,,,,,,,-0.0325,,-0.0226,,0.0015,,,,0.0407,0.2114,0.3053,-0.0,-0.0,0.1266,,-0.0421,,,,,,,,,,,,,,,,-0.4378,-0.2545,-0.2429,-0.0031,-0.0,-0.0684,-0.0117,0.6258,-0.0773,-0.2524,0.2086,,0.0208,-0.0001,-0.0,,,,,,,,,,,,,,,,,-0.002,-0.0013,0.0005,,0.0093,,,,,,,,,,,,,,0.0005,0.6019,,,0.6143,0.6022,,,-0.0003,,,,,,,,,,,,,,
nonb_068_nb,False Positive,,,,,,,,,,,,,,,,,,,,,,,,,,,,,,,,,,-0.0482,,,,,,,,,,,,,,,-0.0002,,,-0.0033,,,-0.0176,,,-0.0442,0.2604,,0.237,-0.0029,,,,,,,,,,,,,,,,,-0.0054,,-0.0225,,0.1535,,,,0.0098,0.0325,0.0006,,-0.0014,0.2605,-0.0,-0.0041,,,,,,,,,,,,-0.0,-0.0001,-0.0001,,0.0357,-0.0004,-0.0109,-0.0007,-0.0001,0.1502,-0.0005,0.0201,-0.0801,-0.08,0.1375,,0.0114,-0.0003,-0.0661,,,,,,,,,,,,,,,,,-0.2303,-0.0029,-0.0475,,0.0,,,,,,,,,,,,,,0.0736,0.0662,,,0.4556,0.0692,,,-0.0022,,,,,,,,,,,,,,
nonb_071_nb,False Positive,,,,,,,,,,,,,,,,,,,,,,,,,,,,,,,,,,,,,,,,,,,,,,,,,,,,,,,-0.0,,,-0.0365,0.0313,,0.3529,0.0276,,,,,,,,,,,,,,,,,0.1977,,0.0717,,0.1806,,,,0.2153,0.101,0.1748,,,0.3652,,0.252,,,,,,,,,,,,-0.0001,-0.0018,-0.0209,-0.0005,0.003,,,,,-0.0397,-0.0486,0.1307,-0.0031,-0.0001,0.2439,-0.0046,0.0502,-0.001,-0.017,,,,,,,,,,,,,,,,,-0.1942,,,,-0.0001,,,,,,,,,,,,,,-0.0114,0.0196,,,0.2283,0.2591,,-0.0125,-0.0806,-0.0,,,,,,,,,,,,,
nonb_072_nb,False Positive,,,,,,,,,,,,,,,,,,,,,,,,,,,,,,,,,,,,,,,,,,,,,,,,,,,,,,,-0.0005,,,,0.4561,,0.2554,-0.004,,,,,,,,,,,,,,,,,-0.0044,,-0.0083,,-0.0003,,,,0.5783,0.085,0.1133,-0.0001,-0.0031,0.057,,-0.0086,,,,,,,,,,,,,,,,-0.1771,-0.1021,-0.2393,-0.2676,-0.0581,-0.1135,,0.5102,0.2634,0.2449,0.5337,,-0.0179,,,,,,,,,,,,,,,,,,,-0.0002,-0.0,-0.146,,0.2663,,,,,,,,,,,,,,-0.0053,0.503,,,0.5865,0.2511,,,,,,,,,,,,,,,,,
nonb_073_nb,False Positive,,,,,,,,,,,,,,,,,,,,,,,,,,,,,,,,,,,,,,,,,,,,,,,,,,,,-0.0002,,,-0.007,,,0.1029,0.0095,0.0928,0.6308,0.0339,,,,,,,,,,,,,,,,,-0.0051,-0.0,-0.0616,,0.3063,,,,0.0788,0.0383,0.2303,,,0.4893,,-0.0394,,,,,,,,,,,,,,-0.0146,,0.0092,,,,,-0.0014,-0.0002,0.0868,,,0.2412,,-0.1139,,-0.0,,,,,,,,,,,,,,,,,-0.2205,,-0.0035,,-0.0,,,,,,,,,,,,-0.0001,-0.0143,0.0905,0.2902,-0.0037,0.037,0.1157,-0.3085,,-0.0001,0.0107,,,,-0.0,,,,,,,,,,
nonb_074_nb,False Positive,,,,,,,,,,,,,,,,,,,,,,,,,,,,,,,,,,,,,,,,,,,,,,,,-0.0,-0.0009,-0.0,-0.0139,0.0751,,-0.0,-0.0012,,,-0.0,0.0211,-0.0,0.5357,0.146,,,,,,,,,,,-0.0002,,,,,,,,0.4019,,0.4413,,,,-0.0691,0.0193,0.1488,,,0.0005,,0.0352,,-0.0001,,,,,,,,,,-0.0003,-0.0001,0.1586,,0.1914,,,,,-0.0,-0.0,0.0525,,,-0.162,,-0.1127,-0.0,-0.0003,,,,,,,,,,,,,,,,,-0.3286,,-0.0003,,,,,,,,,,,,,,,,-0.4474,-0.2857,,-0.002,-0.4429,-0.5828,,-0.0,-0.0279,,,,,,,,,,,,,,
nonb_075_nb,False Positive,,,,,,,,,,,,,,,,,,,,,,,,,,,,,,,,,,,,,,,,,,,,,,,,-0.0,-0.0013,,-0.0539,-0.0035,-0.0008,,0.0075,,,0.0091,0.0143,,0.084,0.0463,,,,,,,,,,,,,,,,,-0.0564,,0.4666,0.037,0.5618,-0.0003,-0.0,-0.0,0.0038,-0.0015,0.5086,0.4809,0.4235,0.2658,,0.0239,,,,,,,,,,,,,,-0.0065,,0.1825,,-0.0,-0.0008,-0.0,0.0271,-0.0,-0.0002,,,0.1225,,0.5432,,-0.0002,,,,,,,,,,,,,,,,,0.0072,,,,,,,,,,,,,,,,,,-0.0025,0.0548,,-0.0001,0.5656,0.7008,,0.0019,0.0057,-0.0,,,,,,,,,,,,,
nonb_080_nb,False Positive,,,,,,,,,,,,,,,,,,,,,,,,,,,,,,,,,,,,,,,,,,,,,,,,,,,,,,,,,,-0.0,0.2135,,0.7521,0.0179,,,,,,,,,,,,,,,,,,,-0.1231,,0.0054,,,,0.0041,-0.0614,0.2489,,0.0001,0.1634,,-0.0209,,,,,,,,,,,,,,,,-0.2797,,,,,-0.017,-0.0352,0.0185,-0.3951,-0.3862,-0.0262,,0.0139,-0.0014,-0.0002,,,,,,,,,,,,,,,,,-0.0022,-0.0016,0.0858,,0.0023,,,,,,,,,,,-0.0002,,,0.0049,0.4245,,-0.0,0.0069,0.2342,,,0.0139,,,,,,,,,,,,,,
nonb_081_nb,False Positive,,,,,,,,,,,,,,,,,,,,,,,,,,,,,,,,,,,,,,,,,,,,,,,,,,,,,,,,,,,0.0,,0.1187,0.3621,,,,,,,,,,,,,,,,,,,0.0564,,0.3164,,,,0.058,0.1623,0.573,0.0031,0.0,0.341,,,,,,,,,,,,,,,,,,-0.0116,,,,-0.0127,0.0928,-0.1479,0.1787,,,-0.1746,,,,,,,,,,,,,,,,,,,,,,,,,-0.0,,-0.0,-0.0925,-0.0006,,-0.0436,,,,-0.0046,-0.0274,-0.0002,-0.0003,0.0326,-0.1779,,-0.022,-0.1406,,,,,,,,,,,,,,,,,,
nonb_082_nb,False Positive,,,,,,,,,,,,,,,,,,,,,,,,,,,,,,,,,,,,,,,,,,,,,,,,,,,,,,,,,,,0.172,-0.0003,0.2846,0.0956,,,,,,,,,,,,,,,,,,,0.0989,,-0.0099,,,,-0.0039,-0.1387,0.2342,-0.2672,,,,-0.0022,,,,,,,,,,,,,,0.0157,-0.0006,0.1038,,,,-0.002,0.0,-0.2744,0.0205,,-0.0,0.4543,0.001,0.5762,,,,,,,,,,,,,,,,,,,-0.0001,,-0.0009,,-0.0001,,,-0.0001,,,,,,,,,,-0.0,0.1036,-0.0335,-0.0093,-0.0196,-0.0911,-0.3306,,,-0.0703,,,,,,,,,,,,,,
nonb_085_nb,False Positive,,,,,,,,,,,,,,,,,,,,,,,,,,,,,,,,,,-0.0,,,,,,,,,,,,,,,,,,-0.0001,,,,,,,0.3025,,0.3441,0.1091,,,,,,,,,,,,,,,,,,,,,0.2106,,,,0.0238,0.0505,0.1355,-0.0,-0.1192,0.4441,-0.0033,0.0,,,,,,,,,,,,,,-0.0,,0.1297,-0.0089,-0.2538,-0.3322,-0.171,-0.2339,-0.0009,-0.0294,-0.0003,-0.0,0.1294,,0.0867,-0.0005,-0.0,,,,,,,,,,,,,,,,,0.0187,,,,,,,,,,,,,,,,,,-0.0087,0.1717,,,0.4658,0.7578,,,0.0023,,,,,,,,,,,,,,
nonb_086_nb,False Positive,,,,,,,,,,,,,,,,,,,,,,,,,,,,,,,,,,,,,,,,,,,,,,,,,,,,,,,,,,-0.0,0.1263,,0.0652,0.0037,,,,,,,,,,,,,,,,,,,0.2455,,0.0,,,,-0.0,-0.0033,0.294,-0.0005,-0.0003,0.1333,,0.0006,,,,,,,,,,,,,,,,0.102,-0.0005,-0.0006,,-0.0005,0.3359,-0.0,-0.2127,-0.6568,-0.64,-0.0484,,0.4544,,-0.0,,,,,,,,,,,,,,,,,0.0954,,,,-0.0015,,,,,,,,,,,,,,0.0588,0.1672,,,0.8736,0.0001,,,0.0526,,,,,,,,,,,,,,
nonb_087_nb,False Positive,,,,,,,,,,,,,,,,,,,,,,,,,,,,,,,,,,,,,,,,,,,,,,,,,,,,,,,,,,,0.6966,,0.6731,0.2831,,,,,,,,,,,,,,,,,,,0.1451,-0.106,0.0238,-0.0,,,0.0201,-0.0484,0.0096,0.0683,0.0,0.2141,,0.3045,,,,,,,,,,,,,,,,0.1944,,-0.0004,-0.1229,0.3486,0.1113,-0.0019,0.0558,,,0.1356,,0.1783,,,,,,,,,,,,,,,,,,,0.0008,-0.0,0.0046,,,,,,,,,,,,,,,,0.123,0.2851,,,0.8506,0.0054,,,-0.0015,,,,,,,,,,,,,,
nonb_088_nb,False Positive,,,,,,,,,,,,,,,,,,,,,,,,,,,,,,,,,,,,,,,,,,,,,,,,,,,,0.268,,,0.0002,,,-0.0123,0.0769,,0.0075,0.0247,,,,,,,,,,,,,,,,,,,0.9264,0.7908,0.7134,-0.0,,,-0.1323,-0.1213,0.0544,0.7877,0.5558,0.3884,,0.25,,-0.001,,,,,,,,,,-0.0018,-0.0001,0.1953,,0.0912,,,,,-0.1424,,-0.2057,,,0.1223,,0.3391,,,,,,,,,,,,,,,,,,,-0.1188,,,,-0.0006,,,,,,,,,,,,,,,-0.0482,,,-0.0001,-0.0012,,,-0.1643,,,,,,,,,,,,,,
nonb_089_nb,False Positive,,,,,,,,,,,,,,,,,,,,,,,,,,,,,,,,,,,,,,,,,,,,,,,,,,,,,,,,,,,-0.404,,-0.207,-0.0766,,,,,,,,,,,,,,,,,,,-0.0143,,-0.0,,,,-0.0001,0.0447,0.045,-0.2373,-0.0,-0.0698,,-0.0932,,,,,,,,,,,,,,-0.0184,,-0.092,,,,-0.0244,-0.1511,-0.2759,0.216,-0.0,,0.3327,,-0.0002,,,,,,,,,,,,,,,,,,,0.0169,,,,-0.0,,,-0.0023,,,-0.0002,,,,-0.0,-0.0044,,-0.0,0.0525,0.203,,-0.1151,-0.2051,0.3906,,-0.1263,-0.1124,,,-0.0,,,,,,,,,,,
nonb_115_nb,False Positive,,,,,,,,,,,,,,,,,,,,,,,,,,,,,,,,,,,,,,,,,,,,,,,,,,,,,,,,,,,-0.0149,0.1382,0.1698,0.1467,,,,,,,,,,,,,,,,,,,0.1056,,0.4289,,,,-0.012,-0.007,-0.0058,,,0.066,-0.0,,,,,,,,,,,,,,,0.0001,,0.146,-0.0485,-0.1948,-0.1205,-0.022,0.1917,,-0.2879,-0.3473,-0.0786,0.3871,,0.623,,,,,,,,,,,,,,,,,,,,,,,-0.0001,,,,,,,,,,,,,,-0.017,0.242,,,-0.1658,0.109,,,0.055,,,,,,,,,,,,,,
nonb_116_nb,False Positive,,,,,,,,,,,,,,,,,,,,,,,,,,,,,,,,,,-0.0025,,,,,,,,,,,,,,,,,,,,,,,,,-0.0954,-0.0037,0.1616,0.1295,,,,,,,,,,,,,,,,,,,0.0007,,0.1432,,,-0.0,0.0318,0.0083,0.2461,-0.0,-0.0083,0.1237,-0.002,0.0001,,,,,,,,,,,,,,,,-0.0177,-0.0214,-0.0229,-0.0184,-0.0161,-0.0221,-0.199,-0.0787,-0.0129,-0.0083,0.0661,-0.0,-0.0876,,,,,,,,,,,,,,,,,,,-0.0179,-0.0002,-0.0352,,0.0,-0.0,-0.0001,-0.0081,-0.0003,-0.0,-0.0076,,,,-0.0,-0.002,,-0.0004,0.1479,0.0495,-0.2312,-0.0073,-0.033,-0.0738,,0.0,-0.0018,-0.0039,,,,,,,,,,,,,
nonb_117_nb,False Positive,,,,,,,,,,,,,,,,,,,,,,,,,,,,,,,,,,,,,,,,,,,,,,,,,,,-0.0001,-0.0,,,-0.0035,,,-0.0039,-0.0082,-0.0,0.0199,0.0156,,,,,,,,,,,,,,,,,-0.0139,,0.3291,0.0022,0.2572,-0.0001,-0.0,-0.0,0.4914,0.205,0.7431,0.0092,0.0156,0.3719,,-0.0012,,,,,,,,,,,,,,-0.0001,,0.1619,,,,-0.0,0.1201,-0.0325,0.0688,-0.0003,-0.0002,0.2243,,0.7799,,-0.0,,,,,,,,,,,,,,,,,-0.0083,,,,,,,,,,,,,,,,,,0.0373,0.017,,,0.3169,0.393,-0.0002,-0.0241,-0.0025,-0.0007,,,,,,,,,,,,,
