Sequence,Group,N frames,Gate RMSD mean (A),Gate RMSD SD (A),Gate RMSD early100 mean (A),Gate RMSD late100 mean (A),Gate drift100 (A),Gate slope (A/ns),Latch RMSD mean (A),Latch RMSD SD (A),Latch RMSD early100 mean (A),Latch RMSD late100 mean (A),Latch drift100 (A),Latch slope (A/ns),Lb7a5 RMSD mean (A),Lb7a5 RMSD SD (A),Lb7a5 RMSD early100 mean (A),Lb7a5 RMSD late100 mean (A),Lb7a5 drift100 (A),Lb7a5 slope (A/ns),Recoil RMSD mean (A),Recoil RMSD SD (A),Recoil RMSD early100 mean (A),Recoil RMSD late100 mean (A),Recoil drift100 (A),Recoil slope (A/ns),Whole RMSD mean (A),Whole RMSD SD (A),Whole RMSD early100 mean (A),Whole RMSD late100 mean (A),Whole drift100 (A),Whole slope (A/ns)
seq16_binder,Binder,1600,1.2862,0.376,1.2862,1.2862,0.0,-0.006102,2.4005,0.4112,2.4005,2.4005,0.0,-0.010624,2.378,0.5737,2.378,2.378,0.0,0.010095,1.1824,0.2743,1.1824,1.1824,0.0,0.003624,1.2983,0.1345,1.2983,1.2983,0.0,-0.001158
seq14_binder,Binder,1600,1.7567,0.3858,1.7567,1.7567,0.0,0.010726,1.9399,0.4972,1.9399,1.9399,0.0,-0.018452,1.3551,0.3772,1.3551,1.3551,0.0,0.000508,2.8628,0.2717,2.8628,2.8628,0.0,0.002727,1.5932,0.1213,1.5932,1.5932,0.0,0.002329
seq10_binder,Binder,1600,1.5211,0.3832,1.5211,1.5211,0.0,-0.006311,2.757,0.7639,2.757,2.757,0.0,-0.031959,2.2169,1.15,2.2169,2.2169,0.0,0.045312,1.0527,0.2461,1.0527,1.0527,0.0,0.003713,1.4095,0.165,1.4095,1.4095,0.0,0.004088
seq17_binder,Binder,1600,2.4224,0.3814,2.4224,2.4224,0.0,0.005174,2.1191,0.2928,2.1191,2.1191,0.0,3.2e-05,3.1444,0.8407,3.1444,3.1444,0.0,-0.000129,2.1959,0.3621,2.1959,2.1959,0.0,-7.9e-05,1.5741,0.1294,1.5741,1.5741,0.0,-0.002823
seq39_binder,Binder,1600,1.7513,0.5049,1.7513,1.7513,0.0,0.011696,2.1591,0.5161,2.1591,2.1591,0.0,-0.017477,1.8305,0.5423,1.8305,1.8305,0.0,0.003303,1.045,0.2765,1.045,1.045,0.0,-0.002305,1.2349,0.1541,1.2349,1.2349,0.0,0.00216
seq42_binder,Binder,1600,1.2121,0.3568,1.2121,1.2121,0.0,-0.005407,1.6169,0.4258,1.6169,1.6169,0.0,0.015218,1.3397,0.3765,1.3397,1.3397,0.0,0.000336,0.8486,0.225,0.8486,0.8486,0.0,0.000666,1.1566,0.1516,1.1566,1.1566,0.0,-0.002767
pair_3069_binder,Binder,1600,2.0522,0.4071,2.0522,2.0522,0.0,-0.001014,2.4055,0.3006,2.4055,2.4055,0.0,-0.007918,3.515,0.8407,3.515,3.515,0.0,-0.004933,2.2263,0.4803,2.2263,2.2263,0.0,-0.002895,1.4681,0.1401,1.4681,1.4681,0.0,-0.002231
pair_3070_binder,Binder,1600,2.8133,0.6838,2.8133,2.8133,0.0,0.004742,1.3295,0.2656,1.3295,1.3295,0.0,-0.005502,2.6657,1.1569,2.6657,2.6657,0.0,0.044332,1.4171,0.3374,1.4171,1.4171,0.0,0.009772,1.6686,0.1957,1.6686,1.6686,0.0,0.007715
pair_3074_binder,Binder,1600,1.6557,0.5668,1.6557,1.6557,0.0,-0.009431,1.8856,0.5169,1.8856,1.8856,0.0,0.019852,4.3974,1.6552,4.3974,4.3974,0.0,-0.072422,1.5913,0.6072,1.5913,1.5913,0.0,-0.020654,2.1585,0.2124,2.1585,2.1585,0.0,-0.008293
pair_3092_binder,Binder,1600,1.4314,0.516,1.4314,1.4314,0.0,-0.007705,1.3948,0.3837,1.3948,1.3948,0.0,0.012295,4.5083,1.7224,4.5083,4.5083,0.0,-0.075342,1.7855,0.5439,1.7855,1.7855,0.0,-0.016904,1.6697,0.2369,1.6697,1.6697,0.0,-0.009187
pair_3098_binder,Binder,1600,1.7714,0.655,1.7714,1.7714,0.0,0.004885,1.6676,0.2985,1.6676,1.6676,0.0,-0.002638,2.3185,0.7012,2.3185,2.3185,0.0,0.00185,1.5911,0.2715,1.5911,1.5911,0.0,0.005662,1.5818,0.211,1.5818,1.5818,0.0,0.008362
pair_3059_nb,False Positive,1600,1.1887,0.3822,1.1887,1.1887,0.0,0.001225,2.5023,0.6615,2.5023,2.5023,0.0,0.015473,2.0301,0.5695,2.0301,2.0301,0.0,-0.003823,1.2171,0.2728,1.2171,1.2171,0.0,-0.000833,1.5346,0.1364,1.5346,1.5346,0.0,0.002629
pair_3062_binder,Binder,1600,1.103,0.3506,1.103,1.103,0.0,0.005755,1.1732,0.293,1.1732,1.1732,0.0,0.009206,1.4812,0.4306,1.4812,1.4812,0.0,-0.001796,1.2587,0.2873,1.2587,1.2587,0.0,0.008032,1.238,0.2445,1.238,1.238,0.0,0.011365
pair_3063_binder,Binder,1600,4.999,0.7443,4.999,4.999,0.0,-0.011885,3.5396,0.3601,3.5396,3.5396,0.0,0.00062,3.8184,0.3818,3.8184,3.8184,0.0,-0.000939,2.7179,0.4038,2.7179,2.7179,0.0,0.010759,2.6441,0.1746,2.6441,2.6441,0.0,-0.001631
pair_3066_binder,Binder,1600,1.8872,0.7194,1.8872,1.8872,0.0,-0.010322,2.0151,0.6851,2.0151,2.0151,0.0,0.026778,2.4447,0.841,2.4447,2.4447,0.0,-0.023349,1.3467,0.381,1.3467,1.3467,0.0,-0.011114,1.5971,0.1486,1.5971,1.5971,0.0,-0.000646
pair_3067_binder,Binder,1600,2.7221,0.5558,2.7221,2.7221,0.0,-0.002533,2.7148,0.4618,2.7148,2.7148,0.0,0.00097,1.8717,0.6881,1.8717,1.8717,0.0,0.000487,1.4075,0.2959,1.4075,1.4075,0.0,-0.002249,2.1696,0.3484,2.1696,2.1696,0.0,0.014927
pair_3068_binder,Binder,1600,2.4513,0.82,2.4513,2.4513,0.0,0.027848,1.8321,0.5002,1.8321,1.8321,0.0,-0.012531,2.6512,1.1073,2.6512,2.6512,0.0,0.036027,1.3163,0.2683,1.3163,1.3163,0.0,0.001127,1.4512,0.1717,1.4512,1.4512,0.0,0.005792
pair_3071_binder,Binder,1600,2.8858,0.5566,2.8858,2.8858,0.0,-0.001037,1.2769,0.3298,1.2769,1.2769,0.0,-0.008172,2.2729,0.6568,2.2729,2.2729,0.0,7.6e-05,1.0099,0.2614,1.0099,1.0099,0.0,-0.000588,1.8128,0.2151,1.8128,1.8128,0.0,-0.000406
pair_3072_binder,Binder,1600,2.7214,0.6518,2.7214,2.7214,0.0,0.01366,2.4519,0.5011,2.4519,2.4519,0.0,0.00315,1.8751,0.4343,1.8751,1.8751,0.0,0.002545,1.333,0.2635,1.333,1.333,0.0,-0.003575,1.6757,0.1506,1.6757,1.6757,0.0,0.001431
pair_3073_binder,Binder,1600,1.5476,0.5965,1.5476,1.5476,0.0,-0.011307,2.2144,0.4748,2.2144,2.2144,0.0,0.017022,2.1946,0.686,2.1946,2.1946,0.0,0.004752,1.1932,0.3499,1.1932,1.1932,0.0,0.012174,1.7084,0.2053,1.7084,1.7084,0.0,0.008145
pair_3075_binder,Binder,1600,1.3814,0.3985,1.3814,1.3814,0.0,0.000647,1.3429,0.2617,1.3429,1.3429,0.0,0.004245,1.9894,0.6348,1.9894,1.9894,0.0,0.013663,1.1886,0.3021,1.1886,1.1886,0.0,0.00831,1.5403,0.1248,1.5403,1.5403,0.0,0.000732
pair_3076_binder,Binder,1600,1.309,0.367,1.309,1.309,0.0,-0.002188,1.5515,0.3173,1.5515,1.5515,0.0,0.001905,2.2612,0.5123,2.2612,2.2612,0.0,0.001045,1.2508,0.25,1.2508,1.2508,0.0,0.000487,1.3581,0.0926,1.3581,1.3581,0.0,-0.000377
pair_3077_binder,Binder,1600,1.2447,0.4664,1.2447,1.2447,0.0,0.003324,2.1902,0.6101,2.1902,2.1902,0.0,-0.000541,1.7314,0.5962,1.7314,1.7314,0.0,0.010741,1.0227,0.2433,1.0227,1.0227,0.0,0.004186,1.1049,0.1087,1.1049,1.1049,0.0,-0.000907
pair_3078_binder,Binder,1600,2.9863,0.3959,2.9863,2.9863,0.0,0.008481,1.3622,0.2928,1.3622,1.3622,0.0,-0.000294,2.233,0.4421,2.233,2.233,0.0,-0.006788,1.4352,0.2239,1.4352,1.4352,0.0,-0.000655,1.4431,0.1199,1.4431,1.4431,0.0,0.002021
pair_3079_binder,Binder,1600,1.1051,0.3709,1.1051,1.1051,0.0,0.00313,1.7531,0.4057,1.7531,1.7531,0.0,0.007911,1.5547,0.5022,1.5547,1.5547,0.0,0.00414,1.2564,0.1831,1.2564,1.2564,0.0,-0.002282,1.3121,0.1623,1.3121,1.3121,0.0,0.003802
pair_3080_binder,Binder,1600,1.5492,0.6344,1.5492,1.5492,0.0,0.019762,2.3783,0.6534,2.3783,2.3783,0.0,0.025484,1.4636,0.4605,1.4636,1.4636,0.0,0.008783,1.1786,0.2463,1.1786,1.1786,0.0,0.001981,1.3402,0.1759,1.3402,1.3402,0.0,0.005666
pair_3085_binder,Binder,1600,2.7017,0.5796,2.7017,2.7017,0.0,0.002249,2.1005,0.6425,2.1005,2.1005,0.0,-0.025397,3.0161,0.7997,3.0161,3.0161,0.0,0.025311,1.9948,0.5472,1.9948,1.9948,0.0,0.022976,2.5207,0.2555,2.5207,2.5207,0.0,0.00406
pair_3086_binder,Binder,1600,1.8325,0.4418,1.8325,1.8325,0.0,0.012403,1.3878,0.2531,1.3878,1.3878,0.0,0.006667,2.4283,0.5825,2.4283,2.4283,0.0,0.004487,1.5623,0.32,1.5623,1.5623,0.0,0.000608,1.9229,0.2133,1.9229,1.9229,0.0,0.004807
pair_3087_binder,Binder,1600,2.8031,0.7782,2.8031,2.8031,0.0,0.004887,1.7835,0.3292,1.7835,1.7835,0.0,0.008835,2.2767,0.6772,2.2767,2.2767,0.0,0.012261,1.3762,0.3847,1.3762,1.3762,0.0,0.010937,1.8143,0.1889,1.8143,1.8143,0.0,0.005429
pair_3088_binder,Binder,1600,1.3459,0.4221,1.3459,1.3459,0.0,-0.017208,1.082,0.2586,1.082,1.082,0.0,-0.000421,1.5203,0.414,1.5203,1.5203,0.0,-0.006737,1.5226,0.3689,1.5226,1.5226,0.0,0.007205,1.4939,0.1903,1.4939,1.4939,0.0,0.007884
pair_3091_binder,Binder,1600,2.381,0.8029,2.381,2.381,0.0,0.028501,2.3364,0.5336,2.3364,2.3364,0.0,0.005499,2.7472,0.715,2.7472,2.7472,0.0,0.00716,1.3511,0.2705,1.3511,1.3511,0.0,-0.004984,1.8134,0.1591,1.8134,1.8134,0.0,0.003178
pair_3099_binder,Binder,1600,4.1386,0.5482,4.1386,4.1386,0.0,-0.006537,2.8285,0.6635,2.8285,2.8285,0.0,-0.007992,3.9282,1.1879,3.9282,3.9282,0.0,0.003772,2.2215,0.4509,2.2215,2.2215,0.0,-0.000383,2.7327,0.2171,2.7327,2.7327,0.0,0.001653
pair_3100_binder,Binder,1600,3.1746,0.8856,3.1746,3.1746,0.0,-0.003731,1.861,0.4691,1.861,1.861,0.0,0.011396,2.3348,0.4519,2.3348,2.3348,0.0,0.002162,1.1701,0.1991,1.1701,1.1701,0.0,-0.001183,1.5117,0.1599,1.5117,1.5117,0.0,0.00388
pair_3101_binder,Binder,1600,1.7834,0.7134,1.7834,1.7834,0.0,-0.017322,1.9845,0.3675,1.9845,1.9845,0.0,-0.004299,2.5959,0.7588,2.5959,2.5959,0.0,-0.021112,2.0233,0.4367,2.0233,2.0233,0.0,-0.003711,1.7622,0.1576,1.7622,1.7622,0.0,-0.00572
pair_3103_binder,Binder,1600,1.0606,0.3956,1.0606,1.0606,0.0,-0.004175,1.9023,0.3986,1.9023,1.9023,0.0,0.004195,2.4873,1.0703,2.4873,2.4873,0.0,0.030675,1.1988,0.258,1.1988,1.1988,0.0,0.000191,1.7001,0.2191,1.7001,1.7001,0.0,0.006373
pair_3104_binder,Binder,1600,1.0749,0.3495,1.0749,1.0749,0.0,-0.006281,1.0964,0.2689,1.0964,1.0964,0.0,-0.002381,2.5321,0.556,2.5321,2.5321,0.0,0.001682,1.2701,0.2966,1.2701,1.2701,0.0,-0.004904,1.5209,0.1809,1.5209,1.5209,0.0,0.004674
pair_3108_binder,Binder,1600,2.1935,0.7679,2.1935,2.1935,0.0,-0.029527,1.5375,0.2704,1.5375,1.5375,0.0,-0.008853,2.6728,0.6822,2.6728,2.6728,0.0,-0.009082,1.4852,0.3492,1.4852,1.4852,0.0,-0.007614,1.7109,0.2158,1.7109,1.7109,0.0,-0.008795
seq1_nb,False Positive,1600,3.2249,0.9281,3.2249,3.2249,0.0,0.029013,2.0639,0.5298,2.0639,2.0639,0.0,0.011066,1.7391,0.6386,1.7391,1.7391,0.0,-0.016335,1.667,0.2987,1.667,1.667,0.0,-0.011151,1.7416,0.2071,1.7416,1.7416,0.0,0.005662
seq2_nb,False Positive,1600,1.9721,0.4491,1.9721,1.9721,0.0,0.012376,2.0318,0.4035,2.0318,2.0318,0.0,0.005253,2.494,0.7623,2.494,2.494,0.0,-0.01139,1.4988,0.4206,1.4988,1.4988,0.0,-0.007279,1.5298,0.1085,1.5298,1.5298,0.0,-0.000331
seq3_nb,False Positive,1600,3.6497,0.603,3.6497,3.6497,0.0,-0.012929,4.0465,1.1447,4.0465,4.0465,0.0,0.016668,3.6517,0.9391,3.6517,3.6517,0.0,0.017561,1.1895,0.3175,1.1895,1.1895,0.0,-0.007727,2.1345,0.1574,2.1345,2.1345,0.0,0.004253
seq4_nb,False Positive,1600,2.2142,0.5506,2.2142,2.2142,0.0,-0.008286,1.822,0.4127,1.822,1.822,0.0,0.008766,2.636,0.8682,2.636,2.636,0.0,-0.007353,1.8011,0.4456,1.8011,1.8011,0.0,0.013821,1.8549,0.2201,1.8549,1.8549,0.0,0.003316
seq5_nb,False Positive,1600,2.3076,0.5307,2.3076,2.3076,0.0,0.009867,2.1344,0.3491,2.1344,2.1344,0.0,-0.010036,2.5871,0.5487,2.5871,2.5871,0.0,0.01183,2.2286,0.5046,2.2286,2.2286,0.0,0.01989,2.0862,0.3152,2.0862,2.0862,0.0,0.012153
seq6_nb,False Positive,1600,2.8279,1.2417,2.8279,2.8279,0.0,-0.020327,1.5244,0.4785,1.5244,1.5244,0.0,0.016681,2.3297,0.7449,2.3297,2.3297,0.0,0.001096,0.8361,0.2146,0.8361,0.8361,0.0,-0.002732,1.5996,0.17,1.5996,1.5996,0.0,0.000232
seq7_nb,False Positive,1600,3.8164,0.3742,3.8164,3.8164,0.0,0.003166,2.6399,0.3691,2.6399,2.6399,0.0,0.009597,2.9683,0.959,2.9683,2.9683,0.0,-0.012442,1.052,0.2614,1.052,1.052,0.0,-0.003178,1.6389,0.1361,1.6389,1.6389,0.0,-0.001439
pair_0052_nb,False Positive,1600,4.0546,1.1553,4.0546,4.0546,0.0,0.050198,2.3149,0.3869,2.3149,2.3149,0.0,0.006896,1.7157,0.4914,1.7157,1.7157,0.0,0.005954,1.6053,0.2452,1.6053,1.6053,0.0,0.00083,2.1749,0.2359,2.1749,2.1749,0.0,0.009867
pair_0091_nb,False Positive,1600,1.7641,0.8614,1.7641,1.7641,0.0,0.000161,4.0381,0.8543,4.0381,4.0381,0.0,-0.004282,3.7571,0.7832,3.7571,3.7571,0.0,0.005495,1.8184,0.244,1.8184,1.8184,0.0,6.8e-05,1.8712,0.1924,1.8712,1.8712,0.0,0.005381
pair_0246_nb,False Positive,1600,2.5999,0.6636,2.5999,2.5999,0.0,0.019258,2.3337,0.3611,2.3337,2.3337,0.0,-0.004843,1.9318,0.5916,1.9318,1.9318,0.0,0.01004,1.8822,0.3385,1.8822,1.8822,0.0,-0.003529,1.9495,0.1749,1.9495,1.9495,0.0,0.003708
pair_0269_nb,False Positive,1600,2.8658,0.4558,2.8658,2.8658,0.0,-0.005788,1.6076,0.2645,1.6076,1.6076,0.0,-0.007818,1.6132,0.4099,1.6132,1.6132,0.0,0.002907,2.4407,0.3105,2.4407,2.4407,0.0,0.000617,2.022,0.1721,2.022,2.022,0.0,0.003026
pair_0272_nb,False Positive,1600,1.9522,0.3788,1.9522,1.9522,0.0,-0.009066,1.709,0.3341,1.709,1.709,0.0,0.012692,2.5908,0.6276,2.5908,2.5908,0.0,0.00626,1.4491,0.2932,1.4491,1.4491,0.0,0.002848,1.8604,0.2155,1.8604,1.8604,0.0,-0.006111
pair_0276_nb,False Positive,1600,1.5226,0.3881,1.5226,1.5226,0.0,-0.001381,2.5507,0.4787,2.5507,2.5507,0.0,-0.005104,1.9618,0.7681,1.9618,1.9618,0.0,-0.023896,1.1976,0.3622,1.1976,1.1976,0.0,-0.012303,1.4133,0.1396,1.4133,1.4133,0.0,-0.001993
pair_0288_nb,False Positive,1600,1.9072,0.5124,1.9072,1.9072,0.0,-0.015553,3.0391,0.558,3.0391,3.0391,0.0,-0.01526,3.6205,0.736,3.6205,3.6205,0.0,-0.004206,3.9674,0.447,3.9674,3.9674,0.0,0.004887,1.92,0.1671,1.92,1.92,0.0,0.004484
pair_0351_nb,False Positive,1600,2.3287,1.0836,2.3287,2.3287,0.0,0.042864,2.2499,0.3826,2.2499,2.2499,0.0,-0.003581,2.2298,0.5967,2.2298,2.2298,0.0,-0.007334,1.2803,0.3,1.2803,1.2803,0.0,0.005589,1.765,0.1208,1.765,1.765,0.0,0.002794
pair_0502_nb,False Positive,1600,2.471,0.6047,2.471,2.471,0.0,0.018563,1.7376,0.4231,1.7376,1.7376,0.0,-0.009516,2.3207,0.8555,2.3207,2.3207,0.0,0.00491,1.3045,0.2914,1.3045,1.3045,0.0,-0.004615,1.867,0.253,1.867,1.867,0.0,0.009678
pair_0506_nb,False Positive,1600,2.3736,0.665,2.3736,2.3736,0.0,-0.004387,1.4596,0.4415,1.4596,1.4596,0.0,0.008402,2.5825,0.8189,2.5825,2.5825,0.0,-0.001784,1.4935,0.3701,1.4935,1.4935,0.0,0.006453,1.5324,0.2049,1.5324,1.5324,0.0,0.005712
pair_0647_nb,False Positive,1600,1.8831,0.4713,1.8831,1.8831,0.0,-8.1e-05,2.4614,0.6894,2.4614,2.4614,0.0,0.004924,2.4323,0.4798,2.4323,2.4323,0.0,0.008141,1.4806,0.3016,1.4806,1.4806,0.0,0.006555,1.7749,0.3174,1.7749,1.7749,0.0,-0.011778
pair_0777_nb,False Positive,1600,2.8669,0.5238,2.8669,2.8669,0.0,0.007714,1.9113,0.4855,1.9113,1.9113,0.0,0.008736,2.1769,0.8117,2.1769,2.1769,0.0,0.024819,1.9961,0.3391,1.9961,1.9961,0.0,0.003148,1.723,0.2035,1.723,1.723,0.0,0.007493
pair_0827_nb,False Positive,1600,1.7707,0.427,1.7707,1.7707,0.0,0.007362,2.0731,0.2819,2.0731,2.0731,0.0,0.002758,2.0757,0.5479,2.0757,2.0757,0.0,0.005839,1.3136,0.2109,1.3136,1.3136,0.0,0.003344,1.2559,0.1488,1.2559,1.2559,0.0,0.001633
pair_1824_nb,False Positive,1600,2.6801,0.6787,2.6801,2.6801,0.0,0.020653,2.205,0.481,2.205,2.205,0.0,0.00794,1.7863,0.55,1.7863,1.7863,0.0,0.014435,1.0485,0.2338,1.0485,1.0485,0.0,-0.000682,1.3378,0.1127,1.3378,1.3378,0.0,-0.001377
pair_1939_nb,False Positive,1600,2.5658,0.4327,2.5658,2.5658,0.0,0.005955,1.038,0.2127,1.038,1.038,0.0,-0.000128,2.1478,0.8942,2.1478,2.1478,0.0,-0.010824,1.5441,0.2813,1.5441,1.5441,0.0,-0.005025,1.5548,0.1638,1.5548,1.5548,0.0,-0.000633
pair_0822_nb,False Positive,1600,1.4007,0.5143,1.4007,1.4007,0.0,0.008304,1.6346,0.2585,1.6346,1.6346,0.0,-0.000383,2.0882,0.5146,2.0882,2.0882,0.0,0.001398,1.1334,0.2369,1.1334,1.1334,0.0,4.5e-05,1.2589,0.122,1.2589,1.2589,0.0,0.003886
pair_0865_nb,False Positive,1600,1.3308,0.4759,1.3308,1.3308,0.0,-0.010055,1.1039,0.2088,1.1039,1.1039,0.0,0.000304,2.4037,0.8358,2.4037,2.4037,0.0,0.005011,1.035,0.2442,1.035,1.035,0.0,-0.001354,1.2575,0.1223,1.2575,1.2575,0.0,-0.001057
pair_0867_nb,False Positive,1600,3.163,0.9053,3.163,3.163,0.0,0.034019,2.1597,0.3357,2.1597,2.1597,0.0,-0.008376,2.6053,0.5666,2.6053,2.6053,0.0,-0.000985,1.8796,0.3011,1.8796,1.8796,0.0,-0.001501,2.0134,0.2419,2.0134,2.0134,0.0,-0.006313
pair_1860_nb,False Positive,1600,2.8183,0.4366,2.8183,2.8183,0.0,0.001844,1.0459,0.3358,1.0459,1.0459,0.0,0.001276,2.5294,1.273,2.5294,2.5294,0.0,0.00591,1.396,0.2774,1.396,1.396,0.0,0.000847,1.4096,0.1489,1.4096,1.4096,0.0,0.001399
pair_1965_nb,False Positive,1600,4.0036,0.5708,4.0036,4.0036,0.0,0.006239,1.6753,0.3516,1.6753,1.6753,0.0,0.009533,1.9841,0.4693,1.9841,1.9841,0.0,0.000395,1.5287,0.2689,1.5287,1.5287,0.0,-0.004458,1.7962,0.1638,1.7962,1.7962,0.0,0.004079
pair_0341_nb,False Positive,1600,1.239,0.3637,1.239,1.239,0.0,0.002374,3.2051,0.5137,3.2051,3.2051,0.0,0.000965,2.3831,0.4941,2.3831,2.3831,0.0,0.002665,1.0855,0.2972,1.0855,1.0855,0.0,-0.005466,1.6985,0.1583,1.6985,1.6985,0.0,0.002154
pair_0450_nb,False Positive,1600,2.5921,0.6071,2.5921,2.5921,0.0,0.010659,2.2169,0.3239,2.2169,2.2169,0.0,0.006516,2.7608,1.1407,2.7608,2.7608,0.0,0.046061,1.5642,0.5383,1.5642,1.5642,0.0,0.020291,1.7958,0.2167,1.7958,1.7958,0.0,0.007124
pair_0549_nb,False Positive,1600,1.7368,0.4901,1.7368,1.7368,0.0,0.011937,1.9521,0.4951,1.9521,1.9521,0.0,0.017125,1.6708,0.5203,1.6708,1.6708,0.0,-0.006981,1.4584,0.2356,1.4584,1.4584,0.0,-0.003872,1.8015,0.2332,1.8015,1.8015,0.0,0.004115
pair_0567_nb,False Positive,1600,2.1008,0.7766,2.1008,2.1008,0.0,0.02401,1.6022,0.4683,1.6022,1.6022,0.0,-0.011886,2.8793,0.9661,2.8793,2.8793,0.0,-0.011833,1.5526,0.3337,1.5526,1.5526,0.0,0.002824,1.6259,0.197,1.6259,1.6259,0.0,0.003609
pair_0584_nb,False Positive,1600,2.7922,0.5118,2.7922,2.7922,0.0,-0.002466,2.1751,0.5202,2.1751,2.1751,0.0,-0.000751,3.5202,1.067,3.5202,3.5202,0.0,0.028898,1.9075,0.5224,1.9075,1.9075,0.0,0.021746,1.5531,0.1381,1.5531,1.5531,0.0,0.0
pair_0602_nb,False Positive,1600,2.3751,0.4131,2.3751,2.3751,0.0,0.001182,2.7635,0.4128,2.7635,2.7635,0.0,0.003745,2.3662,0.481,2.3662,2.3662,0.0,0.000245,1.2199,0.2458,1.2199,1.2199,0.0,0.004595,1.6677,0.1445,1.6677,1.6677,0.0,0.003641
pair_0684_nb,False Positive,1600,1.5998,0.3025,1.5998,1.5998,0.0,-0.003233,1.7584,0.3332,1.7584,1.7584,0.0,-0.007337,2.3878,0.8302,2.3878,2.3878,0.0,-0.000664,1.7339,0.3748,1.7339,1.7339,0.0,0.007787,1.7669,0.1462,1.7669,1.7669,0.0,-0.001919
pair_0736_nb,False Positive,1600,1.2035,0.3273,1.2035,1.2035,0.0,-0.005723,1.7189,0.3765,1.7189,1.7189,0.0,0.003774,2.9306,0.9552,2.9306,2.9306,0.0,-0.007168,1.5238,0.334,1.5238,1.5238,0.0,-0.000262,1.4031,0.1577,1.4031,1.4031,0.0,-0.000192
pair_0748_nb,False Positive,1600,2.5747,0.582,2.5747,2.5747,0.0,0.019614,3.4888,0.6086,3.4888,3.4888,0.0,0.009588,3.1258,1.0483,3.1258,3.1258,0.0,0.010307,1.0779,0.2055,1.0779,1.0779,0.0,0.000354,1.6496,0.1741,1.6496,1.6496,0.0,0.002705
pair_0765_nb,False Positive,1600,2.4958,0.2511,2.4958,2.4958,0.0,-0.004431,1.5922,0.3037,1.5922,1.5922,0.0,0.006418,1.8366,0.4551,1.8366,1.8366,0.0,-0.000122,1.6054,0.3341,1.6054,1.6054,0.0,0.001735,1.3974,0.1221,1.3974,1.3974,0.0,-0.002611
pair_0776_nb,False Positive,1600,2.5323,0.5594,2.5323,2.5323,0.0,-0.018307,2.2809,0.5975,2.2809,2.2809,0.0,0.023752,2.1394,0.5163,2.1394,2.1394,0.0,-8.4e-05,1.5442,0.2608,1.5442,1.5442,0.0,-0.00079,1.5561,0.1248,1.5561,1.5561,0.0,0.001954
pair_0782_nb,False Positive,1600,1.5981,0.5228,1.5981,1.5981,0.0,-0.007603,3.391,0.4782,3.391,3.391,0.0,0.012901,2.2499,0.6574,2.2499,2.2499,0.0,-0.002541,1.2158,0.2882,1.2158,1.2158,0.0,-0.000285,1.4606,0.1362,1.4606,1.4606,0.0,-0.001226
pair_0811_nb,False Positive,1600,1.7317,0.463,1.7317,1.7317,0.0,0.001138,2.3753,0.6912,2.3753,2.3753,0.0,0.010651,2.3476,0.9689,2.3476,2.3476,0.0,0.018288,1.118,0.263,1.118,1.118,0.0,0.002765,2.1317,0.2089,2.1317,2.1317,0.0,0.006707
pair_0868_nb,False Positive,1600,1.3693,0.3881,1.3693,1.3693,0.0,0.011071,1.4109,0.208,1.4109,1.4109,0.0,0.000965,3.72,0.6768,3.72,3.72,0.0,-0.007532,3.0993,0.4685,3.0993,3.0993,0.0,-0.007393,1.7923,0.2461,1.7923,1.7923,0.0,0.009594
pair_0876_nb,False Positive,1600,1.6378,0.5908,1.6378,1.6378,0.0,0.025168,2.5407,0.9592,2.5407,2.5407,0.0,0.047722,2.0605,0.4695,2.0605,2.0605,0.0,0.008681,0.9454,0.2933,0.9454,0.9454,0.0,-0.005142,1.7255,0.2354,1.7255,1.7255,0.0,0.009355
pair_0878_nb,False Positive,1600,2.7567,0.6671,2.7567,2.7567,0.0,-0.005041,1.6701,0.3729,1.6701,1.6701,0.0,-0.001116,1.9761,0.4713,1.9761,1.9761,0.0,-0.001556,1.988,0.3989,1.988,1.988,0.0,0.00219,1.4569,0.1266,1.4569,1.4569,0.0,-0.001226
pair_0883_nb,False Positive,1600,1.7462,0.3682,1.7462,1.7462,0.0,-3.1e-05,1.9748,0.364,1.9748,1.9748,0.0,-0.004388,2.7171,0.6363,2.7171,2.7171,0.0,0.015969,2.1595,0.4735,2.1595,2.1595,0.0,0.012459,1.5132,0.1571,1.5132,1.5132,0.0,0.000491
pair_0891_nb,False Positive,1600,4.992,0.4986,4.992,4.992,0.0,-0.01604,2.1458,0.314,2.1458,2.1458,0.0,0.005864,2.5828,0.6351,2.5828,2.5828,0.0,0.010735,1.4886,0.4088,1.4886,1.4886,0.0,0.015383,1.7761,0.1522,1.7761,1.7761,0.0,0.004658
pair_0908_nb,False Positive,1600,2.4961,0.3325,2.4961,2.4961,0.0,-0.005275,3.7675,0.4372,3.7675,3.7675,0.0,-0.01582,2.4338,0.8483,2.4338,2.4338,0.0,-0.023312,1.0281,0.2568,1.0281,1.0281,0.0,-0.007113,1.515,0.1472,1.515,1.515,0.0,-0.004788
pair_0932_nb,False Positive,1600,2.0523,0.5614,2.0523,2.0523,0.0,-0.007192,2.7782,0.5736,2.7782,2.7782,0.0,-0.015868,2.6166,1.0117,2.6166,2.6166,0.0,0.015358,1.7897,0.6953,1.7897,1.7897,0.0,0.022972,1.745,0.1626,1.745,1.745,0.0,-0.000258
pair_0940_nb,False Positive,1600,2.0587,0.584,2.0587,2.0587,0.0,0.002017,2.8913,0.3851,2.8913,2.8913,0.0,0.009597,2.4707,0.7673,2.4707,2.4707,0.0,-0.003484,1.8609,0.3957,1.8609,1.8609,0.0,-0.004251,1.7198,0.1049,1.7198,1.7198,0.0,0.000949
pair_0974_nb,False Positive,1600,3.9138,0.6314,3.9138,3.9138,0.0,-0.012423,4.3805,0.6144,4.3805,4.3805,0.0,-0.007858,1.6913,0.5612,1.6913,1.6913,0.0,0.007287,1.8675,0.2648,1.8675,1.8675,0.0,-9.5e-05,1.9501,0.1522,1.9501,1.9501,0.0,0.000711
pair_0977_nb,False Positive,1600,2.9623,0.8992,2.9623,2.9623,0.0,-0.013579,2.8364,1.2311,2.8364,2.8364,0.0,0.05779,2.681,0.7189,2.681,2.681,0.0,0.002219,1.9017,0.5124,1.9017,1.9017,0.0,-0.005255,2.2015,0.1652,2.2015,2.2015,0.0,0.002464
pair_1011_nb,False Positive,1600,1.1853,0.3645,1.1853,1.1853,0.0,0.004031,1.3489,0.2802,1.3489,1.3489,0.0,-0.003885,1.9182,0.5578,1.9182,1.9182,0.0,0.0116,1.5531,0.3182,1.5531,1.5531,0.0,0.000119,1.2328,0.1245,1.2328,1.2328,0.0,0.002333
pair_1023_nb,False Positive,1600,1.4699,0.5326,1.4699,1.4699,0.0,0.010185,4.2134,1.2173,4.2134,4.2134,0.0,0.039708,2.9919,1.2765,2.9919,2.9919,0.0,0.034111,1.6201,0.3935,1.6201,1.6201,0.0,0.001033,1.7208,0.2213,1.7208,1.7208,0.0,0.005898
pair_1102_nb,False Positive,1600,2.5542,0.5459,2.5542,2.5542,0.0,0.004998,3.182,0.9746,3.182,3.182,0.0,0.046909,2.511,0.3999,2.511,2.511,0.0,0.011607,1.5803,0.3079,1.5803,1.5803,0.0,-0.002051,1.7282,0.1503,1.7282,1.7282,0.0,0.003977
pair_1313_nb,False Positive,1600,2.2135,0.8106,2.2135,2.2135,0.0,-0.035262,1.5013,0.3785,1.5013,1.5013,0.0,0.001478,2.1489,0.7241,2.1489,2.1489,0.0,-0.000325,1.3883,0.3511,1.3883,1.3883,0.0,0.003086,1.7672,0.1733,1.7672,1.7672,0.0,0.002342
pair_1397_nb,False Positive,1600,1.6043,0.4504,1.6043,1.6043,0.0,-0.001986,2.4852,0.7492,2.4852,2.4852,0.0,-0.032241,1.9955,0.5874,1.9955,1.9955,0.0,-0.004665,0.9747,0.2896,0.9747,0.9747,0.0,-0.00051,1.5926,0.1306,1.5926,1.5926,0.0,0.001582
pair_1654_nb,False Positive,1600,1.0859,0.3437,1.0859,1.0859,0.0,-0.003058,1.9537,0.472,1.9537,1.9537,0.0,-0.007434,2.1142,0.6503,2.1142,2.1142,0.0,-0.001294,1.2401,0.3532,1.2401,1.2401,0.0,-0.004491,1.3938,0.1842,1.3938,1.3938,0.0,-0.001431
pair_1656_nb,False Positive,1600,1.7324,0.4544,1.7324,1.7324,0.0,0.005791,1.4033,0.2549,1.4033,1.4033,0.0,0.004841,1.8761,0.5983,1.8761,1.8761,0.0,-0.016658,1.0735,0.2853,1.0735,1.0735,0.0,0.002717,1.7265,0.1868,1.7265,1.7265,0.0,0.002999
pair_1658_nb,False Positive,1600,1.6807,0.5915,1.6807,1.6807,0.0,0.014719,1.8162,0.5234,1.8162,1.8162,0.0,0.01775,2.1427,0.8678,2.1427,2.1427,0.0,0.011499,1.0893,0.2775,1.0893,1.0893,0.0,0.000281,1.2801,0.1402,1.2801,1.2801,0.0,0.003392
pair_1671_nb,False Positive,1600,2.1617,0.7558,2.1617,2.1617,0.0,-0.024249,1.4396,0.324,1.4396,1.4396,0.0,0.00638,3.0822,1.0246,3.0822,3.0822,0.0,-0.013991,1.8241,0.413,1.8241,1.8241,0.0,-0.008238,1.5901,0.1554,1.5901,1.5901,0.0,-0.001148
pair_1679_nb,False Positive,1600,2.3162,0.9698,2.3162,2.3162,0.0,0.038262,3.4967,0.8272,3.4967,3.4967,0.0,-0.021661,3.4272,0.9916,3.4272,3.4272,0.0,-0.032201,1.3489,0.3298,1.3489,1.3489,0.0,-0.004575,2.0623,0.172,2.0623,2.0623,0.0,0.006559
pair_1709_nb,False Positive,1600,1.3632,0.4493,1.3632,1.3632,0.0,0.002127,2.0853,0.5461,2.0853,2.0853,0.0,0.01266,1.9063,0.463,1.9063,1.9063,0.0,-0.006332,1.8436,0.3691,1.8436,1.8436,0.0,-0.011282,1.6036,0.1424,1.6036,1.6036,0.0,-5.1e-05
pair_1710_nb,False Positive,1600,2.1019,0.6354,2.1019,2.1019,0.0,-0.001355,1.5286,0.5762,1.5286,1.5286,0.0,-0.020219,1.8298,0.6338,1.8298,1.8298,0.0,-0.007959,1.2044,0.4022,1.2044,1.2044,0.0,0.012419,1.7164,0.2124,1.7164,1.7164,0.0,0.008844
pair_1737_nb,False Positive,1600,1.4084,0.2647,1.4084,1.4084,0.0,0.002691,1.337,0.3662,1.337,1.337,0.0,0.000732,2.7582,1.2129,2.7582,2.7582,0.0,0.02924,1.1448,0.2941,1.1448,1.1448,0.0,0.004841,1.5371,0.1399,1.5371,1.5371,0.0,-0.000141
pair_1758_nb,False Positive,1600,2.6705,0.9307,2.6705,2.6705,0.0,0.007301,1.6673,0.3805,1.6673,1.6673,0.0,-0.010759,2.7625,1.0882,2.7625,2.7625,0.0,-0.014339,1.8942,0.61,1.8942,1.8942,0.0,-0.020173,1.4724,0.2027,1.4724,1.4724,0.0,-0.000752
pair_1784_nb,False Positive,1600,2.1607,0.4629,2.1607,2.1607,0.0,-0.00695,1.6106,0.2864,1.6106,1.6106,0.0,-0.001056,1.5708,0.4418,1.5708,1.5708,0.0,0.007851,1.7807,0.2252,1.7807,1.7807,0.0,0.00056,1.6886,0.1821,1.6886,1.6886,0.0,-0.005799
pair_1785_nb,False Positive,1600,1.2807,0.4931,1.2807,1.2807,0.0,0.003033,1.5399,0.3578,1.5399,1.5399,0.0,0.00699,1.8608,0.925,1.8608,1.8608,0.0,0.039933,1.1037,0.2347,1.1037,1.1037,0.0,0.001504,1.745,0.2258,1.745,1.745,0.0,0.009666
pair_1792_nb,False Positive,1600,2.1962,0.8123,2.1962,2.1962,0.0,0.0298,3.2805,0.7901,3.2805,3.2805,0.0,-0.014847,3.3877,0.9325,3.3877,3.3877,0.0,-0.008763,1.5421,0.3898,1.5421,1.5421,0.0,0.009038,1.9162,0.1845,1.9162,1.9162,0.0,-0.002313
pair_1835_nb,False Positive,1600,1.4884,0.3451,1.4884,1.4884,0.0,-0.001986,4.319,0.4175,4.319,4.319,0.0,-0.001199,4.8893,0.7058,4.8893,4.8893,0.0,0.0007,2.1555,0.2682,2.1555,2.1555,0.0,0.001984,2.2245,0.121,2.2245,2.2245,0.0,0.000398
pair_1847_nb,False Positive,1600,2.8723,0.525,2.8723,2.8723,0.0,-0.009289,1.8711,0.626,1.8711,1.8711,0.0,0.027718,2.1215,0.6774,2.1215,2.1215,0.0,0.016031,1.6396,0.1936,1.6396,1.6396,0.0,-4.1e-05,1.8052,0.176,1.8052,1.8052,0.0,0.005603
pair_1914_nb,False Positive,1600,2.1495,0.5089,2.1495,2.1495,0.0,0.012463,1.5088,0.2874,1.5088,1.5088,0.0,0.001704,2.3154,1.0051,2.3154,2.3154,0.0,0.02177,1.4657,0.2527,1.4657,1.4657,0.0,0.003585,1.635,0.2103,1.635,1.635,0.0,0.00879
pair_1922_nb,False Positive,1600,2.0917,0.4404,2.0917,2.0917,0.0,-0.004362,2.6083,0.3357,2.6083,2.6083,0.0,0.000843,2.8252,1.0068,2.8252,2.8252,0.0,0.012638,1.4168,0.2097,1.4168,1.4168,0.0,-0.001362,1.9255,0.1903,1.9255,1.9255,0.0,0.002131
pair_1938_nb,False Positive,1600,2.4044,0.3882,2.4044,2.4044,0.0,0.00571,1.674,0.325,1.674,1.674,0.0,-0.006345,1.9972,0.538,1.9972,1.9972,0.0,-0.008487,1.3883,0.304,1.3883,1.3883,0.0,-0.002612,1.5732,0.1919,1.5732,1.5732,0.0,0.004761
pair_1961_nb,False Positive,1600,1.6868,0.4959,1.6868,1.6868,0.0,0.001575,2.1011,0.6733,2.1011,2.1011,0.0,-0.007602,2.0855,0.7669,2.0855,2.0855,0.0,0.017201,1.1111,0.2481,1.1111,1.1111,0.0,0.004476,1.89,0.1944,1.89,1.89,0.0,0.00606
pair_0008_low_pkt,Low Confidence,1600,2.1077,0.6261,2.1077,2.1077,0.0,-0.023312,2.6661,0.4225,2.6661,2.6661,0.0,-0.00375,2.2266,0.5936,2.2266,2.2266,0.0,0.012404,1.6926,0.3298,1.6926,1.6926,0.0,0.004455,1.5659,0.1229,1.5659,1.5659,0.0,-0.002064
pair_0393_low_pkt,Low Confidence,1600,2.0713,0.4926,2.0713,2.0713,0.0,0.008056,2.269,0.5473,2.269,2.269,0.0,0.022963,6.5483,0.3112,6.5483,6.5483,0.0,0.002088,2.5891,0.2928,2.5891,2.5891,0.0,0.000939,2.1657,0.1319,2.1657,2.1657,0.0,0.001793
pair_0482_low_pkt,Low Confidence,1600,1.8442,0.6302,1.8442,1.8442,0.0,0.023591,3.9408,0.9413,3.9408,3.9408,0.0,0.003303,2.7001,0.5666,2.7001,2.7001,0.0,0.004958,1.3119,0.3105,1.3119,1.3119,0.0,0.00919,1.9369,0.2286,1.9369,1.9369,0.0,0.009226
pair_0482_nb,False Positive,1600,4.3047,1.0492,4.3047,4.3047,0.0,-0.018556,3.2431,0.5458,3.2431,3.2431,0.0,0.002729,3.1687,0.94,3.1687,3.1687,0.0,0.02991,1.7453,0.3235,1.7453,1.7453,0.0,0.008623,2.2424,0.1891,2.2424,2.2424,0.0,-0.002446
pair_1331_low_pkt,Low Confidence,1600,1.3128,0.4553,1.3128,1.3128,0.0,-0.007769,4.3918,0.4274,4.3918,4.3918,0.0,-0.011339,3.2447,0.9089,3.2447,3.2447,0.0,0.022902,2.4275,0.6425,2.4275,2.4275,0.0,0.019624,2.1948,0.2306,2.1948,2.1948,0.0,0.008901
pair_1931_low_pkt,Low Confidence,1600,2.5789,0.6531,2.5789,2.5789,0.0,-0.024171,5.2363,0.4748,5.2363,5.2363,0.0,-0.005528,2.1342,0.6182,2.1342,2.1342,0.0,0.017547,1.9124,0.3717,1.9124,1.9124,0.0,0.010341,1.9557,0.1905,1.9557,1.9557,0.0,-0.003983
pair_0065_low_pkt,Low Confidence,1600,1.314,0.4053,1.314,1.314,0.0,-0.001088,1.673,0.4101,1.673,1.673,0.0,-0.011293,3.3142,1.0132,3.3142,3.3142,0.0,-0.005055,2.2214,0.3412,2.2214,2.2214,0.0,-0.008588,2.1635,0.2291,2.1635,2.1635,0.0,-0.005305
pair_0947_low_pkt,Low Confidence,1600,1.6619,0.5391,1.6619,1.6619,0.0,-0.01158,2.0368,0.5917,2.0368,2.0368,0.0,-0.012965,2.4784,0.817,2.4784,2.4784,0.0,-0.02188,1.1755,0.3629,1.1755,1.1755,0.0,-0.007682,1.5487,0.1832,1.5487,1.5487,0.0,-0.00651
pair_0948_low_pkt,Low Confidence,1600,1.5106,0.5399,1.5106,1.5106,0.0,0.018199,2.6091,0.3978,2.6091,2.6091,0.0,-0.008696,2.8356,0.5337,2.8356,2.8356,0.0,0.003149,1.3792,0.2199,1.3792,1.3792,0.0,0.002584,1.654,0.3125,1.654,1.654,0.0,0.015903
pair_1413_low_pkt,Low Confidence,1600,2.3752,0.815,2.3752,2.3752,0.0,-0.031746,3.3872,0.949,3.3872,3.3872,0.0,0.041363,2.5172,0.9405,2.5172,2.5172,0.0,0.025868,1.7587,0.3935,1.7587,1.7587,0.0,0.000447,1.7081,0.1921,1.7081,1.7081,0.0,0.002452
pair_0715_fail_gate,Fail Geometry,1600,2.4707,0.7341,2.4707,2.4707,0.0,0.004957,2.5019,0.6565,2.5019,2.5019,0.0,-0.007302,1.8766,0.5009,1.8766,1.8766,0.0,-0.000353,1.0716,0.3095,1.0716,1.0716,0.0,-0.012091,1.5476,0.1454,1.5476,1.5476,0.0,0.003573
pair_1094_fail_gate,Fail Geometry,1600,1.6933,0.6349,1.6933,1.6933,0.0,0.026895,1.551,0.352,1.551,1.551,0.0,0.005028,2.7948,1.1683,2.7948,2.7948,0.0,-0.00014,2.1656,0.2221,2.1656,2.1656,0.0,-0.001686,1.4905,0.1595,1.4905,1.4905,0.0,0.000492
pair_1682_fail_gate,Fail Geometry,1600,1.6247,0.5569,1.6247,1.6247,0.0,0.003406,1.7847,0.5232,1.7847,1.7847,0.0,0.024097,2.9742,1.2212,2.9742,2.9742,0.0,0.024663,1.3014,0.2935,1.3014,1.3014,0.0,-0.006302,1.3345,0.1804,1.3345,1.3345,0.0,0.003633
pair_1739_fail_gate,Fail Geometry,1600,3.4186,0.7676,3.4186,3.4186,0.0,-0.004701,2.1204,0.3944,2.1204,2.1204,0.0,-0.004939,2.7466,1.3984,2.7466,2.7466,0.0,0.028638,1.2713,0.3712,1.2713,1.2713,0.0,0.010202,2.4554,0.2588,2.4554,2.4554,0.0,0.005956
pair_1941_fail_gate,Fail Geometry,1600,2.6062,0.4666,2.6062,2.6062,0.0,0.004809,1.1152,0.2827,1.1152,1.1152,0.0,-0.003275,1.8418,0.8523,1.8418,1.8418,0.0,-0.01577,1.0716,0.215,1.0716,1.0716,0.0,-0.006012,1.9247,0.1826,1.9247,1.9247,0.0,0.007657
pair_0014_fail_gate,Fail Geometry,1600,2.4826,0.4287,2.4826,2.4826,0.0,-0.004553,1.7972,0.3491,1.7972,1.7972,0.0,-0.004543,4.3663,1.2772,4.3663,4.3663,0.0,-0.031466,2.2907,0.3307,2.2907,2.2907,0.0,5.3e-05,2.2853,0.2423,2.2853,2.2853,0.0,-0.006258
pair_0263_fail_gate,Fail Geometry,1600,2.0308,0.4707,2.0308,2.0308,0.0,-0.001918,2.3823,0.7745,2.3823,2.3823,0.0,0.039342,2.1071,0.9003,2.1071,2.1071,0.0,-0.027571,1.6063,0.2521,1.6063,1.6063,0.0,-0.002769,1.663,0.1511,1.663,1.663,0.0,0.003832
pair_0540_fail_gate,Fail Geometry,1600,1.9703,0.4776,1.9703,1.9703,0.0,-0.003943,1.5674,0.3616,1.5674,1.5674,0.0,0.003889,2.0807,0.6597,2.0807,2.0807,0.0,-0.004351,1.9706,0.3019,1.9706,1.9706,0.0,0.002153,1.5414,0.1461,1.5414,1.5414,0.0,-0.004838
pair_0997_fail_gate,Fail Geometry,1600,1.8615,0.5513,1.8615,1.8615,0.0,-0.005461,1.2118,0.2792,1.2118,1.2118,0.0,0.001025,2.1095,0.8167,2.1095,2.1095,0.0,0.000245,1.2248,0.3382,1.2248,1.2248,0.0,-0.00164,1.5714,0.2102,1.5714,1.5714,0.0,-0.003245
pair_1745_fail_gate,Fail Geometry,1600,1.3135,0.2322,1.3135,1.3135,0.0,0.001623,1.1963,0.3342,1.1963,1.1963,0.0,0.002749,1.7867,0.4401,1.7867,1.7867,0.0,-0.003626,1.7997,0.2261,1.7997,1.7997,0.0,0.004787,1.6801,0.1066,1.6801,1.6801,0.0,0.001793
bind_019_binder,Binder,1600,1.6613,0.4797,1.6613,1.6613,0.0,-0.00828,1.9433,0.7829,1.9433,1.9433,0.0,0.029211,3.1298,0.6815,3.1298,3.1298,0.0,-0.004646,1.647,0.3325,1.647,1.647,0.0,-0.000354,1.7788,0.2118,1.7788,1.7788,0.0,0.005738
bind_020_binder,Binder,1600,1.8682,0.6915,1.8682,1.8682,0.0,-0.025939,2.3597,0.7988,2.3597,2.3597,0.0,0.015932,4.9805,1.775,4.9805,4.9805,0.0,0.007043,2.0978,0.6379,2.0978,2.0978,0.0,-0.002024,1.9951,0.2498,1.9951,1.9951,0.0,0.007535
bind_022_binder,Binder,1600,1.6922,0.509,1.6922,1.6922,0.0,0.001107,2.5463,0.5388,2.5463,2.5463,0.0,-0.013474,3.8609,0.8117,3.8609,3.8609,0.0,-0.004208,1.9431,0.3461,1.9431,1.9431,0.0,-0.001973,1.5756,0.1696,1.5756,1.5756,0.0,-0.001862
bind_034_binder,Binder,1600,1.399,0.3658,1.399,1.399,0.0,-0.006387,2.1623,0.8589,2.1623,2.1623,0.0,0.0052,2.1975,0.6299,2.1975,2.1975,0.0,-0.012787,1.7099,0.2877,1.7099,1.7099,0.0,-0.001351,1.3462,0.1217,1.3462,1.3462,0.0,-0.001965
bind_041_binder,Binder,1600,2.7132,0.8842,2.7132,2.7132,0.0,0.001523,2.9217,0.9942,2.9217,2.9217,0.0,-0.03171,2.6244,0.975,2.6244,2.6244,0.0,0.016582,1.9644,0.4793,1.9644,1.9644,0.0,0.001151,2.2594,0.1757,2.2594,2.2594,0.0,-0.002334
bind_043_binder,Binder,1600,1.0081,0.3608,1.0081,1.0081,0.0,0.006872,1.2025,0.2104,1.2025,1.2025,0.0,0.003171,1.6118,0.3689,1.6118,1.6118,0.0,0.006642,1.3094,0.251,1.3094,1.3094,0.0,0.004423,1.2192,0.1173,1.2192,1.2192,0.0,0.000593
bind_069_binder,Binder,1600,1.3081,0.3046,1.3081,1.3081,0.0,-3e-06,1.9047,0.4433,1.9047,1.9047,0.0,-0.003048,2.4674,0.8428,2.4674,2.4674,0.0,0.022439,2.4514,0.3027,2.4514,2.4514,0.0,0.007064,1.6455,0.152,1.6455,1.6455,0.0,0.003874
bind_076_binder,Binder,1600,4.1765,0.3634,4.1765,4.1765,0.0,0.006219,3.0512,1.053,3.0512,3.0512,0.0,0.051392,1.7321,0.5274,1.7321,1.7321,0.0,0.008936,1.0358,0.2762,1.0358,1.0358,0.0,-0.008434,1.6429,0.1616,1.6429,1.6429,0.0,0.005957
bind_080_binder,Binder,1600,1.4543,0.3204,1.4543,1.4543,0.0,-0.003179,1.5395,0.3805,1.5395,1.5395,0.0,-0.000202,3.8029,1.2067,3.8029,3.8029,0.0,-0.025595,2.2463,0.5946,2.2463,2.2463,0.0,-0.009092,1.5647,0.1837,1.5647,1.5647,0.0,0.000993
bind_083_binder,Binder,1600,1.7842,0.5505,1.7842,1.7842,0.0,0.004163,1.4588,0.291,1.4588,1.4588,0.0,0.003116,1.9847,0.6455,1.9847,1.9847,0.0,0.006249,1.4308,0.4294,1.4308,1.4308,0.0,0.015304,1.31,0.1655,1.31,1.31,0.0,-3.7e-05
bind_088_binder,Binder,1600,3.1292,0.4807,3.1292,3.1292,0.0,0.00105,3.0762,0.465,3.0762,3.0762,0.0,0.008118,2.4152,0.4062,2.4152,2.4152,0.0,-0.003307,1.8983,0.352,1.8983,1.8983,0.0,-0.006955,2.1622,0.1595,2.1622,2.1622,0.0,0.002518
bind_099_binder,Binder,1600,2.2222,0.7533,2.2222,2.2222,0.0,0.021759,1.4024,0.3644,1.4024,1.4024,0.0,0.014494,2.2262,0.8821,2.2262,2.2262,0.0,0.016969,1.5726,0.5986,1.5726,1.5726,0.0,0.02675,1.5967,0.2505,1.5967,1.5967,0.0,0.010349
bind_100_binder,Binder,1600,2.4568,0.4661,2.4568,2.4568,0.0,0.000488,2.9014,0.5021,2.9014,2.9014,0.0,0.005823,1.9754,1.1302,1.9754,1.9754,0.0,0.038605,1.5363,0.4556,1.5363,1.5363,0.0,0.007359,1.616,0.1343,1.616,1.616,0.0,-0.00019
bind_101_binder,Binder,1600,2.0087,0.492,2.0087,2.0087,0.0,-0.002296,1.8754,0.3233,1.8754,1.8754,0.0,-0.008087,2.3179,0.6316,2.3179,2.3179,0.0,-0.008465,1.0417,0.1826,1.0417,1.0417,0.0,0.000543,1.2912,0.1253,1.2912,1.2912,0.0,-0.00104
bind_102_binder,Binder,1600,5.342,1.4947,5.342,5.342,0.0,0.046809,2.8007,0.7609,2.8007,2.8007,0.0,0.032011,2.7785,0.8795,2.7785,2.7785,0.0,-0.010293,2.1145,0.3051,2.1145,2.1145,0.0,-0.00169,2.1431,0.2391,2.1431,2.1431,0.0,0.002988
bind_110_binder,Binder,1600,2.4178,0.6437,2.4178,2.4178,0.0,-0.013564,1.7111,0.3572,1.7111,1.7111,0.0,0.004958,1.6926,0.6887,1.6926,1.6926,0.0,0.003118,1.2068,0.319,1.2068,1.2068,0.0,-0.00476,1.5477,0.1772,1.5477,1.5477,0.0,0.003737
pair_3061_binder,Binder,1600,1.7669,0.3725,1.7669,1.7669,0.0,0.010956,2.097,0.3248,2.097,2.097,0.0,-0.000675,1.5452,0.4132,1.5452,1.5452,0.0,-0.001203,1.0505,0.2126,1.0505,1.0505,0.0,-0.001109,1.4254,0.0813,1.4254,1.4254,0.0,6.2e-05
nonb_006_nb,False Positive,1600,1.6711,0.5855,1.6711,1.6711,0.0,0.010123,1.4611,0.4054,1.4611,1.4611,0.0,-0.000478,2.7115,0.7422,2.7115,2.7115,0.0,-0.004588,2.0193,0.4662,2.0193,2.0193,0.0,-0.017746,1.9208,0.324,1.9208,1.9208,0.0,-0.010886
nonb_008_nb,False Positive,1600,1.4395,0.4294,1.4395,1.4395,0.0,0.007128,1.0398,0.2526,1.0398,1.0398,0.0,-0.001278,1.3995,0.4345,1.3995,1.3995,0.0,0.005269,0.9244,0.3537,0.9244,0.9244,0.0,0.01354,1.267,0.1367,1.267,1.267,0.0,0.003422
nonb_009_nb,False Positive,1600,2.8895,1.0084,2.8895,2.8895,0.0,0.047894,2.2441,0.5752,2.2441,2.2441,0.0,0.02104,2.5493,0.6461,2.5493,2.5493,0.0,0.001845,1.8546,0.3393,1.8546,1.8546,0.0,0.00692,1.7982,0.1914,1.7982,1.7982,0.0,0.005106
nonb_010_nb,False Positive,1600,1.711,0.4247,1.711,1.711,0.0,-0.000247,2.3181,0.4373,2.3181,2.3181,0.0,0.015803,2.4562,0.3739,2.4562,2.4562,0.0,0.005352,1.9717,0.3698,1.9717,1.9717,0.0,0.014966,1.6447,0.2982,1.6447,1.6447,0.0,0.013438
nonb_011_nb,False Positive,1600,2.5204,0.7492,2.5204,2.5204,0.0,-0.024834,1.624,0.7143,1.624,1.624,0.0,0.02822,1.8094,0.9092,1.8094,1.8094,0.0,-0.001259,1.6163,0.513,1.6163,1.6163,0.0,0.01885,1.4016,0.1537,1.4016,1.4016,0.0,-9.6e-05
nonb_013_nb,False Positive,1600,3.0809,0.4516,3.0809,3.0809,0.0,-0.010334,3.7734,0.3302,3.7734,3.7734,0.0,-0.000532,2.6677,0.6655,2.6677,2.6677,0.0,-0.001662,1.7444,0.2844,1.7444,1.7444,0.0,0.006761,2.0175,0.1129,2.0175,2.0175,0.0,-0.000696
nonb_014_nb,False Positive,1600,2.9455,0.7865,2.9455,2.9455,0.0,0.027429,1.9804,0.3041,1.9804,1.9804,0.0,-0.006395,2.5603,0.8019,2.5603,2.5603,0.0,-0.012519,1.3631,0.2591,1.3631,1.3631,0.0,-0.002388,1.5902,0.1748,1.5902,1.5902,0.0,-0.000192
nonb_017_nb,False Positive,1600,1.3504,0.4104,1.3504,1.3504,0.0,6.1e-05,2.2304,0.3174,2.2304,2.2304,0.0,0.003156,2.9747,0.9437,2.9747,2.9747,0.0,-0.007862,1.8788,0.3659,1.8788,1.8788,0.0,-0.001833,1.497,0.1193,1.497,1.497,0.0,-0.001867
nonb_018_nb,False Positive,1600,1.7816,0.5793,1.7816,1.7816,0.0,0.004459,1.7755,0.4884,1.7755,1.7755,0.0,-0.012773,2.9092,0.8538,2.9092,2.9092,0.0,-0.015671,1.2514,0.2524,1.2514,1.2514,0.0,0.001247,1.5849,0.1361,1.5849,1.5849,0.0,0.001127
nonb_019_nb,False Positive,1600,3.1441,0.5247,3.1441,3.1441,0.0,-0.004908,2.9606,0.5231,2.9606,2.9606,0.0,-0.002459,2.0378,0.4158,2.0378,2.0378,0.0,-0.005936,1.5434,0.255,1.5434,1.5434,0.0,-0.002395,1.7764,0.1352,1.7764,1.7764,0.0,0.001387
nonb_021_nb,False Positive,1600,2.3517,1.0244,2.3517,2.3517,0.0,-0.037546,2.0176,0.628,2.0176,2.0176,0.0,-0.004496,2.8691,1.0064,2.8691,2.8691,0.0,0.012271,1.5366,0.4074,1.5366,1.5366,0.0,-0.00859,1.5967,0.1503,1.5967,1.5967,0.0,0.001073
nonb_022_nb,False Positive,1600,1.6975,0.3903,1.6975,1.6975,0.0,-0.003469,0.9961,0.1743,0.9961,0.9961,0.0,-0.001817,3.7007,0.8349,3.7007,3.7007,0.0,-0.026072,1.9289,0.4045,1.9289,1.9289,0.0,-0.000516,1.4558,0.1466,1.4558,1.4558,0.0,-0.003635
nonb_023_nb,False Positive,1600,2.2203,0.8388,2.2203,2.2203,0.0,-0.012,2.1692,0.7027,2.1692,2.1692,0.0,0.027524,2.383,0.973,2.383,2.383,0.0,-0.000642,1.8439,0.3159,1.8439,1.8439,0.0,0.004747,1.6073,0.1616,1.6073,1.6073,0.0,-0.000591
nonb_024_nb,False Positive,1600,1.3644,0.3792,1.3644,1.3644,0.0,0.005744,2.9852,0.8849,2.9852,2.9852,0.0,0.03934,2.5426,0.7703,2.5426,2.5426,0.0,-0.00428,1.0749,0.2819,1.0749,1.0749,0.0,-0.00463,1.5707,0.1708,1.5707,1.5707,0.0,-0.000848
nonb_025_nb,False Positive,1600,6.0396,0.6962,6.0396,6.0396,0.0,0.017599,2.9964,0.4349,2.9964,2.9964,0.0,0.013859,3.0917,0.6891,3.0917,3.0917,0.0,-0.009339,2.2588,0.3779,2.2588,2.2588,0.0,-0.002276,2.6502,0.2277,2.6502,2.6502,0.0,0.008325
nonb_026_nb,False Positive,1600,2.6541,0.6703,2.6541,2.6541,0.0,0.012304,3.2013,0.6457,3.2013,3.2013,0.0,-0.005406,3.884,1.3041,3.884,3.884,0.0,-0.060731,1.4244,0.2915,1.4244,1.4244,0.0,0.007672,1.9032,0.1943,1.9032,1.9032,0.0,0.00682
nonb_029_nb,False Positive,1600,2.2406,0.5317,2.2406,2.2406,0.0,-0.007397,3.1596,0.5065,3.1596,3.1596,0.0,0.011937,2.1666,0.5245,2.1666,2.1666,0.0,-0.001525,1.8549,0.3748,1.8549,1.8549,0.0,-0.010017,1.7186,0.1315,1.7186,1.7186,0.0,0.00055
nonb_032_nb,False Positive,1600,3.2309,0.5282,3.2309,3.2309,0.0,-0.00404,1.7559,0.3263,1.7559,1.7559,0.0,-0.003215,1.6738,0.4576,1.6738,1.6738,0.0,-0.015328,1.9222,0.3948,1.9222,1.9222,0.0,-0.015353,1.7965,0.1423,1.7965,1.7965,0.0,-0.001144
nonb_046_nb,False Positive,1600,1.5141,0.4351,1.5141,1.5141,0.0,0.013017,1.257,0.3062,1.257,1.257,0.0,0.006,2.1267,0.8933,2.1267,2.1267,0.0,-0.010069,1.5806,0.2943,1.5806,1.5806,0.0,-5e-05,1.3878,0.2262,1.3878,1.3878,0.0,0.009688
nonb_047_nb,False Positive,1600,1.6125,0.4058,1.6125,1.6125,0.0,0.003047,1.1917,0.2511,1.1917,1.1917,0.0,0.000239,2.3913,0.8879,2.3913,2.3913,0.0,0.008259,1.4136,0.2606,1.4136,1.4136,0.0,0.002906,1.7026,0.1668,1.7026,1.7026,0.0,0.002208
nonb_048_nb,False Positive,1600,2.0653,0.6678,2.0653,2.0653,0.0,0.014337,2.4491,0.775,2.4491,2.4491,0.0,0.01489,2.8046,1.072,2.8046,2.8046,0.0,-0.01919,1.5648,0.2232,1.5648,1.5648,0.0,0.001894,1.9265,0.186,1.9265,1.9265,0.0,-2e-06
nonb_049_nb,False Positive,1600,1.3943,0.4046,1.3943,1.3943,0.0,-0.004127,1.668,0.3678,1.668,1.668,0.0,-0.007836,2.3856,0.6339,2.3856,2.3856,0.0,-0.00716,1.4258,0.3568,1.4258,1.4258,0.0,0.000703,1.7253,0.2252,1.7253,1.7253,0.0,-0.010737
nonb_050_nb,False Positive,1600,4.2578,0.526,4.2578,4.2578,0.0,-0.001144,1.7606,0.3393,1.7606,1.7606,0.0,0.007421,2.2659,0.4614,2.2659,2.2659,0.0,0.00137,1.5402,0.3598,1.5402,1.5402,0.0,-0.005133,1.9586,0.1263,1.9586,1.9586,0.0,0.001427
nonb_051_nb,False Positive,1600,1.2547,0.4812,1.2547,1.2547,0.0,-0.000957,2.0525,0.3716,2.0525,2.0525,0.0,-0.007497,2.1051,0.6242,2.1051,2.1051,0.0,-0.006364,1.593,0.3148,1.593,1.593,0.0,-0.002137,1.4297,0.1254,1.4297,1.4297,0.0,-0.00144
nonb_052_nb,False Positive,1600,1.5132,0.4641,1.5132,1.5132,0.0,0.008541,2.2009,0.4912,2.2009,2.2009,0.0,-0.012199,2.7997,0.8011,2.7997,2.7997,0.0,0.017758,1.4053,0.3618,1.4053,1.4053,0.0,0.000221,1.694,0.1628,1.694,1.694,0.0,0.003944
nonb_053_nb,False Positive,1600,1.4003,0.428,1.4003,1.4003,0.0,-0.00232,2.8061,0.411,2.8061,2.8061,0.0,-0.009037,1.9757,0.4863,1.9757,1.9757,0.0,-0.009938,1.1775,0.2611,1.1775,1.1775,0.0,-0.003481,1.5863,0.1838,1.5863,1.5863,0.0,0.001505
nonb_054_nb,False Positive,1600,3.5077,0.4279,3.5077,3.5077,0.0,0.007547,3.3875,0.3849,3.3875,3.3875,0.0,0.000409,3.0344,0.3717,3.0344,3.0344,0.0,0.001754,2.1163,0.2394,2.1163,2.1163,0.0,-0.000887,2.2112,0.1455,2.2112,2.2112,0.0,0.002668
nonb_056_nb,False Positive,1600,4.2821,0.7267,4.2821,4.2821,0.0,-0.00861,5.2001,0.8662,5.2001,5.2001,0.0,-0.000644,2.7599,0.653,2.7599,2.7599,0.0,-0.002371,1.3272,0.1672,1.3272,1.3272,0.0,0.000862,1.9386,0.1586,1.9386,1.9386,0.0,-0.003042
nonb_066_nb,False Positive,1600,2.3049,0.4611,2.3049,2.3049,0.0,0.008443,2.6514,0.5384,2.6514,2.6514,0.0,-0.001111,2.1575,1.1315,2.1575,2.1575,0.0,0.004761,1.2546,0.304,1.2546,1.2546,0.0,-0.008469,1.6215,0.1496,1.6215,1.6215,0.0,-0.002055
nonb_067_nb,False Positive,1600,1.4738,0.5178,1.4738,1.4738,0.0,0.019653,2.7587,0.6996,2.7587,2.7587,0.0,0.023504,2.4724,0.8937,2.4724,2.4724,0.0,-0.014651,1.3701,0.3796,1.3701,1.3701,0.0,0.016323,1.5258,0.1999,1.5258,1.5258,0.0,0.006672
nonb_068_nb,False Positive,1600,2.1033,0.8421,2.1033,2.1033,0.0,0.028252,1.5305,0.3852,1.5305,1.5305,0.0,0.011125,3.8302,0.7388,3.8302,3.8302,0.0,0.008563,2.1345,0.4433,2.1345,2.1345,0.0,-0.009386,1.8349,0.2701,1.8349,1.8349,0.0,0.011955
nonb_071_nb,False Positive,1600,1.3467,0.3769,1.3467,1.3467,0.0,-0.007334,2.2171,0.5452,2.2171,2.2171,0.0,0.015993,2.8318,0.8352,2.8318,2.8318,0.0,0.01454,1.7069,0.4116,1.7069,1.7069,0.0,0.015721,1.607,0.2093,1.607,1.607,0.0,0.008127
nonb_072_nb,False Positive,1600,2.957,0.4801,2.957,2.957,0.0,-0.001552,3.631,0.5712,3.631,3.631,0.0,-0.018567,2.8415,0.5124,2.8415,2.8415,0.0,-0.012178,1.3554,0.3105,1.3554,1.3554,0.0,-0.002414,1.6216,0.1667,1.6216,1.6216,0.0,-0.003917
nonb_073_nb,False Positive,1600,3.4354,0.5185,3.4354,3.4354,0.0,-0.007129,1.5886,0.4031,1.5886,1.5886,0.0,-0.016045,1.8088,0.5971,1.8088,1.8088,0.0,0.012615,1.1002,0.2192,1.1002,1.1002,0.0,0.000193,1.4934,0.1618,1.4934,1.4934,0.0,-0.005773
nonb_074_nb,False Positive,1600,3.1476,0.5462,3.1476,3.1476,0.0,0.015614,2.0028,0.3529,2.0028,2.0028,0.0,0.010103,2.9334,0.7959,2.9334,2.9334,0.0,0.018637,1.9068,0.4553,1.9068,1.9068,0.0,0.012605,2.2688,0.182,2.2688,2.2688,0.0,0.006529
nonb_075_nb,False Positive,1600,2.6814,0.5126,2.6814,2.6814,0.0,0.00575,1.7901,0.4119,1.7901,1.7901,0.0,-0.011836,1.7858,0.4893,1.7858,1.7858,0.0,-0.006222,1.644,0.2452,1.644,1.644,0.0,0.002126,1.3848,0.1223,1.3848,1.3848,0.0,0.00371
nonb_080_nb,False Positive,1600,2.7327,0.6144,2.7327,2.7327,0.0,0.007663,1.5404,0.31,1.5404,1.5404,0.0,0.005633,1.7403,0.6433,1.7403,1.7403,0.0,-0.01477,1.8728,0.4837,1.8728,1.8728,0.0,-0.00506,1.8293,0.1656,1.8293,1.8293,0.0,0.002311
nonb_081_nb,False Positive,1600,2.1359,0.4264,2.1359,2.1359,0.0,0.003671,1.6539,0.3125,1.6539,1.6539,0.0,0.007396,1.8405,0.6153,1.8405,1.8405,0.0,-0.019358,1.5885,0.3923,1.5885,1.5885,0.0,-0.015744,1.5027,0.1771,1.5027,1.5027,0.0,0.003426
nonb_082_nb,False Positive,1600,2.4688,0.6649,2.4688,2.4688,0.0,-0.020392,1.6298,0.2754,1.6298,1.6298,0.0,-0.001095,2.6805,0.86,2.6805,2.6805,0.0,0.000701,2.2905,0.3945,2.2905,2.2905,0.0,0.001636,1.8892,0.2847,1.8892,1.8892,0.0,0.012541
nonb_085_nb,False Positive,1600,1.5437,0.591,1.5437,1.5437,0.0,-0.003499,3.9264,0.8995,3.9264,3.9264,0.0,-0.035756,4.6814,1.0616,4.6814,4.6814,0.0,-0.019796,1.7336,0.284,1.7336,1.7336,0.0,-0.003528,2.5927,0.2038,2.5927,2.5927,0.0,-0.003109
nonb_086_nb,False Positive,1600,2.0321,0.4836,2.0321,2.0321,0.0,-0.008026,1.3927,0.3445,1.3927,1.3927,0.0,0.010327,2.0766,0.673,2.0766,2.0766,0.0,0.004856,1.3447,0.2699,1.3447,1.3447,0.0,-0.002259,1.3279,0.1278,1.3279,1.3279,0.0,-0.00024
nonb_087_nb,False Positive,1600,2.042,0.498,2.042,2.042,0.0,0.012715,1.8176,0.3408,1.8176,1.8176,0.0,0.007465,3.0636,1.0152,3.0636,3.0636,0.0,0.040475,1.0656,0.309,1.0656,1.0656,0.0,0.002647,1.4893,0.2339,1.4893,1.4893,0.0,0.009649
nonb_088_nb,False Positive,1600,4.0656,0.5481,4.0656,4.0656,0.0,-0.00992,2.0526,0.3915,2.0526,2.0526,0.0,0.000247,2.0376,0.4086,2.0376,2.0376,0.0,-0.006516,1.6635,0.3051,1.6635,1.6635,0.0,-0.000883,1.7097,0.1496,1.7097,1.7097,0.0,0.002025
nonb_089_nb,False Positive,1600,3.841,0.6129,3.841,3.841,0.0,0.015077,1.8759,0.4789,1.8759,1.8759,0.0,0.007525,2.764,0.8531,2.764,2.764,0.0,-0.018588,1.5758,0.2779,1.5758,1.5758,0.0,0.001088,1.648,0.127,1.648,1.648,0.0,0.000662
nonb_115_nb,False Positive,1600,2.5357,0.5759,2.5357,2.5357,0.0,0.013838,3.9379,0.7122,3.9379,3.9379,0.0,-0.011965,3.4746,0.7138,3.4746,3.4746,0.0,-0.021434,1.4539,0.3279,1.4539,1.4539,0.0,-0.001455,1.775,0.1438,1.775,1.775,0.0,-0.001204
nonb_116_nb,False Positive,1600,2.3895,0.585,2.3895,2.3895,0.0,-0.015367,1.6692,0.3687,1.6692,1.6692,0.0,0.009333,2.6207,1.0117,2.6207,2.6207,0.0,0.003182,2.7827,0.68,2.7827,2.7827,0.0,0.02663,1.7373,0.1628,1.7373,1.7373,0.0,0.001869
nonb_117_nb,False Positive,1600,1.7946,0.5083,1.7946,1.7946,0.0,0.015295,1.4663,0.6629,1.4663,1.4663,0.0,0.024671,2.0908,0.526,2.0908,2.0908,0.0,0.012379,1.6365,0.2637,1.6365,1.6365,0.0,0.005443,1.8603,0.1573,1.8603,1.8603,0.0,0.003572
