Sequence,Group,Gate (r84-90) mean (A),Gate (r84-90) SD (A),Latch (r114-118) mean (A),Latch (r114-118) SD (A),Lβ7α5 (r148-155) mean (A),Lβ7α5 (r148-155) SD (A),C-term α-helix (r154-166) mean (A),C-term α-helix (r154-166) SD (A)
seq16,Binder,0.3103,0.0525,0.3432,0.0621,0.6839,0.0759,0.431,0.1315
seq14,Binder,0.2811,0.0542,0.2676,0.0383,0.3398,0.0543,0.3379,0.0544
seq10,Binder,0.2861,0.0551,0.3174,0.0536,0.4932,0.1055,0.5536,0.1234
seq17,Binder,0.2911,0.0486,0.3216,0.064,0.955,0.2523,0.4226,0.1445
seq39,Binder,0.3661,0.0572,0.5592,0.1597,0.6838,0.1321,0.6095,0.1367
seq42,Binder,0.305,0.0553,0.798,0.4349,0.5454,0.1097,0.3298,0.0579
pair_3069_binder,Binder,0.37,0.0896,0.317,0.0358,1.012,0.302,0.5208,0.1386
pair_3070_binder,Binder,0.3181,0.0472,0.4024,0.1185,0.8451,0.1115,0.4987,0.1524
pair_3074_binder,Binder,0.3323,0.0676,0.3328,0.0642,1.296,0.2591,0.3238,0.0643
pair_3092_binder,Binder,0.3337,0.0492,0.3862,0.0707,0.8599,0.131,0.5777,0.2105
pair_3098_binder,Binder,0.3536,0.0624,0.4548,0.0902,0.616,0.1303,0.7749,0.3505
pair_3059_binder,Binder,0.396,0.0833,0.6206,0.1452,0.6751,0.1393,0.6375,0.1738
pair_3062_binder,Binder,0.3517,0.0672,0.4992,0.1242,0.703,0.1699,0.6168,0.1591
pair_3063_binder,Binder,0.3517,0.0672,0.4992,0.1242,0.703,0.1699,0.6168,0.1591
pair_3066_binder,Binder,0.2999,0.0503,0.4658,0.0561,0.8644,0.1364,0.4706,0.1037
pair_3067_binder,Binder,0.475,0.1329,0.4872,0.0684,0.713,0.1296,0.4535,0.1004
pair_3068_binder,Binder,0.3754,0.0893,0.3828,0.1045,0.6966,0.1376,0.4478,0.1468
pair_3071_binder,Binder,0.3441,0.0587,0.5012,0.1643,0.6519,0.1053,0.3344,0.0656
pair_3072_binder,Binder,0.3181,0.051,0.4112,0.0886,0.7055,0.1393,0.3654,0.0727
pair_3073_binder,Binder,0.3031,0.0546,0.443,0.1121,0.6852,0.0681,0.3758,0.0832
pair_3075_binder,Binder,0.3027,0.0476,0.3596,0.0715,1.3298,0.1098,0.5284,0.1434
pair_3076_binder,Binder,0.3359,0.0641,0.466,0.1276,0.702,0.114,0.4648,0.1113
pair_3077_binder,Binder,0.3053,0.0384,0.477,0.1036,0.7796,0.2103,0.4812,0.1426
pair_3078_binder,Binder,0.3254,0.0644,0.3412,0.0651,0.5435,0.0827,0.3152,0.0548
pair_3079_binder,Binder,0.3507,0.0603,0.7818,0.3282,0.6508,0.1209,0.517,0.1059
pair_3080_binder,Binder,0.37,0.0626,0.6564,0.2844,0.6672,0.1503,0.5743,0.1576
pair_3085_binder,Binder,0.2959,0.0368,0.3168,0.0905,0.634,0.1248,0.4125,0.1128
pair_3086_binder,Binder,0.2747,0.0499,0.307,0.0666,0.5051,0.1066,0.5492,0.1225
pair_3087_binder,Binder,0.3934,0.0821,0.507,0.0524,0.5131,0.0929,0.5714,0.1169
pair_3088_binder,Binder,0.3363,0.0444,0.3994,0.0485,0.724,0.1713,0.6044,0.1621
pair_3091_binder,Binder,0.3249,0.0581,0.3362,0.0439,0.858,0.1589,0.4888,0.1244
pair_3099_binder,Binder,0.3763,0.0864,0.319,0.0788,0.8985,0.1316,0.739,0.2267
pair_3100_binder,Binder,0.5734,0.1807,0.5656,0.1504,0.7777,0.1282,0.5565,0.2037
pair_3101_binder,Binder,0.3313,0.066,0.3792,0.0747,0.731,0.134,0.4066,0.0967
pair_3103_binder,Binder,0.3047,0.0538,0.3738,0.0691,0.7497,0.1405,0.4239,0.1034
pair_3104_binder,Binder,0.3101,0.0454,0.5214,0.2269,0.838,0.1461,0.4741,0.1255
pair_3108_binder,Binder,0.3106,0.0525,0.6236,0.1078,0.79,0.1313,0.4434,0.0968
seq1,False Positive,0.6089,0.1985,0.4228,0.1151,0.5166,0.103,0.6588,0.2128
seq2,False Positive,0.3843,0.0881,0.4572,0.0383,0.8274,0.1601,0.4388,0.1225
seq3,False Positive,1.1829,0.3715,0.7582,0.2025,0.8238,0.161,0.5385,0.1097
seq4,False Positive,0.7093,0.0975,0.386,0.116,0.8322,0.1435,0.5298,0.1372
seq5,False Positive,0.7166,0.1164,0.629,0.2103,0.7502,0.1647,0.6316,0.176
seq6,False Positive,0.4061,0.0803,0.4606,0.0377,0.6046,0.1119,0.3394,0.0659
seq7,False Positive,0.9764,0.4171,0.4438,0.0577,0.6665,0.1279,0.6365,0.1365
pair_0664_nb,False Positive,0.3604,0.0625,0.4686,0.0608,0.4258,0.0774,0.5688,0.174
pair_0777_nb,False Positive,0.4696,0.1269,0.3388,0.0905,0.525,0.0974,0.5236,0.2224
pair_0827_nb,False Positive,0.3056,0.0541,0.2386,0.0339,0.5049,0.0829,0.4515,0.1554
pair_1824_nb,False Positive,0.5967,0.0702,0.3866,0.0647,0.714,0.1428,0.3992,0.0848
pair_1939_nb,False Positive,0.3144,0.0558,0.4034,0.0872,0.7374,0.1621,0.5348,0.1164
pair_0052_nb,False Positive,0.547,0.1822,0.5042,0.0604,0.5834,0.1042,0.4208,0.1201
pair_0091_nb,False Positive,0.4149,0.0781,0.4432,0.1023,0.6455,0.1417,0.7142,0.1895
pair_0269_nb,False Positive,0.3127,0.0481,0.4008,0.1372,0.5918,0.1193,0.5787,0.2441
pair_0272_nb,False Positive,0.5253,0.1025,0.397,0.1146,0.6326,0.116,0.3391,0.0867
pair_0008_low_pkt,Low Confidence,0.5229,0.1115,0.4704,0.1582,0.6158,0.1339,0.3442,0.0776
pair_0393_low_pkt,Low Confidence,0.3404,0.0683,0.3998,0.0604,0.4998,0.0864,0.32,0.0689
pair_0482_low_pkt,Low Confidence,0.3796,0.0725,0.4672,0.1,1.2219,0.1729,0.4825,0.1424
pair_1331_low_pkt,Low Confidence,0.8134,0.2414,0.7168,0.2621,0.6001,0.0988,0.3107,0.0476
pair_1931_low_pkt,Low Confidence,0.3509,0.0534,0.3548,0.0632,0.5702,0.0913,0.2847,0.0706
pair_0715_fail_gate,Fail Geometry,0.6557,0.2603,0.3888,0.0903,0.7216,0.1102,0.3679,0.0884
pair_1094_fail_gate,Fail Geometry,0.7733,0.1538,0.4372,0.0581,0.5462,0.1225,0.5761,0.161
pair_1682_fail_gate,Fail Geometry,0.874,0.3648,0.4132,0.1461,0.7178,0.1569,0.6338,0.1899
pair_1739_fail_gate,Fail Geometry,0.3779,0.0793,0.3318,0.0209,0.6456,0.1603,0.5988,0.1167
pair_1941_fail_gate,Fail Geometry,0.3047,0.0503,0.4696,0.1074,0.581,0.1132,0.5672,0.1756
