Sequence,Group,Q69 RMSF (A),I134 RMSF (A),Y23 RMSF (A),K59 RMSF (A),R79 RMSF (A),I110 RMSF (A),G163 RMSF (A)
seq16_binder,Binder,3.314,2.382,1.289,0.582,0.511,0.639,0.617
seq14_binder,Binder,3.342,2.479,2.903,0.685,0.53,0.677,0.642
seq10_binder,Binder,3.414,2.665,1.608,0.798,0.718,0.878,0.981
seq17_binder,Binder,2.536,2.579,1.361,0.695,0.636,0.631,0.484
seq39_binder,Binder,3.794,2.3,2.39,0.707,0.598,0.681,0.986
seq42_binder,Binder,2.915,2.197,3.188,0.85,1.275,0.922,0.957
pair_3069_binder,Binder,2.839,3.675,1.367,1.187,0.647,0.811,1.005
pair_3070_binder,Binder,2.412,2.756,1.382,0.837,0.643,0.615,0.648
pair_3074_binder,Binder,2.879,2.832,2.833,0.778,0.7,0.646,0.774
pair_3092_binder,Binder,2.879,2.832,2.833,0.778,0.7,0.646,0.774
pair_3098_binder,Binder,4.163,2.871,2.555,0.909,1.546,0.818,0.682
pair_3059_nb,False Positive,2.382,2.782,1.136,0.953,0.642,1.211,1.656
pair_3062_binder,Binder,2.907,2.568,1.75,0.73,0.714,0.636,1.144
pair_3063_binder,Binder,2.692,3.247,1.133,1.791,1.246,0.869,1.339
pair_3066_binder,Binder,4.56,3.847,3.391,0.656,1.065,0.885,0.672
pair_3067_binder,Binder,3.456,2.658,2.283,0.656,0.714,0.806,0.814
pair_3068_binder,Binder,2.852,3.455,1.154,0.763,0.774,1.079,0.672
pair_3071_binder,Binder,2.687,3.279,1.09,0.855,0.538,0.64,0.672
pair_3072_binder,Binder,2.953,2.676,1.864,0.83,0.588,0.628,0.636
pair_3073_binder,Binder,3.799,2.849,1.031,0.874,0.875,0.913,0.655
pair_3075_binder,Binder,2.582,2.413,1.242,0.962,0.733,0.685,0.61
pair_3076_binder,Binder,2.633,2.893,2.773,0.693,0.668,0.744,0.995
pair_3077_binder,Binder,3.182,2.618,1.318,0.948,0.753,0.73,0.704
pair_3078_binder,Binder,2.766,2.73,3.843,0.841,0.586,0.619,1.221
pair_3079_binder,Binder,2.584,3.1,3.783,0.591,0.57,0.679,0.528
pair_3080_binder,Binder,3.173,2.466,1.523,0.772,0.853,0.87,1.058
pair_3085_binder,Binder,2.689,3.68,1.369,1.054,0.821,0.789,1.282
pair_3086_binder,Binder,2.837,2.663,0.882,0.804,0.655,0.643,1.104
pair_3087_binder,Binder,3.233,3.283,1.565,0.917,0.741,0.626,0.856
pair_3088_binder,Binder,2.551,3.014,1.354,1.031,0.738,0.833,0.829
pair_3091_binder,Binder,3.148,2.889,1.042,0.611,0.663,0.731,0.604
pair_3099_binder,Binder,5.292,2.823,1.305,1.026,0.973,0.752,1.218
pair_3100_binder,Binder,2.863,2.525,2.661,0.662,0.494,0.699,0.694
pair_3101_binder,Binder,2.765,2.679,2.321,0.824,0.584,0.737,1.193
pair_3103_binder,Binder,4.836,2.954,3.081,0.791,0.659,0.833,1.107
pair_3104_binder,Binder,3.205,2.675,2.785,0.903,0.648,0.612,0.806
pair_3108_binder,Binder,4.559,3.753,1.448,0.994,0.66,0.821,0.951
seq1_nb,False Positive,3.253,3.377,1.084,1.619,1.941,0.698,1.08
seq2_nb,False Positive,2.907,3.591,1.008,0.896,1.034,0.814,0.655
seq3_nb,False Positive,3.907,4.646,0.778,1.164,0.878,0.902,0.819
seq4_nb,False Positive,4.633,3.289,1.172,1.051,0.618,0.859,0.823
seq5_nb,False Positive,5.655,3.17,0.889,1.223,0.92,0.879,0.88
seq6_nb,False Positive,2.467,2.77,1.916,0.906,0.781,0.691,1.008
seq7_nb,False Positive,2.66,2.775,2.102,1.021,0.567,0.767,0.669
pair_0052_nb,False Positive,3.186,2.601,0.909,0.511,0.639,0.708,1.129
pair_0091_nb,False Positive,2.58,2.472,0.877,0.617,1.036,0.861,1.062
pair_0246_nb,False Positive,3.667,4.846,1.59,1.296,1.669,0.948,1.801
pair_0269_nb,False Positive,4.268,2.189,1.166,0.838,0.677,0.603,0.879
pair_0272_nb,False Positive,3.018,3.334,1.039,0.835,1.244,0.732,1.018
pair_0276_nb,False Positive,2.823,3.808,1.453,0.872,1.08,0.923,1.282
pair_0288_nb,False Positive,2.551,3.658,1.959,0.747,0.945,0.969,1.256
pair_0351_nb,False Positive,3.339,2.701,1.217,1.139,1.873,0.788,1.66
pair_0502_nb,False Positive,4.297,3.445,1.585,1.245,2.25,0.691,0.83
pair_0506_nb,False Positive,2.159,2.679,1.66,1.408,0.519,0.81,1.018
pair_0647_nb,False Positive,2.701,2.688,1.348,0.755,0.559,0.607,1.163
pair_0777_nb,False Positive,2.385,2.553,0.748,0.637,0.584,0.661,0.839
pair_0827_nb,False Positive,2.403,2.926,1.24,0.672,0.544,0.612,1.354
pair_1824_nb,False Positive,3.004,2.854,0.824,0.731,0.748,0.812,0.76
pair_1939_nb,False Positive,4.359,2.84,1.159,1.019,1.81,0.922,1.425
pair_0822_nb,False Positive,2.5,2.725,3.791,0.699,0.471,0.816,0.969
pair_0865_nb,False Positive,3.585,2.368,1.67,0.637,0.732,0.932,0.689
pair_0867_nb,False Positive,4.557,3.971,1.044,1.962,1.893,0.833,1.115
pair_1860_nb,False Positive,2.823,2.935,0.975,1.223,0.607,0.85,1.152
pair_1965_nb,False Positive,3.053,2.45,1.293,0.785,1.151,0.721,1.103
pair_0341_nb,False Positive,4.211,4.027,1.347,1.096,1.13,1.129,0.973
pair_0450_nb,False Positive,3.201,2.646,1.057,2.228,0.644,0.772,1.193
pair_0549_nb,False Positive,4.369,4.379,1.293,0.706,1.556,0.887,1.749
pair_0567_nb,False Positive,3.499,3.04,1.372,1.459,2.443,0.858,1.54
pair_0584_nb,False Positive,2.994,2.786,1.217,0.756,0.488,0.818,1.301
pair_0602_nb,False Positive,2.873,2.71,1.1,0.859,0.678,0.663,1.365
pair_0684_nb,False Positive,2.338,2.65,1.187,0.846,0.623,0.872,1.216
pair_0736_nb,False Positive,3.533,3.025,1.301,1.254,0.909,1.017,1.023
pair_0748_nb,False Positive,2.167,2.821,0.894,0.593,0.581,0.78,0.904
pair_0765_nb,False Positive,2.425,2.324,1.282,0.9,0.499,0.56,1.175
pair_0776_nb,False Positive,4.263,3.728,1.15,0.674,0.909,0.731,1.019
pair_0782_nb,False Positive,2.522,2.489,1.527,0.696,0.538,1.062,1.199
pair_0811_nb,False Positive,2.903,3.241,1.054,0.978,1.2,1.08,1.374
pair_0868_nb,False Positive,2.641,2.746,0.925,0.664,0.868,0.733,0.666
pair_0876_nb,False Positive,5.002,2.736,0.932,0.641,1.105,0.812,0.793
pair_0878_nb,False Positive,2.838,2.657,0.832,0.859,0.601,1.031,1.538
pair_0883_nb,False Positive,4.071,2.599,3.263,0.959,0.818,0.785,1.119
pair_0891_nb,False Positive,2.462,2.954,0.938,1.047,0.824,1.262,1.393
pair_0908_nb,False Positive,3.327,2.804,1.7,0.742,0.536,0.984,1.077
pair_0932_nb,False Positive,2.744,2.719,1.708,0.661,0.758,0.7,0.641
pair_0940_nb,False Positive,2.12,2.689,0.973,0.95,0.653,0.673,1.036
pair_0974_nb,False Positive,3.577,2.846,0.921,0.65,1.211,0.872,0.775
pair_0977_nb,False Positive,3.655,4.03,0.965,0.947,0.684,0.981,0.81
pair_1011_nb,False Positive,2.582,2.76,3.699,1.071,0.645,0.982,1.173
pair_1023_nb,False Positive,2.25,3.434,1.14,1.029,0.497,0.916,1.184
pair_1102_nb,False Positive,3.76,3.378,0.941,1.469,1.627,0.714,1.725
pair_1313_nb,False Positive,2.661,3.093,1.065,1.018,0.733,0.799,1.231
pair_1397_nb,False Positive,3.52,2.333,2.601,0.824,1.372,0.984,0.799
pair_1654_nb,False Positive,2.562,2.904,2.913,0.678,0.561,0.734,1.166
pair_1656_nb,False Positive,2.831,2.594,3.04,0.672,0.522,0.658,1.014
pair_1658_nb,False Positive,2.868,3.317,1.51,0.835,0.598,0.833,1.283
pair_1671_nb,False Positive,2.611,3.795,1.932,1.34,0.571,0.822,1.128
pair_1679_nb,False Positive,3.042,2.824,0.936,1.468,1.265,0.862,1.205
pair_1709_nb,False Positive,2.774,2.796,0.782,0.792,2.446,1.219,0.903
pair_1710_nb,False Positive,3.286,2.134,1.087,1.101,0.641,0.803,1.212
pair_1737_nb,False Positive,2.413,2.731,1.542,0.974,0.697,0.689,0.754
pair_1758_nb,False Positive,2.428,2.765,1.039,0.896,0.526,0.722,1.357
pair_1784_nb,False Positive,3.249,2.477,1.243,0.85,1.802,0.918,0.797
pair_1785_nb,False Positive,2.078,2.885,1.675,0.863,0.752,0.765,1.01
pair_1792_nb,False Positive,2.66,3.66,0.82,1.778,0.695,0.783,1.123
pair_1835_nb,False Positive,3.376,1.849,1.193,0.639,1.427,0.813,0.764
pair_1847_nb,False Positive,2.629,2.709,1.249,1.43,1.028,1.323,1.547
pair_1914_nb,False Positive,2.425,4.215,1.776,0.836,0.717,0.78,1.056
pair_1922_nb,False Positive,3.071,3.224,0.94,0.789,0.723,0.63,0.819
pair_1938_nb,False Positive,2.996,2.947,3.904,0.732,0.789,0.783,1.377
pair_1961_nb,False Positive,4.631,3.556,1.131,0.872,2.224,1.018,0.916
pair_0008_low_pkt,Low Confidence,3.649,3.11,1.305,1.014,0.53,0.732,1.206
pair_0393_low_pkt,Low Confidence,4.517,2.48,0.901,1.158,0.841,0.702,0.641
pair_0482_low_pkt,Low Confidence,3.71,2.346,2.72,0.851,1.919,1.747,1.302
pair_0482_nb,False Positive,4.171,3.423,2.057,0.922,0.62,1.192,2.512
pair_1331_low_pkt,Low Confidence,4.67,3.498,0.77,0.837,0.891,1.451,1.031
pair_1931_low_pkt,Low Confidence,4.729,2.68,0.849,0.698,0.543,0.661,1.042
pair_0065_low_pkt,Low Confidence,2.874,2.979,0.934,1.834,0.715,0.935,2.054
pair_0947_low_pkt,Low Confidence,2.94,3.253,1.049,0.682,0.559,0.613,1.619
pair_0948_low_pkt,Low Confidence,2.778,2.933,1.15,1.007,0.579,0.939,1.18
pair_1413_low_pkt,Low Confidence,2.821,2.5,1.497,0.968,0.582,1.06,1.622
pair_0715_fail_gate,Fail Geometry,2.891,2.927,1.081,0.615,0.683,0.882,0.913
pair_1094_fail_gate,Fail Geometry,2.838,2.734,1.647,1.122,0.567,1.299,1.572
pair_1682_fail_gate,Fail Geometry,2.657,2.486,1.251,1.013,0.535,0.908,1.247
pair_1739_fail_gate,Fail Geometry,2.663,2.733,1.021,0.858,0.72,0.646,1.547
pair_1941_fail_gate,Fail Geometry,3.254,3.459,0.855,0.723,1.733,0.747,1.168
pair_0014_fail_gate,Fail Geometry,3.011,3.848,0.812,1.326,0.588,1.027,1.463
pair_0263_fail_gate,Fail Geometry,2.93,1.825,1.124,0.573,0.548,0.718,0.641
pair_0540_fail_gate,Fail Geometry,3.991,2.5,1.345,0.86,1.254,0.612,1.002
pair_0997_fail_gate,Fail Geometry,3.287,2.983,3.618,0.834,0.697,0.735,0.829
pair_1745_fail_gate,Fail Geometry,2.232,2.897,0.743,0.68,0.448,0.686,0.75
bind_019_binder,Binder,3.714,2.757,1.027,0.781,0.557,0.781,0.615
bind_020_binder,Binder,4.042,2.824,1.195,0.813,0.941,0.879,1.066
bind_022_binder,Binder,2.553,2.545,2.336,0.759,0.491,0.65,0.731
bind_034_binder,Binder,3.0,3.23,0.817,0.922,0.66,0.7,0.855
bind_041_binder,Binder,3.474,3.346,1.783,1.729,1.122,0.802,1.073
bind_043_binder,Binder,2.891,2.565,4.622,1.018,0.746,0.683,0.757
bind_069_binder,Binder,2.894,3.024,0.783,0.935,0.435,0.679,1.191
bind_076_binder,Binder,5.085,2.786,1.162,0.76,1.334,0.863,0.777
bind_080_binder,Binder,3.035,2.872,1.09,0.967,0.613,0.68,0.651
bind_083_binder,Binder,2.969,2.794,0.948,0.911,1.088,0.752,1.543
bind_088_binder,Binder,2.784,2.795,0.831,0.618,0.552,1.192,0.839
bind_099_binder,Binder,3.973,2.921,1.492,0.726,0.739,0.677,1.124
bind_100_binder,Binder,2.457,2.931,1.094,1.16,0.914,0.78,0.924
bind_101_binder,Binder,3.618,2.561,0.861,0.793,0.673,0.827,0.791
bind_102_binder,Binder,3.163,3.085,3.207,0.701,1.649,0.753,0.922
bind_110_binder,Binder,2.99,2.914,1.02,0.963,1.194,0.685,1.426
pair_3061_binder,Binder,2.616,2.797,1.042,1.061,0.664,0.733,1.044
nonb_006_nb,False Positive,2.975,2.752,0.768,0.687,0.619,0.828,0.596
nonb_008_nb,False Positive,2.224,2.632,1.769,0.666,0.451,0.703,1.267
nonb_009_nb,False Positive,3.892,2.847,0.803,0.724,1.472,0.736,1.252
nonb_010_nb,False Positive,2.468,3.553,1.139,0.591,0.475,0.892,0.966
nonb_011_nb,False Positive,2.803,2.666,3.83,0.748,0.97,0.641,0.934
nonb_013_nb,False Positive,3.34,2.563,0.819,1.022,0.751,0.656,0.745
nonb_014_nb,False Positive,2.587,2.965,0.906,0.647,0.484,0.598,0.763
nonb_017_nb,False Positive,2.717,2.65,1.127,1.238,0.786,0.753,1.363
nonb_018_nb,False Positive,3.316,2.66,0.822,0.768,1.344,0.695,0.626
nonb_019_nb,False Positive,4.347,2.434,0.817,1.209,1.706,0.695,0.663
nonb_021_nb,False Positive,2.916,2.809,1.077,0.809,1.099,0.708,0.848
nonb_022_nb,False Positive,2.211,2.496,1.469,1.33,0.743,0.664,1.03
nonb_023_nb,False Positive,3.717,2.448,3.256,0.84,0.695,0.652,0.623
nonb_024_nb,False Positive,2.858,3.342,1.052,0.593,0.595,0.673,0.981
nonb_025_nb,False Positive,5.712,2.97,0.983,0.754,0.769,0.759,1.04
nonb_026_nb,False Positive,2.486,2.946,1.21,0.732,0.516,1.039,1.17
nonb_029_nb,False Positive,3.194,2.616,1.865,0.849,1.262,0.684,0.936
nonb_032_nb,False Positive,4.604,2.511,0.835,0.784,0.631,0.705,0.744
nonb_046_nb,False Positive,3.854,3.372,2.124,0.683,0.735,0.647,0.779
nonb_047_nb,False Positive,3.055,2.959,0.96,0.636,0.598,0.657,0.995
nonb_048_nb,False Positive,4.581,5.679,1.088,1.38,1.048,0.762,0.98
nonb_049_nb,False Positive,5.604,2.457,1.336,0.597,0.638,0.627,0.794
nonb_050_nb,False Positive,5.481,2.279,1.343,0.744,0.655,0.695,0.854
nonb_051_nb,False Positive,3.418,2.575,1.16,1.285,0.672,0.707,1.028
nonb_052_nb,False Positive,3.15,3.455,1.206,1.407,0.802,0.644,0.867
nonb_053_nb,False Positive,4.623,2.974,1.052,0.675,1.524,0.724,1.023
nonb_054_nb,False Positive,5.353,2.691,3.116,1.188,0.859,0.767,0.616
nonb_056_nb,False Positive,3.282,2.654,0.735,1.269,0.585,0.799,1.247
nonb_066_nb,False Positive,4.51,3.073,2.371,1.024,0.87,0.772,1.394
nonb_067_nb,False Positive,2.635,2.899,0.968,0.519,0.454,0.652,0.716
nonb_068_nb,False Positive,4.27,2.978,1.921,0.712,0.629,0.829,0.87
nonb_071_nb,False Positive,4.969,2.847,1.289,0.996,0.669,0.664,1.505
nonb_072_nb,False Positive,2.665,2.449,1.5,0.581,0.523,1.29,0.664
nonb_073_nb,False Positive,5.079,3.663,1.388,3.587,1.208,0.988,1.285
nonb_074_nb,False Positive,3.759,2.942,3.236,1.204,0.718,0.712,0.958
nonb_075_nb,False Positive,2.75,2.336,1.321,0.949,0.683,0.826,1.38
nonb_080_nb,False Positive,3.791,3.272,0.872,0.867,1.352,0.823,0.859
nonb_081_nb,False Positive,3.615,2.776,1.2,0.555,0.536,0.574,1.12
nonb_082_nb,False Positive,3.43,2.776,1.434,0.684,0.597,0.898,0.988
nonb_085_nb,False Positive,3.719,3.17,1.932,0.718,0.816,0.77,0.931
nonb_086_nb,False Positive,4.84,3.331,1.172,1.012,0.898,0.923,1.027
nonb_087_nb,False Positive,2.531,2.525,0.855,0.616,0.532,0.734,0.983
nonb_088_nb,False Positive,4.072,2.667,0.679,0.627,0.61,0.823,0.621
nonb_089_nb,False Positive,3.141,2.54,2.936,0.612,0.539,0.807,0.608
nonb_115_nb,False Positive,3.412,2.872,0.9,0.745,0.949,0.806,0.644
nonb_116_nb,False Positive,1.966,2.522,1.014,1.764,0.666,0.986,3.447
nonb_117_nb,False Positive,3.02,3.0,0.961,1.242,0.661,0.927,1.376
